2026-05-13 09:29:08.313+0000 INFO  [o.n.g.f.m.GlobalModule] Logging config in use: File 'E:\environment\neo4j-community-5.26.26\conf\server-logs.xml'
2026-05-13 09:29:08.741+0000 WARN  [o.n.i.p.PageCache] Reflection access to java.nio.DirectByteBuffer is not available, using fallback mode. This could have negative impact on performance and memory usage. Consider adding --add-opens=java.base/java.nio=ALL-UNNAMED to VM options.
2026-05-13 09:29:09.031+0000 ERROR [o.n.i.d.DiagnosticsManager] Failure while logging diagnostics for LIBRARY_PATH
java.nio.file.InvalidPathException: Illegal char <"> at index 0: "E:\environment\jdk21\jre\bin
	at java.base/sun.nio.fs.WindowsPathParser.normalize(WindowsPathParser.java:204)
	at java.base/sun.nio.fs.WindowsPathParser.parse(WindowsPathParser.java:175)
	at java.base/sun.nio.fs.WindowsPathParser.parse(WindowsPathParser.java:77)
	at java.base/sun.nio.fs.WindowsPath.parse(WindowsPath.java:92)
	at java.base/sun.nio.fs.WindowsFileSystem.getPath(WindowsFileSystem.java:231)
	at java.base/java.nio.file.Path.of(Path.java:148)
	at org.neo4j.kernel.diagnostics.providers.SystemDiagnostics.canonicalize(SystemDiagnostics.java:270)
	at org.neo4j.kernel.diagnostics.providers.SystemDiagnostics$6.dump(SystemDiagnostics.java:185)
	at org.neo4j.internal.diagnostics.DiagnosticsManager.dump(DiagnosticsManager.java:49)
	at org.neo4j.kernel.diagnostics.providers.DbmsDiagnosticsManager.lambda$dumpSystemDiagnostics$7(DbmsDiagnosticsManager.java:158)
	at org.neo4j.kernel.diagnostics.providers.DbmsDiagnosticsManager.dumpAsSingleMessageWithPrefix(DbmsDiagnosticsManager.java:231)
	at org.neo4j.kernel.diagnostics.providers.DbmsDiagnosticsManager.dumpAsSingleMessage(DbmsDiagnosticsManager.java:217)
	at org.neo4j.kernel.diagnostics.providers.DbmsDiagnosticsManager.dumpSystemDiagnostics(DbmsDiagnosticsManager.java:152)
	at org.neo4j.kernel.diagnostics.providers.DbmsDiagnosticsManager.dumpSystemDiagnostics(DbmsDiagnosticsManager.java:79)
	at org.neo4j.graphdb.factory.module.GlobalModule.<init>(GlobalModule.java:249)
	at org.neo4j.graphdb.facade.DatabaseManagementServiceFactory.createGlobalModule(DatabaseManagementServiceFactory.java:325)
	at org.neo4j.graphdb.facade.DatabaseManagementServiceFactory.build(DatabaseManagementServiceFactory.java:144)
	at org.neo4j.server.CommunityBootstrapper.createNeo(CommunityBootstrapper.java:38)
	at org.neo4j.server.NeoBootstrapper.start(NeoBootstrapper.java:185)
	at org.neo4j.server.NeoBootstrapper.start(NeoBootstrapper.java:100)
	at org.neo4j.server.CommunityEntryPoint.main(CommunityEntryPoint.java:30)
2026-05-13 09:29:09.117+0000 INFO  [o.n.i.d.DiagnosticsManager] 
                                                                ********************************************************************************
                                                                                             [ System diagnostics ]                             
                                                                ********************************************************************************
2026-05-13 09:29:09.117+0000 INFO  [o.n.i.d.DiagnosticsManager] 
                                                                --------------------------------------------------------------------------------
                                                                                         [ System memory information ]                          
                                                                --------------------------------------------------------------------------------
                                                                Total Physical memory: 15.78GiB
                                                                Free Physical memory: 3.216GiB
                                                                Committed virtual memory: 675.4MiB
                                                                Total swap space: 37.78GiB
                                                                Free swap space: 14.69GiB
                                                                
2026-05-13 09:29:09.117+0000 INFO  [o.n.i.d.DiagnosticsManager] 
                                                                --------------------------------------------------------------------------------
                                                                                           [ JVM memory information ]                           
                                                                --------------------------------------------------------------------------------
                                                                Free  memory: 486.0MiB
                                                                Total memory: 512.0MiB
                                                                Max   memory: 512.0MiB
                                                                Garbage Collector: G1 Young Generation: [G1 Eden Space, G1 Survivor Space, G1 Old Gen]
                                                                Garbage Collector: G1 Concurrent GC: [G1 Old Gen]
                                                                Garbage Collector: G1 Old Generation: [G1 Eden Space, G1 Survivor Space, G1 Old Gen]
                                                                Memory Pool: CodeHeap 'non-nmethods' (Non-heap memory): committed=3.250MiB, used=3.147MiB, max=7.313MiB, threshold=0B
                                                                Memory Pool: Metaspace (Non-heap memory): committed=22.00MiB, used=21.72MiB, max=-1B, threshold=0B
                                                                Memory Pool: CodeHeap 'profiled nmethods' (Non-heap memory): committed=5.375MiB, used=5.318MiB, max=116.3MiB, threshold=0B
                                                                Memory Pool: Compressed Class Space (Non-heap memory): committed=2.375MiB, used=2.246MiB, max=1.000GiB, threshold=0B
                                                                Memory Pool: G1 Eden Space (Heap memory): committed=317.0MiB, used=5.000MiB, max=-1B, threshold=?
                                                                Memory Pool: G1 Old Gen (Heap memory): committed=189.0MiB, used=14.29MiB, max=512.0MiB, threshold=0B
                                                                Memory Pool: G1 Survivor Space (Heap memory): committed=6.000MiB, used=5.691MiB, max=-1B, threshold=?
                                                                Memory Pool: CodeHeap 'non-profiled nmethods' (Non-heap memory): committed=2.438MiB, used=1.265MiB, max=116.4MiB, threshold=0B
                                                                
2026-05-13 09:29:09.117+0000 INFO  [o.n.i.d.DiagnosticsManager] 
                                                                --------------------------------------------------------------------------------
                                                                                        [ Operating system information ]                        
                                                                --------------------------------------------------------------------------------
                                                                Operating System: Windows 11; version: 10.0; arch: amd64; cpus: 16
                                                                Process id: 32840
                                                                Byte order: LITTLE_ENDIAN
                                                                Local timezone: Asia/Shanghai
                                                                Memory page size: 4096
                                                                Unaligned memory access allowed: true
                                                                
2026-05-13 09:29:09.117+0000 INFO  [o.n.i.d.DiagnosticsManager] 
                                                                --------------------------------------------------------------------------------
                                                                                              [ JVM information ]                               
                                                                --------------------------------------------------------------------------------
                                                                VM Name: Java HotSpot(TM) 64-Bit Server VM
                                                                VM Vendor: Oracle Corporation
                                                                VM Version: 21.0.7+8-LTS-245
                                                                JIT compiler: HotSpot 64-Bit Tiered Compilers
                                                                VM Arguments: [-Dfile.encoding=UTF-8, -Xms524288k, -Xmx524288k]
                                                                
2026-05-13 09:29:09.117+0000 INFO  [o.n.i.d.DiagnosticsManager] 

                                                                --------------------------------------------------------------------------------
                                                                                               [ Java classpath ]                               
                                                                --------------------------------------------------------------------------------
                                                                 [classpath] E:\environment\neo4j-community-5.26.26\lib\neo4j-import-util-5.26.26.jar
                                                                 [classpath] E:\environment\neo4j-community-5.26.26\lib\jaxb-api-2.2.12.jar
                                                                 [classpath] E:\environment\neo4j-community-5.26.26\lib\jetty-http2-common-12.1.8.jar
                                                                 [classpath] E:\environment\neo4j-community-5.26.26\lib\neo4j-bolt-connection-routed-11.0.1.jar
                                                                 [classpath] E:\environment\neo4j-community-5.26.26\lib\jettison-1.5.4.jar
                                                                 [classpath] E:\environment\neo4j-community-5.26.26\lib\neo4j-procedure-api-5.26.26.jar
                                                                 [classpath] E:\environment\neo4j-community-5.26.26\lib\shiro-core-2.1.0.jar
                                                                 [classpath] E:\environment\neo4j-community-5.26.26\lib\neo4j-resource-5.26.26.jar
                                                                 [classpath] E:\environment\neo4j-community-5.26.26\lib\jetty-http2-hpack-12.1.8.jar
                                                                 [classpath] E:\environment\neo4j-community-5.26.26\lib\neo4j-unsafe-5.26.26.jar
                                                                 [classpath] E:\environment\neo4j-community-5.26.26\lib\jPowerShell-3.0.jar
                                                                 [classpath] E:\environment\neo4j-community-5.26.26\lib\jline-terminal-3.21.0.jar
                                                                 [classpath] E:\environment\neo4j-community-5.26.26\lib\neo4j-cypher-physical-planning-5.26.26.jar
                                                                 [classpath] E:\environment\neo4j-community-5.26.26\lib\netty-transport-native-unix-common-4.1.133.Final.jar
                                                                 [classpath] E:\environment\neo4j-community-5.26.26\lib\jackson-jaxrs-json-provider-2.21.1.jar
                                                                 [classpath] E:\environment\neo4j-community-5.26.26\lib\shiro-crypto-core-2.1.0.jar
                                                                 [classpath] E:\environment\neo4j-community-5.26.26\lib\neo4j-cypher-javacc-parser-5.26.26.jar
                                                                 [classpath] E:\environment\neo4j-community-5.26.26\lib\jProcesses-1.6.5.jar
                                                                 [classpath] E:\environment\neo4j-community-5.26.26\lib\neo4j-import-tool-5.26.26.jar
                                                                 [classpath] E:\environment\neo4j-community-5.26.26\lib\commons-codec-1.17.1.jar
                                                                 [classpath] E:\environment\neo4j-community-5.26.26\lib\jackson-module-jaxb-annotations-2.21.1.jar
                                                                 [classpath] E:\environment\neo4j-community-5.26.26\lib\argparse4j-0.9.0.jar
                                                                 [classpath] E:\environment\neo4j-community-5.26.26\lib\istack-commons-runtime-3.0.8.jar
                                                                 [classpath] E:\environment\neo4j-community-5.26.26\lib\neo4j-logging-5.26.26.jar
                                                                 [classpath] E:\environment\neo4j-community-5.26.26\lib\cypher-v25-ast-factory-5.26.26.jar
                                                                 [classpath] E:\environment\neo4j-community-5.26.26\lib\netty-handler-4.1.133.Final.jar
                                                                 [classpath] E:\environment\neo4j-community-5.26.26\lib\jersey-server-2.46.jar
                                                                 [classpath] E:\environment\neo4j-community-5.26.26\lib\neo4j-import-api-5.26.26.jar
                                                                 [classpath] E:\environment\neo4j-community-5.26.26\lib\neo4j-cypher-config-5.26.26.jar
                                                                 [classpath] E:\environment\neo4j-community-5.26.26\lib\neo4j-kernel-api-5.26.26.jar
                                                                 [classpath] E:\environment\neo4j-community-5.26.26\lib\neo4j-cypher-runtime-util-5.26.26.jar
                                                                 [classpath] E:\environment\neo4j-community-5.26.26\lib\neo4j-common-5.26.26.jar
                                                                 [classpath] E:\environment\neo4j-community-5.26.26\lib\commons-text-1.12.0.jar
                                                                 [classpath] E:\environment\neo4j-community-5.26.26\lib\zstd-jni-1.5.6-6.jar
                                                                 [classpath] E:\environment\neo4j-community-5.26.26\lib\lucene-backward-codecs-9.11.1.jar
                                                                 [classpath] E:\environment\neo4j-community-5.26.26\lib\parquet-floor-1.62.jar
                                                                 [classpath] E:\environment\neo4j-community-5.26.26\lib\neo4j-graphdb-api-5.26.26.jar
                                                                 [classpath] E:\environment\neo4j-community-5.26.26\lib\neo4j-csv-5.26.26.jar
                                                                 [classpath] E:\environment\neo4j-community-5.26.26\lib\kiama_2.13-2.5.1.jar
                                                                 [classpath] E:\environment\neo4j-community-5.26.26\lib\hk2-utils-2.6.1.jar
                                                                 [classpath] E:\environment\neo4j-community-5.26.26\lib\FastInfoset-1.2.16.jar
                                                                 [classpath] E:\environment\neo4j-community-5.26.26\lib\neo4j-query-router-5.26.26.jar
                                                                 [classpath] E:\environment\neo4j-community-5.26.26\lib\scala-library-2.13.11.jar
                                                                 [classpath] E:\environment\neo4j-community-5.26.26\lib\neo4j-cypher-ir-5.26.26.jar
                                                                 [classpath] E:\environment\neo4j-community-5.26.26\lib\netty-resolver-4.1.133.Final.jar
                                                                 [classpath] E:\environment\neo4j-community-5.26.26\lib\caffeine-3.1.8.jar
2026-05-13 09:29:09.117+0000 INFO  [o.n.i.d.DiagnosticsManager] 
                                                                 [classpath] E:\environment\neo4j-community-5.26.26\lib\commons-io-2.17.0.jar
                                                                 [classpath] E:\environment\neo4j-community-5.26.26\lib\neo4j-procedure-5.26.26.jar
                                                                 [classpath] E:\environment\neo4j-community-5.26.26\lib\jakarta.activation-api-1.2.2.jar
                                                                 [classpath] E:\environment\neo4j-community-5.26.26\lib\jetty-session-12.1.8.jar
                                                                 [classpath] E:\environment\neo4j-community-5.26.26\lib\neo4j-data-collector-5.26.26.jar
                                                                 [classpath] E:\environment\neo4j-community-5.26.26\lib\jline-terminal-jansi-3.21.0.jar
                                                                 [classpath] E:\environment\neo4j-community-5.26.26\lib\neo4j-dbms-5.26.26.jar
                                                                 [classpath] E:\environment\neo4j-community-5.26.26\lib\javassist-3.30.2-GA.jar
                                                                 [classpath] E:\environment\neo4j-community-5.26.26\lib\shiro-crypto-hash-2.1.0.jar
                                                                 [classpath] E:\environment\neo4j-community-5.26.26\lib\shiro-hashes-argon2-2.1.0.jar
                                                                 [classpath] E:\environment\neo4j-community-5.26.26\lib\neo4j-slf4j-provider-5.26.26.jar
                                                                 [classpath] E:\environment\neo4j-community-5.26.26\lib\neo4j-lock-5.26.26.jar
                                                                 [classpath] E:\workspacce\AI\ai_kefu\local_services\*
                                                                 [classpath] E:\environment\neo4j-community-5.26.26\lib\neo4j-cloud-5.26.26.jar
                                                                 [classpath] E:\environment\neo4j-community-5.26.26\lib\neo4j-cypher-interpreted-runtime-5.26.26.jar
                                                                 [classpath] E:\environment\neo4j-community-5.26.26\lib\neo4j-push-to-cloud-5.26.26.jar
                                                                 [classpath] E:\environment\neo4j-community-5.26.26\lib\jctools-core-4.0.5.jar
                                                                 [classpath] E:\environment\neo4j-community-5.26.26\lib\txw2-2.3.2.jar
                                                                 [classpath] E:\environment\neo4j-community-5.26.26\lib\commons-configuration2-2.11.0.jar
                                                                 [classpath] E:\environment\neo4j-community-5.26.26\lib\neo4j-native-5.26.26.jar
                                                                 [classpath] E:\environment\neo4j-community-5.26.26\lib\neo4j-expressions-5.26.26.jar
                                                                 [classpath] E:\environment\neo4j-community-5.26.26\lib\neo4j-consistency-check-5.26.26.jar
                                                                 [classpath] E:\environment\neo4j-community-5.26.26\lib\netty-transport-native-epoll-4.1.133.Final-linux-aarch_64.jar
                                                                 [classpath] E:\environment\neo4j-community-5.26.26\lib\neo4j-notifications-5.26.26.jar
                                                                 [classpath] E:\environment\neo4j-community-5.26.26\lib\neo4j-exceptions-5.26.26.jar
                                                                 [classpath] E:\environment\neo4j-community-5.26.26\lib\neo4j-values-5.26.26.jar
                                                                 [classpath] E:\environment\neo4j-community-5.26.26\lib\neo4j-ssl-5.26.26.jar
                                                                 [classpath] E:\environment\neo4j-community-5.26.26\lib\jakarta.annotation-api-1.3.5.jar
                                                                 [classpath] E:\environment\neo4j-community-5.26.26\lib\neo4j-wal-5.26.26.jar
                                                                 [classpath] E:\environment\neo4j-community-5.26.26\lib\jline-reader-3.21.0.jar
                                                                 [classpath] E:\environment\neo4j-community-5.26.26\lib\annotations-5.26.26.jar
                                                                 [classpath] E:\environment\neo4j-community-5.26.26\lib\neo4j-fulltext-index-5.26.26.jar
                                                                 [classpath] E:\environment\neo4j-community-5.26.26\lib\lucene-core-9.11.1.jar
                                                                 [classpath] E:\environment\neo4j-community-5.26.26\lib\neo4j-token-api-5.26.26.jar
                                                                 [classpath] E:\environment\neo4j-community-5.26.26\lib\parquet-column-1.17.0.jar
                                                                 [classpath] E:\environment\neo4j-community-5.26.26\lib\neo4j-io-5.26.26.jar
                                                                 [classpath] E:\environment\neo4j-community-5.26.26\lib\jackson-jaxrs-base-2.21.1.jar
                                                                 [classpath] E:\environment\neo4j-community-5.26.26\lib\neo4j-codegen-5.26.26.jar
                                                                 [classpath] E:\environment\neo4j-community-5.26.26\lib\jetty-ee8-security-12.1.8.jar
                                                                 [classpath] E:\environment\neo4j-community-5.26.26\lib\jetty-util-12.1.8.jar
                                                                 [classpath] E:\environment\neo4j-community-5.26.26\lib\jetty-http-12.1.8.jar
                                                                 [classpath] E:\environment\neo4j-community-5.26.26\lib\neo4j-fabric-5.26.26.jar
                                                                 [classpath] E:\environment\neo4j-community-5.26.26\lib\antlr4-runtime-4.13.2.jar
                                                                 [classpath] E:\environment\neo4j-community-5.26.26\lib\neo4j-kernel-5.26.26.jar
                                                                 [classpath] E:\environment\neo4j-community-5.26.26\lib\jackson-annotations-2.21.jar
                                                                 [classpath] E:\environment\neo4j-community-5.26.26\lib\scala-collection-contrib_2.13-0.3.0.jar
                                                                 [classpath] E:\environment\neo4j-community-5.26.26\lib\jersey-container-servlet-2.46.jar
                                                                 [classpath] E:\environment\neo4j-community-5.26.26\lib\netty-transport-native-kqueue-4.1.133.Final-osx-x86_64.jar
                                                                 [classpath] E:\environment\neo4j-community-5.26.26\lib\neo4j-bolt-connection-netty-11.0.1.jar
                                                                 [classpath] E:\environment\neo4j-community-5.26.26\lib\neo4j-layout-5.26.26.jar
2026-05-13 09:29:09.117+0000 INFO  [o.n.i.d.DiagnosticsManager] 
                                                                 [classpath] E:\environment\neo4j-community-5.26.26\lib\neo4j-id-generator-5.26.26.jar
                                                                 [classpath] E:\environment\neo4j-community-5.26.26\lib\lucene-queryparser-9.11.1.jar
                                                                 [classpath] E:\environment\neo4j-community-5.26.26\lib\neo4j-bolt-5.26.26.jar
                                                                 [classpath] E:\environment\neo4j-community-5.26.26\lib\jts-core-1.20.0.jar
                                                                 [classpath] E:\environment\neo4j-community-5.26.26\lib\neo4j-cypher-5.26.26.jar
                                                                 [classpath] E:\environment\neo4j-community-5.26.26\lib\neo4j-bolt-connection-pooled-11.0.1.jar
                                                                 [classpath] E:\environment\neo4j-community-5.26.26\lib\ipaddress-5.5.1.jar
                                                                 [classpath] E:\environment\neo4j-community-5.26.26\lib\stax-ex-1.8.1.jar
                                                                 [classpath] E:\environment\neo4j-community-5.26.26\lib\neo4j-storage-engine-util-5.26.26.jar
                                                                 [classpath] E:\environment\neo4j-community-5.26.26\lib\server-api-5.26.26.jar
                                                                 [classpath] E:\environment\neo4j-community-5.26.26\lib\zstd-proxy-5.26.26.jar
                                                                 [classpath] E:\environment\neo4j-community-5.26.26\lib\log4j-layout-template-json-2.25.4.jar
                                                                 [classpath] E:\environment\neo4j-community-5.26.26\lib\cypher-parser-factory-5.26.26.jar
                                                                 [classpath] E:\environment\neo4j-community-5.26.26\lib\neo4j-schema-5.26.26.jar
                                                                 [classpath] E:\environment\neo4j-community-5.26.26\lib\log4j-core-2.25.4.jar
                                                                 [classpath] E:\environment\neo4j-community-5.26.26\lib\neo4j-bolt-connection-11.0.1.jar
                                                                 [classpath] E:\environment\neo4j-community-5.26.26\lib\parquet-format-structures-1.17.0.jar
                                                                 [classpath] E:\environment\neo4j-community-5.26.26\lib\neo4j-capabilities-5.26.26.jar
                                                                 [classpath] E:\environment\neo4j-community-5.26.26\lib\hk2-locator-2.6.1.jar
                                                                 [classpath] E:\environment\neo4j-community-5.26.26\lib\neo4j-graph-algo-5.26.26.jar
                                                                 [classpath] E:\environment\neo4j-community-5.26.26\lib\cypher-antlr-ast-common-5.26.26.jar
                                                                 [classpath] E:\environment\neo4j-community-5.26.26\lib\cypher-ast-factory-5.26.26.jar
                                                                 [classpath] E:\environment\neo4j-community-5.26.26\lib\parquet-hadoop-1.17.0.jar
                                                                 [classpath] E:\environment\neo4j-community-5.26.26\lib\jetty-http2-server-12.1.8.jar
                                                                 [classpath] E:\environment\neo4j-community-5.26.26\lib\jakarta.ws.rs-api-2.1.6.jar
                                                                 [classpath] E:\environment\neo4j-community-5.26.26\lib\netty-transport-native-epoll-4.1.133.Final-linux-x86_64.jar
                                                                 [classpath] E:\environment\neo4j-community-5.26.26\lib\jansi-2.4.0.jar
                                                                 [classpath] E:\environment\neo4j-community-5.26.26\lib\neo4j-rewriting-5.26.26.jar
                                                                 [classpath] E:\environment\neo4j-community-5.26.26\lib\neo4j-cypher-ast-factory-5.26.26.jar
                                                                 [classpath] E:\environment\neo4j-community-5.26.26\lib\neo4j-cypher-planner-spi-5.26.26.jar
                                                                 [classpath] E:\environment\neo4j-community-5.26.26\lib\neo4j-ast-5.26.26.jar
                                                                 [classpath] E:\environment\neo4j-community-5.26.26\lib\neo4j-cypher-rendering-5.26.26.jar
                                                                 [classpath] E:\environment\neo4j-community-5.26.26\lib\magnolia_2.13-1.1.8.jar
                                                                 [classpath] E:\environment\neo4j-community-5.26.26\lib\neo4j-collections-5.26.26.jar
                                                                 [classpath] E:\environment\neo4j-community-5.26.26\lib\neo4j-cypher-slotted-runtime-5.26.26.jar
                                                                 [classpath] E:\environment\neo4j-community-5.26.26\lib\reactor-core-3.7.12.jar
                                                                 [classpath] E:\environment\neo4j-community-5.26.26\lib\cypher-parser-ast-common-5.26.26.jar
                                                                 [classpath] E:\environment\neo4j-community-5.26.26\lib\neo4j-util-5.26.26.jar
                                                                 [classpath] E:\environment\neo4j-community-5.26.26\lib\jetty-ee8-webapp-12.1.8.jar
                                                                 [classpath] E:\environment\neo4j-community-5.26.26\lib\netty-buffer-4.1.133.Final.jar
                                                                 [classpath] E:\environment\neo4j-community-5.26.26\lib\cypher-v25-antlr-parser-5.26.26.jar
                                                                 [classpath] E:\environment\neo4j-community-5.26.26\lib\picocli-4.7.6.jar
                                                                 [classpath] E:\environment\neo4j-community-5.26.26\lib\neo4j-server-5.26.26.jar
                                                                 [classpath] E:\environment\neo4j-community-5.26.26\lib\netty-codec-4.1.133.Final.jar
                                                                 [classpath] E:\environment\neo4j-community-5.26.26\lib\jetty-xml-12.1.8.jar
                                                                 [classpath] E:\environment\neo4j-community-5.26.26\lib\neo4j-diagnostics-5.26.26.jar
                                                                 [classpath] E:\environment\neo4j-community-5.26.26\lib\parquet-encoding-1.17.0.jar
                                                                 [classpath] E:\environment\neo4j-community-5.26.26\lib\neo4j-java-driver-5.28.13.jar
                                                                 [classpath] E:\environment\neo4j-community-5.26.26\lib\neo4j-lucene-index-5.26.26.jar
                                                                 [classpath] E:\environment\neo4j-community-5.26.26\lib\eclipse-collections-api-11.1.0.jar
2026-05-13 09:29:09.117+0000 INFO  [o.n.i.d.DiagnosticsManager] 
                                                                 [classpath] E:\environment\neo4j-community-5.26.26\lib\neo4j-command-line-5.26.26.jar
                                                                 [classpath] E:\environment\neo4j-community-5.26.26\lib\parquet-common-1.17.0.jar
                                                                 [classpath] E:\environment\neo4j-community-5.26.26\lib\jetty-alpn-server-12.1.8.jar
                                                                 [classpath] E:\environment\neo4j-community-5.26.26\lib\jersey-container-servlet-core-2.46.jar
                                                                 [classpath] E:\environment\neo4j-community-5.26.26\lib\neo4j-index-5.26.26.jar
                                                                 [classpath] E:\environment\neo4j-community-5.26.26\lib\jetty-ee-webapp-12.1.8.jar
                                                                 [classpath] E:\environment\neo4j-community-5.26.26\lib\neo4j-cypher-expression-evaluator-5.26.26.jar
                                                                 [classpath] E:\environment\neo4j-community-5.26.26\lib\neo4j-cypher-macros-5.26.26.jar
                                                                 [classpath] E:\environment\neo4j-community-5.26.26\lib\neo4j-security-5.26.26.jar
                                                                 [classpath] E:\environment\neo4j-community-5.26.26\lib\jetty-ee8-nested-12.1.8.jar
                                                                 [classpath] E:\environment\neo4j-community-5.26.26\lib\neo4j-cypher-logical-plans-5.26.26.jar
                                                                 [classpath] E:\environment\neo4j-community-5.26.26\lib\cypher-parser-common-5.26.26.jar
                                                                 [classpath] E:\environment\neo4j-community-5.26.26\lib\shiro-event-2.1.0.jar
                                                                 [classpath] E:\environment\neo4j-community-5.26.26\lib\jakarta.validation-api-2.0.2.jar
                                                                 [classpath] E:\environment\neo4j-community-5.26.26\lib\cypher-v5-literal-interpreter-5.26.26.jar
                                                                 [classpath] E:\environment\neo4j-community-5.26.26\lib\commons-logging-1.3.4.jar
                                                                 [classpath] E:\environment\neo4j-community-5.26.26\lib\snappy-java-1.1.10.7.jar
                                                                 [classpath] E:\environment\neo4j-community-5.26.26\lib\javax.annotation-api-1.3.2.jar
                                                                 [classpath] E:\environment\neo4j-community-5.26.26\lib\netty-codec-http-4.1.133.Final.jar
                                                                 [classpath] E:\environment\neo4j-community-5.26.26\lib\neo4j-cypher-planner-5.26.26.jar
                                                                 [classpath] E:\environment\neo4j-community-5.26.26\lib\netty-transport-native-kqueue-4.1.133.Final-osx-aarch_64.jar
                                                                 [classpath] E:\environment\neo4j-community-5.26.26\lib\jetty-io-12.1.8.jar
                                                                 [classpath] E:\environment\neo4j-community-5.26.26\lib\netty-tcnative-classes-2.0.77.Final.jar
                                                                 [classpath] E:\environment\neo4j-community-5.26.26\lib\hk2-api-2.6.1.jar
                                                                 [classpath] E:\environment\neo4j-community-5.26.26\lib\commons-lang3-3.18.0.jar
                                                                 [classpath] E:\environment\neo4j-community-5.26.26\lib\neo4j-gql-status-5.26.26.jar
                                                                 [classpath] E:\environment\neo4j-community-5.26.26\lib\netty-transport-classes-epoll-4.1.133.Final.jar
                                                                 [classpath] E:\environment\neo4j-community-5.26.26\lib\neo4j-cypher-cache-5.26.26.jar
                                                                 [classpath] E:\environment\neo4j-community-5.26.26\lib\reactive-streams-1.0.4.jar
                                                                 [classpath] E:\environment\neo4j-community-5.26.26\lib\netty-transport-4.1.133.Final.jar
                                                                 [classpath] E:\environment\neo4j-community-5.26.26\lib\neo4j-monitoring-5.26.26.jar
                                                                 [classpath] E:\environment\neo4j-community-5.26.26\lib\jersey-client-2.46.jar
                                                                 [classpath] E:\environment\neo4j-community-5.26.26\lib\lucene-analysis-common-9.11.1.jar
                                                                 [classpath] E:\environment\neo4j-community-5.26.26\lib\scala-reflect-2.13.11.jar
                                                                 [classpath] E:\environment\neo4j-community-5.26.26\lib\jersey-hk2-2.46.jar
                                                                 [classpath] E:\environment\neo4j-community-5.26.26\lib\jetty-ee8-servlet-12.1.8.jar
                                                                 [classpath] E:\environment\neo4j-community-5.26.26\lib\jetty-servlet-api-4.0.9.jar
                                                                 [classpath] E:\environment\neo4j-community-5.26.26\lib\jaxb-runtime-2.3.2.jar
                                                                 [classpath] E:\environment\neo4j-community-5.26.26\lib\shiro-config-core-2.1.0.jar
                                                                 [classpath] E:\environment\neo4j-community-5.26.26\lib\jetty-server-12.1.8.jar
                                                                 [classpath] E:\environment\neo4j-community-5.26.26\lib\shiro-hashes-bcrypt-2.1.0.jar
                                                                 [classpath] E:\environment\neo4j-community-5.26.26\lib\neo4j-concurrent-5.26.26.jar
                                                                 [classpath] E:\environment\neo4j-community-5.26.26\lib\WMI4Java-1.6.3.jar
                                                                 [classpath] E:\environment\neo4j-community-5.26.26\lib\neo4j-spatial-index-5.26.26.jar
                                                                 [classpath] E:\environment\neo4j-community-5.26.26\lib\neo4j-record-storage-engine-5.26.26.jar
                                                                 [classpath] E:\environment\neo4j-community-5.26.26\lib\log4j-api-2.25.4.jar
                                                                 [classpath] E:\environment\neo4j-community-5.26.26\lib\cypher-shell-5.26.26.jar
                                                                 [classpath] E:\environment\neo4j-community-5.26.26\lib\jna-5.15.0.jar
                                                                 [classpath] E:\environment\neo4j-community-5.26.26\lib\netty-transport-classes-kqueue-4.1.133.Final.jar
                                                                 [classpath] E:\environment\neo4j-community-5.26.26\lib\cypher-v5-ast-factory-5.26.26.jar
2026-05-13 09:29:09.117+0000 INFO  [o.n.i.d.DiagnosticsManager] 
                                                                 [classpath] E:\environment\neo4j-community-5.26.26\lib\neo4j-bootcheck-5.26.26.jar
                                                                 [classpath] E:\environment\neo4j-community-5.26.26\lib\commons-compress-1.27.1.jar
                                                                 [classpath] E:\environment\neo4j-community-5.26.26\lib\cypher-v25-parser-listener-5.26.26.jar
                                                                 [classpath] E:\environment\neo4j-community-5.26.26\lib\shiro-lang-2.1.0.jar
                                                                 [classpath] E:\environment\neo4j-community-5.26.26\lib\jackson-core-2.21.1.jar
                                                                 [classpath] E:\environment\neo4j-community-5.26.26\lib\cypher-antlr-common-5.26.26.jar
                                                                 [classpath] E:\environment\neo4j-community-5.26.26\lib\shiro-cache-2.1.0.jar
                                                                 [classpath] E:\environment\neo4j-community-5.26.26\lib\neo4j-udc-5.26.26.jar
                                                                 [classpath] E:\environment\neo4j-community-5.26.26\lib\jakarta.inject-2.6.1.jar
                                                                 [classpath] E:\environment\neo4j-community-5.26.26\lib\neo4j-cypher-dsl-2024.2.0.jar
                                                                 [classpath] E:\environment\neo4j-community-5.26.26\lib\jersey-common-2.46.jar
                                                                 [classpath] E:\environment\neo4j-community-5.26.26\lib\jackson-databind-2.21.1.jar
                                                                 [classpath] E:\environment\neo4j-community-5.26.26\lib\netty-common-4.1.133.Final.jar
                                                                 [classpath] E:\environment\neo4j-community-5.26.26\lib\neo4j-5.26.26.jar
                                                                 [classpath] E:\environment\neo4j-community-5.26.26\lib\parquet-jackson-1.17.0.jar
                                                                 [classpath] E:\environment\neo4j-community-5.26.26\lib\neo4j-front-end-5.26.26.jar
                                                                 [classpath] E:\environment\neo4j-community-5.26.26\lib\neo4j-configuration-5.26.26.jar
                                                                 [classpath] E:\environment\neo4j-community-5.26.26\lib\eclipse-collections-11.1.0.jar
                                                                 [classpath] E:\environment\neo4j-community-5.26.26\lib\jetty-security-12.1.8.jar
                                                                 [classpath] E:\environment\neo4j-community-5.26.26\lib\jetty-alpn-java-server-12.1.8.jar
                                                                 [classpath] E:\environment\neo4j-community-5.26.26\lib\slf4j-api-2.0.9.jar
                                                                 [classpath] E:\environment\neo4j-community-5.26.26\lib\cypher-v5-parser-listener-5.26.26.jar
                                                                 [classpath] E:\environment\neo4j-community-5.26.26\lib\shiro-crypto-cipher-2.1.0.jar
                                                                 [classpath] E:\environment\neo4j-community-5.26.26\lib\jakarta.xml.bind-api-2.3.2.jar
                                                                 [classpath] E:\environment\neo4j-community-5.26.26\lib\cypher-v5-antlr-parser-5.26.26.jar
                                                                
2026-05-13 09:29:09.117+0000 INFO  [o.n.i.d.DiagnosticsManager] 
                                                                --------------------------------------------------------------------------------
                                                                                                [ Library path ]                                
                                                                --------------------------------------------------------------------------------
                                                                E:\environment\jdk21\bin
                                                                C:\Windows\Sun\Java\bin
                                                                C:\Windows\System32
                                                                C:\Windows
                                                                C:\Users\14609\.codex\tmp\arg0\codex-arg0fIN7PF
                                                                E:\environment\vmwareWorkstation176\bin
                                                                C:\Program Files\Common Files\Oracle\Java\javapath_target_16739812
                                                                C:\Program Files\NVIDIA GPU Computing Toolkit\CUDA\v12.5\bin
                                                                C:\Program Files\NVIDIA GPU Computing Toolkit\CUDA\v12.5\libnvvp
                                                                E:\environment\jdk21\bin
2026-05-13 09:29:09.117+0000 INFO  [o.n.i.d.DiagnosticsManager] 
                                                                --------------------------------------------------------------------------------
                                                                                             [ System properties ]                              
                                                                --------------------------------------------------------------------------------
                                                                sun.cpu.isalist = amd64
                                                                sun.jnu.encoding = GBK
                                                                sun.arch.data.model = 64
                                                                user.variant = 
                                                                user.timezone = Asia/Shanghai
                                                                sun.java.launcher = SUN_STANDARD
                                                                user.country = CN
                                                                sun.boot.library.path = E:\environment\jdk21\bin
                                                                sun.java.command = org.neo4j.server.CommunityEntryPoint --home-dir=E:\environment\neo4j-community-5.26.26 --config-dir=E:\workspacce\AI\ai_kefu\local_services --console-mode
                                                                jdk.debug = release
                                                                sun.cpu.endian = little
                                                                user.home = C:\Users\14609
                                                                user.language = zh
                                                                file.separator = \
                                                                user.script = 
                                                                sun.management.compiler = HotSpot 64-Bit Tiered Compilers
                                                                user.name = 14609
                                                                stdout.encoding = ms936
                                                                path.separator = ;
                                                                file.encoding = UTF-8
                                                                jnidispatch.path = C:\temp\jna-46855100\jna4048725337986321411.dll
                                                                jna.loaded = true
                                                                user.dir = E:\environment\neo4j-community-5.26.26
                                                                sun.os.patch.level = 
                                                                native.encoding = GBK
                                                                stderr.encoding = ms936
                                                                sun.io.unicode.encoding = UnicodeLittle
                                                                
2026-05-13 09:29:09.117+0000 INFO  [o.n.i.d.DiagnosticsManager] 
                                                                --------------------------------------------------------------------------------
                                                                                      [ (IANA) TimeZone database version ]                      
                                                                --------------------------------------------------------------------------------
                                                                  TimeZone version: 2025a (available for 603 zone identifiers)
                                                                
2026-05-13 09:29:09.117+0000 INFO  [o.n.i.d.DiagnosticsManager] 
                                                                --------------------------------------------------------------------------------
                                                                                            [ Network information ]                             
                                                                --------------------------------------------------------------------------------
                                                                Interface Hyper-V Virtual Switch Extension Adapter-Hyper-V Virtual Switch Extension Filter-0000:
                                                                Interface Hyper-V Virtual Ethernet Adapter-WFP Native MAC Layer LightWeight Filter-0000:
                                                                Interface Hyper-V Virtual Ethernet Adapter-QoS Packet Scheduler-0000:
                                                                Interface Hyper-V Virtual Ethernet Adapter-WFP 802.3 MAC Layer LightWeight Filter-0000:
                                                                Interface Killer E2600 Gigabit Ethernet Controller-WFP Native MAC Layer LightWeight Filter-0000:
                                                                Interface Killer E2600 Gigabit Ethernet Controller-QoS Packet Scheduler-0000:
                                                                Interface Killer E2600 Gigabit Ethernet Controller-WFP 802.3 MAC Layer LightWeight Filter-0000:
                                                                Interface WAN Miniport (IP)-WFP Native MAC Layer LightWeight Filter-0000:
                                                                Interface WAN Miniport (IP)-QoS Packet Scheduler-0000:
                                                                Interface WAN Miniport (IPv6)-WFP Native MAC Layer LightWeight Filter-0000:
                                                                Interface WAN Miniport (IPv6)-QoS Packet Scheduler-0000:
                                                                Interface WAN Miniport (Network Monitor)-WFP Native MAC Layer LightWeight Filter-0000:
                                                                Interface WAN Miniport (Network Monitor)-QoS Packet Scheduler-0000:
                                                                Interface Hyper-V Virtual Switch Extension Adapter #2-Hyper-V Virtual Switch Extension Filter-0000:
                                                                Interface Hyper-V Virtual Switch Extension Adapter #2-Virtual Filtering Platform VMSwitch Extension-0000:
                                                                Interface Microsoft Kernel Debug Network Adapter:
                                                                Interface Killer E2600 Gigabit Ethernet Controller:
                                                                    address: fe80:0:0:0:e80a:e4ff:a399:c282%ethernet_32769
                                                                Interface Bluetooth Device (Personal Area Network):
                                                                    address: fe80:0:0:0:b114:49f1:455c:195b%ethernet_32770
                                                                Interface WAN Miniport (Network Monitor):
                                                                Interface WAN Miniport (IP):
                                                                Interface WAN Miniport (IPv6):
                                                                Interface VMware Virtual Ethernet Adapter for VMnet1:
                                                                    address: fe80:0:0:0:18b9:ad5:d6dc:de66%ethernet_32774
                                                                    address: 192.168.171.1
                                                                Interface VMware Virtual Ethernet Adapter for VMnet8:
                                                                    address: fe80:0:0:0:e705:ffa9:55f8:2a02%ethernet_32775
                                                                    address: 192.168.137.1
                                                                Interface Hyper-V Virtual Switch Extension Adapter:
                                                                Interface Hyper-V Virtual Ethernet Adapter:
                                                                    address: fe80:0:0:0:30ed:d8f7:7793:5a54%ethernet_32777
                                                                    address: 172.29.128.1
                                                                Interface Hyper-V Virtual Switch Extension Adapter #2:
                                                                Interface WAN Miniport (PPPOE):
                                                                Interface Software Loopback Interface 1:
                                                                    address: 0:0:0:0:0:0:0:1
                                                                    address: 127.0.0.1
                                                                Interface CheekyMonkey-TAP:
                                                                Interface Wintun Userspace Tunnel:
                                                                    address: fe80:0:0:0:ff8e:f2e9:f3f7:2e91%iftype53_32769
                                                                Interface Intel(R) Wi-Fi 6 AX201 160MHz-WFP Native MAC Layer LightWeight Filter-0000:
                                                                Interface Intel(R) Wi-Fi 6 AX201 160MHz-Virtual WiFi Filter Driver-0000:
                                                                Interface Intel(R) Wi-Fi 6 AX201 160MHz-Native WiFi Filter Driver-0000:
                                                                Interface Intel(R) Wi-Fi 6 AX201 160MHz-QoS Packet Scheduler-0000:
                                                                Interface Intel(R) Wi-Fi 6 AX201 160MHz-WFP 802.3 MAC Layer LightWeight Filter-0000:
                                                                Interface Microsoft Wi-Fi Direct Virtual Adapter-WFP Native MAC Layer LightWeight Filter-0000:
                                                                Interface Microsoft Wi-Fi Direct Virtual Adapter-Native WiFi Filter Driver-0000:
                                                                Interface Microsoft Wi-Fi Direct Virtual Adapter-QoS Packet Scheduler-0000:
                                                                Interface Microsoft Wi-Fi Direct Virtual Adapter-WFP 802.3 MAC Layer LightWeight Filter-0000:
                                                                Interface Microsoft Wi-Fi Direct Virtual Adapter #2-WFP Native MAC Layer LightWeight Filter-0000:
                                                                Interface Microsoft Wi-Fi Direct Virtual Adapter #2-Native WiFi Filter Driver-0000:
                                                                Interface Microsoft Wi-Fi Direct Virtual Adapter #2-QoS Packet Scheduler-0000:
                                                                Interface Microsoft Wi-Fi Direct Virtual Adapter #2-WFP 802.3 MAC Layer LightWeight Filter-0000:
                                                                Interface Intel(R) Wi-Fi 6 AX201 160MHz:
                                                                    address: fe80:0:0:0:8108:76e:bba7:1752%wireless_32768
                                                                    address: 100.70.215.35
                                                                Interface Microsoft Wi-Fi Direct Virtual Adapter:
                                                                    address: fe80:0:0:0:60c1:38d1:7709:e7b4%wireless_32769
                                                                Interface Microsoft Wi-Fi Direct Virtual Adapter #2:
                                                                    address: fe80:0:0:0:a77f:466d:be29:8451%wireless_32770
                                                                Interface Microsoft Teredo Tunneling Adapter:
                                                                Interface Microsoft IP-HTTPS Platform Adapter:
                                                                Interface Microsoft 6to4 Adapter:
                                                                Interface WAN Miniport (IKEv2):
                                                                Interface WAN Miniport (L2TP):
                                                                Interface WAN Miniport (PPTP):
                                                                Interface WAN Miniport (SSTP):
                                                                
2026-05-13 09:29:09.117+0000 INFO  [o.n.i.d.DiagnosticsManager] 
                                                                --------------------------------------------------------------------------------
                                                                                         [ Native access information ]                          
                                                                --------------------------------------------------------------------------------
                                                                Native access details: Native access is not available for current platform.
                                                                
2026-05-13 09:29:09.117+0000 INFO  [o.n.i.d.DiagnosticsManager] 
                                                                --------------------------------------------------------------------------------
                                                                                                [ DBMS config ]                                 
                                                                --------------------------------------------------------------------------------
                                                                DBMS provided settings:
                                                                dbms.security.auth_enabled=true
                                                                dbms.usage_report.enabled=false
                                                                initial.dbms.default_database=neo4j
                                                                server.bolt.enabled=true
                                                                server.bolt.listen_address=127.0.0.1:7687
                                                                server.default_advertised_address=localhost
                                                                server.default_listen_address=127.0.0.1
                                                                server.directories.data=E:\workspacce\AI\ai_kefu\.data\neo4j-win\data
                                                                server.directories.import=E:\workspacce\AI\ai_kefu\.data\neo4j-win\import
                                                                server.directories.lib=E:\environment\neo4j-community-5.26.26\lib
                                                                server.directories.logs=E:\workspacce\AI\ai_kefu\.data\logs\neo4j
                                                                server.directories.neo4j_home=E:\environment\neo4j-community-5.26.26
                                                                server.directories.plugins=E:\workspacce\AI\ai_kefu\.data\neo4j-win\plugins
                                                                server.directories.run=E:\workspacce\AI\ai_kefu\.data\run\neo4j
                                                                server.http.enabled=true
                                                                server.http.listen_address=127.0.0.1:7474
                                                                server.https.enabled=false
                                                                server.logs.config=E:\environment\neo4j-community-5.26.26\conf\server-logs.xml
                                                                server.logs.user.config=E:\environment\neo4j-community-5.26.26\conf\user-logs.xml
                                                                server.memory.heap.initial_size=512.00MiB
                                                                server.memory.heap.max_size=512.00MiB
                                                                server.memory.pagecache.size=512.00MiB
                                                                Directories in use:
                                                                server.directories.data=E:\workspacce\AI\ai_kefu\.data\neo4j-win\data
                                                                server.directories.dumps.root=E:\workspacce\AI\ai_kefu\.data\neo4j-win\data\dumps
                                                                server.directories.import=E:\workspacce\AI\ai_kefu\.data\neo4j-win\import
                                                                server.directories.lib=E:\environment\neo4j-community-5.26.26\lib
                                                                server.directories.licenses=E:\environment\neo4j-community-5.26.26\licenses
                                                                server.directories.logs=E:\workspacce\AI\ai_kefu\.data\logs\neo4j
                                                                server.directories.plugins=E:\workspacce\AI\ai_kefu\.data\neo4j-win\plugins
                                                                server.directories.run=E:\workspacce\AI\ai_kefu\.data\run\neo4j
                                                                server.directories.script.root=E:\workspacce\AI\ai_kefu\.data\neo4j-win\data\scripts
                                                                server.directories.transaction.logs.root=E:\workspacce\AI\ai_kefu\.data\neo4j-win\data\transactions
                                                                
2026-05-13 09:29:09.117+0000 INFO  [o.n.i.d.DiagnosticsManager] 
                                                                --------------------------------------------------------------------------------
                                                                                                 [ Packaging ]                                  
                                                                --------------------------------------------------------------------------------
                                                                Edition: Community
                                                                Package Type: tar
                                                                
2026-05-13 09:29:09.183+0000 INFO  [o.n.d.i.DefaultIdentityModule] Generated new ServerId: ServerId{87a18c1d} (87a18c1d-6ad9-4de0-9534-03ff935dae9f)
2026-05-13 09:29:09.185+0000 INFO  [o.n.d.i.DefaultIdentityModule] This instance is ServerId{87a18c1d} (87a18c1d-6ad9-4de0-9534-03ff935dae9f)
2026-05-13 09:29:11.066+0000 INFO  [o.n.s.CommunityNeoWebServer] ======== Neo4j 5.26.26 ========
2026-05-13 09:29:11.094+0000 INFO  [o.n.d.d.DatabaseLifecycles] Creating 'DatabaseId{00000000[system]}'.
2026-05-13 09:29:11.636+0000 INFO  [o.n.b.BoltServer] Using connector transport NIO
2026-05-13 09:29:11.874+0000 INFO  [o.n.b.BoltServer] Configured external Bolt connector with listener address /127.0.0.1:7687
2026-05-13 09:29:11.875+0000 INFO  [o.n.b.BoltServer] Bolt server loaded
2026-05-13 09:29:11.911+0000 INFO  [o.n.d.d.DatabaseLifecycles] Starting 'DatabaseId{00000000[system]}'.
2026-05-13 09:29:13.021+0000 INFO  [o.n.i.d.DiagnosticsManager] [system/00000000] 
                                                                [system/00000000] ********************************************************************************
                                                                [system/00000000]                               [ Database: system ]                              
                                                                [system/00000000] ********************************************************************************
                                                                [system/00000000] --------------------------------------------------------------------------------
                                                                [system/00000000]                                   [ Version ]                                   
                                                                [system/00000000] --------------------------------------------------------------------------------
                                                                [system/00000000] DBMS: community record-aligned-1.1
                                                                [system/00000000] Kernel version: 5.26.26
                                                                [system/00000000] 
                                                                [system/00000000] --------------------------------------------------------------------------------
                                                                [system/00000000]                                 [ Store files ]                                 
                                                                [system/00000000] --------------------------------------------------------------------------------
                                                                [system/00000000] Disk space on partition (Total / Free / Free %): 952245415936 / 231803297792 / 24
                                                                [system/00000000] Storage files stored on file store: NTFS
                                                                [system/00000000] Storage files: (filename : modification date - size)
                                                                [system/00000000]   neostore: 2026-05-13 09:29:12.849+0000 - 8.000KiB
                                                                [system/00000000]   neostore.counts.db: 2026-05-13 09:29:12.889+0000 - 0B
                                                                [system/00000000]   neostore.indexstats.db: 2026-05-13 09:29:12.909+0000 - 0B
                                                                [system/00000000]   neostore.labeltokenstore.db: 2026-05-13 09:29:12.833+0000 - 0B
                                                                [system/00000000]   neostore.labeltokenstore.db.id: 2026-05-13 09:29:12.831+0000 - 0B
                                                                [system/00000000]   neostore.labeltokenstore.db.names: 2026-05-13 09:29:12.826+0000 - 8.000KiB
                                                                [system/00000000]   neostore.labeltokenstore.db.names.id: 2026-05-13 09:29:12.826+0000 - 0B
                                                                [system/00000000]   neostore.nodestore.db: 2026-05-13 09:29:12.807+0000 - 0B
                                                                [system/00000000]   neostore.nodestore.db.id: 2026-05-13 09:29:12.806+0000 - 0B
                                                                [system/00000000]   neostore.nodestore.db.labels: 2026-05-13 09:29:12.798+0000 - 8.000KiB
                                                                [system/00000000]   neostore.nodestore.db.labels.id: 2026-05-13 09:29:12.756+0000 - 0B
                                                                [system/00000000]   neostore.propertystore.db: 2026-05-13 09:29:12.820+0000 - 0B
                                                                [system/00000000]   neostore.propertystore.db.arrays: 2026-05-13 09:29:12.817+0000 - 8.000KiB
                                                                [system/00000000]   neostore.propertystore.db.arrays.id: 2026-05-13 09:29:12.816+0000 - 0B
                                                                [system/00000000]   neostore.propertystore.db.id: 2026-05-13 09:29:12.820+0000 - 0B
                                                                [system/00000000]   neostore.propertystore.db.index: 2026-05-13 09:29:12.813+0000 - 0B
                                                                [system/00000000]   neostore.propertystore.db.index.id: 2026-05-13 09:29:12.811+0000 - 0B
                                                                [system/00000000]   neostore.propertystore.db.index.keys: 2026-05-13 09:29:12.808+0000 - 8.000KiB
                                                                [system/00000000]   neostore.propertystore.db.index.keys.id: 2026-05-13 09:29:12.807+0000 - 0B
                                                                [system/00000000]   neostore.propertystore.db.strings: 2026-05-13 09:29:12.814+0000 - 8.000KiB
                                                                [system/00000000]   neostore.propertystore.db.strings.id: 2026-05-13 09:29:12.813+0000 - 0B
                                                                [system/00000000]   neostore.relationshipgroupstore.db: 2026-05-13 09:29:12.840+0000 - 8.000KiB
                                                                [system/00000000]   neostore.relationshipgroupstore.db.id: 2026-05-13 09:29:12.839+0000 - 0B
                                                                [system/00000000]   neostore.relationshipgroupstore.degrees.db: 2026-05-13 09:29:12.898+0000 - 0B
                                                                [system/00000000]   neostore.relationshipstore.db: 2026-05-13 09:29:12.822+0000 - 0B
                                                                [system/00000000]   neostore.relationshipstore.db.id: 2026-05-13 09:29:12.822+0000 - 0B
                                                                [system/00000000]   neostore.relationshiptypestore.db: 2026-05-13 09:29:12.826+0000 - 0B
                                                                [system/00000000]   neostore.relationshiptypestore.db.id: 2026-05-13 09:29:12.826+0000 - 0B
                                                                [system/00000000]   neostore.relationshiptypestore.db.names: 2026-05-13 09:29:12.824+0000 - 8.000KiB
                                                                [system/00000000]   neostore.relationshiptypestore.db.names.id: 2026-05-13 09:29:12.823+0000 - 0B
                                                                [system/00000000]   neostore.schemastore.db: 2026-05-13 09:29:12.836+0000 - 8.000KiB
                                                                [system/00000000]   neostore.schemastore.db.id: 2026-05-13 09:29:12.835+0000 - 0B
                                                                [system/00000000] Storage summary: 
                                                                [system/00000000]   Total size of store: 72.00KiB
                                                                [system/00000000]   Total size of mapped files: 72.00KiB
                                                                [system/00000000] 
                                                                [system/00000000] --------------------------------------------------------------------------------
                                                                [system/00000000]                               [ Transaction log ]                               
                                                                [system/00000000] --------------------------------------------------------------------------------
                                                                [system/00000000] Transaction log files stored on file store: NTFS
                                                                [system/00000000] Transaction log metadata:
                                                                [system/00000000]  - current kernel version used in transactions: V5_25
                                                                [system/00000000]  - last committed transaction id: 1
                                                                [system/00000000] Transaction log files:
                                                                [system/00000000]  - existing transaction log versions: -1--1
                                                                [system/00000000]  - no transactions found
                                                                [system/00000000] Checkpoint log files:
                                                                [system/00000000]  - existing checkpoint log versions: -1--1
                                                                [system/00000000]  - no checkpoints found
                                                                [system/00000000] 
                                                                [system/00000000] --------------------------------------------------------------------------------
                                                                [system/00000000]                                   [ Id usage ]                                  
                                                                [system/00000000] --------------------------------------------------------------------------------
                                                                [system/00000000] ArrayPropertyStore[neostore.nodestore.db.labels]: used=1 high=0
                                                                [system/00000000] NodeStore[neostore.nodestore.db]: used=0 high=-1
                                                                [system/00000000] StringPropertyStore[neostore.propertystore.db.index.keys]: used=1 high=0
                                                                [system/00000000] PropertyIndexStore[neostore.propertystore.db.index]: used=0 high=-1
                                                                [system/00000000] StringPropertyStore[neostore.propertystore.db.strings]: used=1 high=0
                                                                [system/00000000] ArrayPropertyStore[neostore.propertystore.db.arrays]: used=1 high=0
                                                                [system/00000000] PropertyStore[neostore.propertystore.db]: used=0 high=-1
                                                                [system/00000000] RelationshipStore[neostore.relationshipstore.db]: used=0 high=-1
                                                                [system/00000000] StringPropertyStore[neostore.relationshiptypestore.db.names]: used=1 high=0
                                                                [system/00000000] RelationshipTypeStore[neostore.relationshiptypestore.db]: used=0 high=-1
                                                                [system/00000000] StringPropertyStore[neostore.labeltokenstore.db.names]: used=1 high=0
                                                                [system/00000000] LabelTokenStore[neostore.labeltokenstore.db]: used=0 high=-1
                                                                [system/00000000] SchemaStore[neostore.schemastore.db]: used=1 high=0
                                                                [system/00000000] RelationshipGroupStore[neostore.relationshipgroupstore.db]: used=1 high=0
                                                                [system/00000000] NeoStore[neostore]: used=-1 high=-1
                                                                [system/00000000] 
                                                                [system/00000000] --------------------------------------------------------------------------------
                                                                [system/00000000]                                   [ Metadata ]                                  
                                                                [system/00000000] --------------------------------------------------------------------------------
                                                                [system/00000000] EXTERNAL_STORE_UUID (Database identifier exposed as external store identity. Generated on creation and never updated): 217e3372-6310-4559-be9c-9ae3e02966ee
                                                                [system/00000000] DATABASE_ID (The last used DatabaseId for this database): null
                                                                [system/00000000] LEGACY_STORE_VERSION (Legacy store format version. This field is used from 5.0 onwards only to distinguish non-migrated pre 5.0 metadata stores.): -3523014627327384477
                                                                [system/00000000] STORE_ID (Store ID): StoreId{creationTime=1778664552847, random=443747364235947064, storageEngineName='record', formatName='aligned', majorVersion=1, minorVersion=1}
                                                                [system/00000000] 
2026-05-13 09:29:13.049+0000 INFO  [o.n.k.a.DatabaseAvailabilityGuard] [system/00000000] Requirement `Database unavailable` makes database system unavailable.
2026-05-13 09:29:13.049+0000 INFO  [o.n.k.a.DatabaseAvailabilityGuard] [system/00000000] DatabaseId{00000000[system]} is unavailable.
2026-05-13 09:29:13.066+0000 WARN  [o.n.k.i.s.MetaDataStore] [system/00000000] Missing counts store, rebuilding it.
2026-05-13 09:29:13.074+0000 WARN  [o.n.k.i.s.MetaDataStore] [system/00000000] Counts store rebuild completed.
2026-05-13 09:29:13.087+0000 INFO  [o.n.k.d.Database] [system/00000000] Starting transaction log [E:\workspacce\AI\ai_kefu\.data\neo4j-win\data\transactions\system\neostore.transaction.db.0] at version=0
2026-05-13 09:29:13.106+0000 INFO  [o.n.k.d.Database] [system/00000000] Starting transaction log [E:\workspacce\AI\ai_kefu\.data\neo4j-win\data\transactions\system\checkpoint.0] at version=0
2026-05-13 09:29:13.114+0000 INFO  [o.n.k.i.t.l.f.c.CheckpointLogFile] [system/00000000] Scanning log file with version 0 for checkpoint entries
2026-05-13 09:29:13.131+0000 INFO  [o.n.k.a.DatabaseAvailabilityGuard] [system/00000000] Fulfilling of requirement 'Database unavailable' makes database system available.
2026-05-13 09:29:13.132+0000 INFO  [o.n.k.a.DatabaseAvailabilityGuard] [system/00000000] DatabaseId{00000000[system]} is ready.
2026-05-13 09:29:13.402+0000 INFO  [o.n.k.i.a.i.IndexPopulationJob] [system/00000000] Index population started: [Index( id=2, name='index_f7700477', type='LOOKUP', schema=()-[:<any-types>]-(), indexProvider='token-lookup-1.0' )]
2026-05-13 09:29:13.462+0000 INFO  [o.n.k.i.a.i.IndexPopulationJob] [system/00000000] Index creation finished for index [Index( id=2, name='index_f7700477', type='LOOKUP', schema=()-[:<any-types>]-(), indexProvider='token-lookup-1.0' )].
2026-05-13 09:29:13.487+0000 INFO  [o.n.k.i.a.i.IndexPopulationJob] [system/00000000] Index population started: [Index( id=1, name='index_343aff4e', type='LOOKUP', schema=(:<any-labels>), indexProvider='token-lookup-1.0' )]
2026-05-13 09:29:13.501+0000 INFO  [o.n.k.i.a.i.IndexPopulationJob] [system/00000000] Index creation finished for index [Index( id=1, name='index_343aff4e', type='LOOKUP', schema=(:<any-labels>), indexProvider='token-lookup-1.0' )].
2026-05-13 09:29:13.524+0000 INFO  [o.n.k.i.t.l.c.CheckPointerImpl] [system/00000000] Checkpoint triggered by "Database init completed." @ txId: 3, append index: 3 checkpoint started...
2026-05-13 09:29:13.587+0000 INFO  [o.n.k.i.t.l.c.CheckPointerImpl] [system/00000000] Checkpoint triggered by "Database init completed." @ txId: 3, append index: 3 checkpoint completed in 62ms. Checkpoint flushed 74 pages (0% of total available pages), in 57 IOs. Checkpoint performed with IO limit: unlimited, paused in total 0 times( 0 millis).
2026-05-13 09:29:13.589+0000 INFO  [o.n.k.i.t.l.p.LogPruningImpl] [system/00000000] No log version pruned. The strategy used was '2 days'. 
2026-05-13 09:29:13.690+0000 INFO  [o.n.k.i.a.i.IndexPopulationJob] [system/00000000] Index population started: [Index( id=3, name='constraint_798238d6', type='RANGE', schema=(:DatabaseName {name, namespace}), indexProvider='range-1.0' )]
2026-05-13 09:29:13.729+0000 INFO  [o.n.k.i.a.i.IndexPopulationJob] [system/00000000] Index creation finished for index [Index( id=3, name='constraint_798238d6', type='RANGE', schema=(:DatabaseName {name, namespace}), indexProvider='range-1.0' )].
2026-05-13 09:29:13.766+0000 INFO  [o.n.k.i.a.i.IndexPopulationJob] [system/00000000] Index population started: [Index( id=4, name='constraint_8014b60a', type='RANGE', schema=(:Database {name}), indexProvider='range-1.0' )]
2026-05-13 09:29:13.771+0000 INFO  [o.n.k.i.a.i.IndexPopulationJob] [system/00000000] Index creation finished for index [Index( id=4, name='constraint_8014b60a', type='RANGE', schema=(:Database {name}), indexProvider='range-1.0' )].
2026-05-13 09:29:13.802+0000 INFO  [o.n.k.i.a.i.IndexingService] [system/00000000] Constraint Index( id=3, name='constraint_798238d6', type='RANGE', schema=(:Label[1] {PropertyKey[11], PropertyKey[12]}), indexProvider='range-1.0' ) is ONLINE.
2026-05-13 09:29:13.802+0000 INFO  [o.n.k.i.a.i.IndexingService] [system/00000000] Constraint Index( id=4, name='constraint_8014b60a', type='RANGE', schema=(:Label[2] {PropertyKey[11]}), indexProvider='range-1.0' ) is ONLINE.
2026-05-13 09:29:13.947+0000 INFO  [o.n.k.i.a.i.IndexPopulationJob] [system/00000000] Index population started: [Index( id=7, name='constraint_5789ae3', type='RANGE', schema=(:User {name}), indexProvider='range-1.0' )]
2026-05-13 09:29:13.953+0000 INFO  [o.n.k.i.a.i.IndexPopulationJob] [system/00000000] Index creation finished for index [Index( id=7, name='constraint_5789ae3', type='RANGE', schema=(:User {name}), indexProvider='range-1.0' )].
2026-05-13 09:29:13.977+0000 INFO  [o.n.k.i.a.i.IndexPopulationJob] [system/00000000] Index population started: [Index( id=8, name='constraint_74fad970', type='RANGE', schema=(:User {id}), indexProvider='range-1.0' )]
2026-05-13 09:29:13.987+0000 INFO  [o.n.k.i.a.i.IndexPopulationJob] [system/00000000] Index creation finished for index [Index( id=8, name='constraint_74fad970', type='RANGE', schema=(:User {id}), indexProvider='range-1.0' )].
2026-05-13 09:29:14.005+0000 INFO  [o.n.k.i.a.i.IndexPopulationJob] [system/00000000] Index population started: [Index( id=9, name='auth-constraint', type='RANGE', schema=(:Auth {provider, id}), indexProvider='range-1.0' )]
2026-05-13 09:29:14.014+0000 INFO  [o.n.k.i.a.i.IndexPopulationJob] [system/00000000] Index creation finished for index [Index( id=9, name='auth-constraint', type='RANGE', schema=(:Auth {provider, id}), indexProvider='range-1.0' )].
2026-05-13 09:29:14.026+0000 INFO  [o.n.k.i.a.i.IndexingService] [system/00000000] Constraint Index( id=7, name='constraint_5789ae3', type='RANGE', schema=(:Label[3] {PropertyKey[11]}), indexProvider='range-1.0' ) is ONLINE.
2026-05-13 09:29:14.031+0000 INFO  [o.n.k.i.a.i.IndexingService] [system/00000000] Constraint Index( id=8, name='constraint_74fad970', type='RANGE', schema=(:Label[3] {PropertyKey[27]}), indexProvider='range-1.0' ) is ONLINE.
2026-05-13 09:29:14.031+0000 INFO  [o.n.k.i.a.i.IndexingService] [system/00000000] Constraint Index( id=9, name='auth-constraint', type='RANGE', schema=(:Label[4] {PropertyKey[28], PropertyKey[27]}), indexProvider='range-1.0' ) is ONLINE.
2026-05-13 09:29:14.032+0000 INFO  [o.n.s.s.s.UserSecurityGraphComponent] Initializing system graph model for component 'security-users' with version -1 and status UNINITIALIZED
2026-05-13 09:29:14.043+0000 INFO  [o.n.s.s.s.UserSecurityGraphComponent] Setting up initial user from `auth.ini` file: neo4j
2026-05-13 09:29:14.046+0000 INFO  [o.n.s.s.a.CommunitySecurityModule] CREATE USER neo4j PASSWORD ****** CHANGE NOT REQUIRED
2026-05-13 09:29:14.059+0000 INFO  [o.n.s.s.s.UserSecurityGraphComponent] Setting version for 'security-users' to 5
2026-05-13 09:29:14.061+0000 INFO  [o.n.s.s.s.UserSecurityGraphComponent] After initialization of system graph model component 'security-users' have version 5 and status CURRENT
2026-05-13 09:29:14.065+0000 INFO  [o.n.s.s.s.UserSecurityGraphComponent] Performing postInitialization step for component 'security-users' with version 5 and status CURRENT
2026-05-13 09:29:14.071+0000 INFO  [o.n.d.d.DatabaseLifecycles] Creating 'DatabaseId{0a5c9463[neo4j]}'.
2026-05-13 09:29:14.076+0000 INFO  [o.n.d.d.DatabaseLifecycles] Starting 'DatabaseId{0a5c9463[neo4j]}'.
2026-05-13 09:29:14.089+0000 INFO  [o.n.k.i.s.f.RecordFormatSelector] [neo4j/0a5c9463] Selected configured format for store E:\workspacce\AI\ai_kefu\.data\neo4j-win\data\databases\neo4j: RecordFormat:PageAlignedV5_0[aligned-1.1]
2026-05-13 09:29:14.131+0000 INFO  [o.n.i.d.DiagnosticsManager] [neo4j/0a5c9463] 
                                                                [neo4j/0a5c9463] ********************************************************************************
                                                                [neo4j/0a5c9463]                               [ Database: neo4j ]                               
                                                                [neo4j/0a5c9463] ********************************************************************************
                                                                [neo4j/0a5c9463] --------------------------------------------------------------------------------
                                                                [neo4j/0a5c9463]                                   [ Version ]                                   
                                                                [neo4j/0a5c9463] --------------------------------------------------------------------------------
                                                                [neo4j/0a5c9463] DBMS: community record-aligned-1.1
                                                                [neo4j/0a5c9463] Kernel version: 5.26.26
                                                                [neo4j/0a5c9463] 
                                                                [neo4j/0a5c9463] --------------------------------------------------------------------------------
                                                                [neo4j/0a5c9463]                                 [ Store files ]                                 
                                                                [neo4j/0a5c9463] --------------------------------------------------------------------------------
                                                                [neo4j/0a5c9463] Disk space on partition (Total / Free / Free %): 952245415936 / 231801266176 / 24
                                                                [neo4j/0a5c9463] Storage files stored on file store: NTFS
                                                                [neo4j/0a5c9463] Storage files: (filename : modification date - size)
                                                                [neo4j/0a5c9463]   neostore: 2026-05-13 09:29:14.117+0000 - 8.000KiB
                                                                [neo4j/0a5c9463]   neostore.counts.db: 2026-05-13 09:29:14.118+0000 - 0B
                                                                [neo4j/0a5c9463]   neostore.indexstats.db: 2026-05-13 09:29:14.120+0000 - 0B
                                                                [neo4j/0a5c9463]   neostore.labeltokenstore.db: 2026-05-13 09:29:14.112+0000 - 0B
                                                                [neo4j/0a5c9463]   neostore.labeltokenstore.db.id: 2026-05-13 09:29:14.111+0000 - 0B
                                                                [neo4j/0a5c9463]   neostore.labeltokenstore.db.names: 2026-05-13 09:29:14.110+0000 - 8.000KiB
                                                                [neo4j/0a5c9463]   neostore.labeltokenstore.db.names.id: 2026-05-13 09:29:14.110+0000 - 0B
                                                                [neo4j/0a5c9463]   neostore.nodestore.db: 2026-05-13 09:29:14.094+0000 - 0B
                                                                [neo4j/0a5c9463]   neostore.nodestore.db.id: 2026-05-13 09:29:14.093+0000 - 0B
                                                                [neo4j/0a5c9463]   neostore.nodestore.db.labels: 2026-05-13 09:29:14.091+0000 - 8.000KiB
                                                                [neo4j/0a5c9463]   neostore.nodestore.db.labels.id: 2026-05-13 09:29:14.090+0000 - 0B
                                                                [neo4j/0a5c9463]   neostore.propertystore.db: 2026-05-13 09:29:14.104+0000 - 0B
                                                                [neo4j/0a5c9463]   neostore.propertystore.db.arrays: 2026-05-13 09:29:14.101+0000 - 8.000KiB
                                                                [neo4j/0a5c9463]   neostore.propertystore.db.arrays.id: 2026-05-13 09:29:14.101+0000 - 0B
                                                                [neo4j/0a5c9463]   neostore.propertystore.db.id: 2026-05-13 09:29:14.101+0000 - 0B
                                                                [neo4j/0a5c9463]   neostore.propertystore.db.index: 2026-05-13 09:29:14.098+0000 - 0B
                                                                [neo4j/0a5c9463]   neostore.propertystore.db.index.id: 2026-05-13 09:29:14.098+0000 - 0B
                                                                [neo4j/0a5c9463]   neostore.propertystore.db.index.keys: 2026-05-13 09:29:14.096+0000 - 8.000KiB
                                                                [neo4j/0a5c9463]   neostore.propertystore.db.index.keys.id: 2026-05-13 09:29:14.095+0000 - 0B
                                                                [neo4j/0a5c9463]   neostore.propertystore.db.strings: 2026-05-13 09:29:14.098+0000 - 8.000KiB
                                                                [neo4j/0a5c9463]   neostore.propertystore.db.strings.id: 2026-05-13 09:29:14.098+0000 - 0B
                                                                [neo4j/0a5c9463]   neostore.relationshipgroupstore.db: 2026-05-13 09:29:14.115+0000 - 8.000KiB
                                                                [neo4j/0a5c9463]   neostore.relationshipgroupstore.db.id: 2026-05-13 09:29:14.115+0000 - 0B
                                                                [neo4j/0a5c9463]   neostore.relationshipgroupstore.degrees.db: 2026-05-13 09:29:14.119+0000 - 0B
                                                                [neo4j/0a5c9463]   neostore.relationshipstore.db: 2026-05-13 09:29:14.106+0000 - 0B
                                                                [neo4j/0a5c9463]   neostore.relationshipstore.db.id: 2026-05-13 09:29:14.105+0000 - 0B
                                                                [neo4j/0a5c9463]   neostore.relationshiptypestore.db: 2026-05-13 09:29:14.109+0000 - 0B
                                                                [neo4j/0a5c9463]   neostore.relationshiptypestore.db.id: 2026-05-13 09:29:14.108+0000 - 0B
                                                                [neo4j/0a5c9463]   neostore.relationshiptypestore.db.names: 2026-05-13 09:29:14.107+0000 - 8.000KiB
                                                                [neo4j/0a5c9463]   neostore.relationshiptypestore.db.names.id: 2026-05-13 09:29:14.106+0000 - 0B
                                                                [neo4j/0a5c9463]   neostore.schemastore.db: 2026-05-13 09:29:14.113+0000 - 8.000KiB
                                                                [neo4j/0a5c9463]   neostore.schemastore.db.id: 2026-05-13 09:29:14.113+0000 - 0B
                                                                [neo4j/0a5c9463] Storage summary: 
                                                                [neo4j/0a5c9463]   Total size of store: 72.00KiB
                                                                [neo4j/0a5c9463]   Total size of mapped files: 72.00KiB
                                                                [neo4j/0a5c9463] 
                                                                [neo4j/0a5c9463] --------------------------------------------------------------------------------
                                                                [neo4j/0a5c9463]                               [ Transaction log ]                               
                                                                [neo4j/0a5c9463] --------------------------------------------------------------------------------
                                                                [neo4j/0a5c9463] Transaction log files stored on file store: NTFS
                                                                [neo4j/0a5c9463] Transaction log metadata:
                                                                [neo4j/0a5c9463]  - current kernel version used in transactions: V5_25
                                                                [neo4j/0a5c9463]  - last committed transaction id: 1
                                                                [neo4j/0a5c9463] Transaction log files:
                                                                [neo4j/0a5c9463]  - existing transaction log versions: -1--1
                                                                [neo4j/0a5c9463]  - no transactions found
                                                                [neo4j/0a5c9463] Checkpoint log files:
                                                                [neo4j/0a5c9463]  - existing checkpoint log versions: -1--1
                                                                [neo4j/0a5c9463]  - no checkpoints found
                                                                [neo4j/0a5c9463] 
                                                                [neo4j/0a5c9463] --------------------------------------------------------------------------------
                                                                [neo4j/0a5c9463]                                   [ Id usage ]                                  
                                                                [neo4j/0a5c9463] --------------------------------------------------------------------------------
                                                                [neo4j/0a5c9463] ArrayPropertyStore[neostore.nodestore.db.labels]: used=1 high=0
                                                                [neo4j/0a5c9463] NodeStore[neostore.nodestore.db]: used=0 high=-1
                                                                [neo4j/0a5c9463] StringPropertyStore[neostore.propertystore.db.index.keys]: used=1 high=0
                                                                [neo4j/0a5c9463] PropertyIndexStore[neostore.propertystore.db.index]: used=0 high=-1
                                                                [neo4j/0a5c9463] StringPropertyStore[neostore.propertystore.db.strings]: used=1 high=0
                                                                [neo4j/0a5c9463] ArrayPropertyStore[neostore.propertystore.db.arrays]: used=1 high=0
                                                                [neo4j/0a5c9463] PropertyStore[neostore.propertystore.db]: used=0 high=-1
                                                                [neo4j/0a5c9463] RelationshipStore[neostore.relationshipstore.db]: used=0 high=-1
                                                                [neo4j/0a5c9463] StringPropertyStore[neostore.relationshiptypestore.db.names]: used=1 high=0
                                                                [neo4j/0a5c9463] RelationshipTypeStore[neostore.relationshiptypestore.db]: used=0 high=-1
                                                                [neo4j/0a5c9463] StringPropertyStore[neostore.labeltokenstore.db.names]: used=1 high=0
                                                                [neo4j/0a5c9463] LabelTokenStore[neostore.labeltokenstore.db]: used=0 high=-1
                                                                [neo4j/0a5c9463] SchemaStore[neostore.schemastore.db]: used=1 high=0
                                                                [neo4j/0a5c9463] RelationshipGroupStore[neostore.relationshipgroupstore.db]: used=1 high=0
                                                                [neo4j/0a5c9463] NeoStore[neostore]: used=-1 high=-1
                                                                [neo4j/0a5c9463] 
                                                                [neo4j/0a5c9463] --------------------------------------------------------------------------------
                                                                [neo4j/0a5c9463]                                   [ Metadata ]                                  
                                                                [neo4j/0a5c9463] --------------------------------------------------------------------------------
                                                                [neo4j/0a5c9463] EXTERNAL_STORE_UUID (Database identifier exposed as external store identity. Generated on creation and never updated): 9d7acbea-4d6f-4ac6-b16c-ba4f97ec6c7d
                                                                [neo4j/0a5c9463] DATABASE_ID (The last used DatabaseId for this database): null
                                                                [neo4j/0a5c9463] LEGACY_STORE_VERSION (Legacy store format version. This field is used from 5.0 onwards only to distinguish non-migrated pre 5.0 metadata stores.): -3523014627327384477
                                                                [neo4j/0a5c9463] STORE_ID (Store ID): StoreId{creationTime=1778664554117, random=-3486631801371037523, storageEngineName='record', formatName='aligned', majorVersion=1, minorVersion=1}
                                                                [neo4j/0a5c9463] 
2026-05-13 09:29:14.133+0000 INFO  [o.n.k.a.DatabaseAvailabilityGuard] [neo4j/0a5c9463] Requirement `Database unavailable` makes database neo4j unavailable.
2026-05-13 09:29:14.133+0000 INFO  [o.n.k.a.DatabaseAvailabilityGuard] [neo4j/0a5c9463] DatabaseId{0a5c9463[neo4j]} is unavailable.
2026-05-13 09:29:14.135+0000 WARN  [o.n.k.i.s.MetaDataStore] [neo4j/0a5c9463] Missing counts store, rebuilding it.
2026-05-13 09:29:14.135+0000 WARN  [o.n.k.i.s.MetaDataStore] [neo4j/0a5c9463] Counts store rebuild completed.
2026-05-13 09:29:14.135+0000 INFO  [o.n.k.d.Database] [neo4j/0a5c9463] Starting transaction log [E:\workspacce\AI\ai_kefu\.data\neo4j-win\data\transactions\neo4j\neostore.transaction.db.0] at version=0
2026-05-13 09:29:14.148+0000 INFO  [o.n.k.d.Database] [neo4j/0a5c9463] Starting transaction log [E:\workspacce\AI\ai_kefu\.data\neo4j-win\data\transactions\neo4j\checkpoint.0] at version=0
2026-05-13 09:29:14.156+0000 INFO  [o.n.k.i.t.l.f.c.CheckpointLogFile] [neo4j/0a5c9463] Scanning log file with version 0 for checkpoint entries
2026-05-13 09:29:14.159+0000 INFO  [o.n.k.a.DatabaseAvailabilityGuard] [neo4j/0a5c9463] Fulfilling of requirement 'Database unavailable' makes database neo4j available.
2026-05-13 09:29:14.159+0000 INFO  [o.n.k.a.DatabaseAvailabilityGuard] [neo4j/0a5c9463] DatabaseId{0a5c9463[neo4j]} is ready.
2026-05-13 09:29:14.164+0000 INFO  [o.n.k.i.a.i.IndexPopulationJob] [neo4j/0a5c9463] Index population started: [Index( id=2, name='index_f7700477', type='LOOKUP', schema=()-[:<any-types>]-(), indexProvider='token-lookup-1.0' )]
2026-05-13 09:29:14.171+0000 INFO  [o.n.k.i.a.i.IndexPopulationJob] [neo4j/0a5c9463] Index creation finished for index [Index( id=2, name='index_f7700477', type='LOOKUP', schema=()-[:<any-types>]-(), indexProvider='token-lookup-1.0' )].
2026-05-13 09:29:14.185+0000 INFO  [o.n.k.i.a.i.IndexPopulationJob] [neo4j/0a5c9463] Index population started: [Index( id=1, name='index_343aff4e', type='LOOKUP', schema=(:<any-labels>), indexProvider='token-lookup-1.0' )]
2026-05-13 09:29:14.198+0000 INFO  [o.n.k.i.a.i.IndexPopulationJob] [neo4j/0a5c9463] Index creation finished for index [Index( id=1, name='index_343aff4e', type='LOOKUP', schema=(:<any-labels>), indexProvider='token-lookup-1.0' )].
2026-05-13 09:29:14.209+0000 INFO  [o.n.k.i.t.l.c.CheckPointerImpl] [neo4j/0a5c9463] Checkpoint triggered by "Database init completed." @ txId: 3, append index: 3 checkpoint started...
2026-05-13 09:29:14.244+0000 INFO  [o.n.k.i.t.l.c.CheckPointerImpl] [neo4j/0a5c9463] Checkpoint triggered by "Database init completed." @ txId: 3, append index: 3 checkpoint completed in 37ms. Checkpoint flushed 74 pages (0% of total available pages), in 57 IOs. Checkpoint performed with IO limit: unlimited, paused in total 0 times( 0 millis).
2026-05-13 09:29:14.244+0000 INFO  [o.n.k.i.t.l.p.LogPruningImpl] [neo4j/0a5c9463] No log version pruned. The strategy used was '2 days'. 
2026-05-13 09:29:14.304+0000 INFO  [o.n.b.p.c.c.n.SocketNettyConnector] Bolt enabled on 127.0.0.1:7687.
2026-05-13 09:29:14.306+0000 WARN  [i.n.b.ServerBootstrap] Unknown channel option 'SO_REUSEADDR' for channel '[id: 0xdbac0d05]' of type 'class io.netty.channel.local.LocalServerChannel'
2026-05-13 09:29:14.312+0000 INFO  [o.n.b.BoltServer] Bolt server started
2026-05-13 09:29:14.312+0000 INFO  [o.n.s.A.ServerComponentsLifecycleAdapter] Starting web server
2026-05-13 09:29:16.534+0000 INFO  [o.n.s.CommunityNeoWebServer] HTTP enabled on 127.0.0.1:7474.
2026-05-13 09:29:16.537+0000 INFO  [o.n.s.CommunityNeoWebServer] Remote interface available at http://localhost:7474/
2026-05-13 09:29:16.537+0000 INFO  [o.n.s.A.ServerComponentsLifecycleAdapter] Web server started.
2026-05-13 09:29:16.544+0000 INFO  [o.n.g.f.DatabaseManagementServiceFactory] id: FB3B039A7857AC973A9E3B82A4DF286D16BC87314DB14D9088A1FB069A158A18
2026-05-13 09:29:16.545+0000 INFO  [o.n.g.f.DatabaseManagementServiceFactory] name: system
2026-05-13 09:29:16.545+0000 INFO  [o.n.g.f.DatabaseManagementServiceFactory] creationDate: 2026-05-13T09:29:12.847Z
2026-05-13 09:44:13.637+0000 INFO  [o.n.k.i.t.l.c.CheckPointerImpl] [system/00000000] Checkpoint triggered by "Scheduled checkpoint for every 15 minutes threshold" @ txId: 41, append index: 41 checkpoint started...
2026-05-13 09:44:13.718+0000 INFO  [o.n.k.i.t.l.c.CheckPointerImpl] [system/00000000] Checkpoint triggered by "Scheduled checkpoint for every 15 minutes threshold" @ txId: 41, append index: 41 checkpoint completed in 79ms. Checkpoint flushed 73 pages (0% of total available pages), in 73 IOs. Checkpoint performed with IO limit: unlimited, paused in total 0 times( 0 millis).
2026-05-13 09:44:13.718+0000 INFO  [o.n.k.i.t.l.p.LogPruningImpl] [system/00000000] No log version pruned. The strategy used was '2 days'. 
2026-05-19 08:17:12.530+0000 INFO  [o.n.g.f.m.GlobalModule] Logging config in use: File 'E:\environment\neo4j-community-5.26.26\conf\server-logs.xml'
2026-05-19 08:17:12.896+0000 WARN  [o.n.i.p.PageCache] Reflection access to java.nio.DirectByteBuffer is not available, using fallback mode. This could have negative impact on performance and memory usage. Consider adding --add-opens=java.base/java.nio=ALL-UNNAMED to VM options.
2026-05-19 08:17:13.096+0000 ERROR [o.n.i.d.DiagnosticsManager] Failure while logging diagnostics for LIBRARY_PATH
java.nio.file.InvalidPathException: Illegal char <"> at index 0: "E:\environment\jdk21\jre\bin
	at java.base/sun.nio.fs.WindowsPathParser.normalize(WindowsPathParser.java:204)
	at java.base/sun.nio.fs.WindowsPathParser.parse(WindowsPathParser.java:175)
	at java.base/sun.nio.fs.WindowsPathParser.parse(WindowsPathParser.java:77)
	at java.base/sun.nio.fs.WindowsPath.parse(WindowsPath.java:92)
	at java.base/sun.nio.fs.WindowsFileSystem.getPath(WindowsFileSystem.java:231)
	at java.base/java.nio.file.Path.of(Path.java:148)
	at org.neo4j.kernel.diagnostics.providers.SystemDiagnostics.canonicalize(SystemDiagnostics.java:270)
	at org.neo4j.kernel.diagnostics.providers.SystemDiagnostics$6.dump(SystemDiagnostics.java:185)
	at org.neo4j.internal.diagnostics.DiagnosticsManager.dump(DiagnosticsManager.java:49)
	at org.neo4j.kernel.diagnostics.providers.DbmsDiagnosticsManager.lambda$dumpSystemDiagnostics$7(DbmsDiagnosticsManager.java:158)
	at org.neo4j.kernel.diagnostics.providers.DbmsDiagnosticsManager.dumpAsSingleMessageWithPrefix(DbmsDiagnosticsManager.java:231)
	at org.neo4j.kernel.diagnostics.providers.DbmsDiagnosticsManager.dumpAsSingleMessage(DbmsDiagnosticsManager.java:217)
	at org.neo4j.kernel.diagnostics.providers.DbmsDiagnosticsManager.dumpSystemDiagnostics(DbmsDiagnosticsManager.java:152)
	at org.neo4j.kernel.diagnostics.providers.DbmsDiagnosticsManager.dumpSystemDiagnostics(DbmsDiagnosticsManager.java:79)
	at org.neo4j.graphdb.factory.module.GlobalModule.<init>(GlobalModule.java:249)
	at org.neo4j.graphdb.facade.DatabaseManagementServiceFactory.createGlobalModule(DatabaseManagementServiceFactory.java:325)
	at org.neo4j.graphdb.facade.DatabaseManagementServiceFactory.build(DatabaseManagementServiceFactory.java:144)
	at org.neo4j.server.CommunityBootstrapper.createNeo(CommunityBootstrapper.java:38)
	at org.neo4j.server.NeoBootstrapper.start(NeoBootstrapper.java:185)
	at org.neo4j.server.NeoBootstrapper.start(NeoBootstrapper.java:100)
	at org.neo4j.server.CommunityEntryPoint.main(CommunityEntryPoint.java:30)
2026-05-19 08:17:13.178+0000 INFO  [o.n.i.d.DiagnosticsManager] 
                                                                ********************************************************************************
                                                                                             [ System diagnostics ]                             
                                                                ********************************************************************************
2026-05-19 08:17:13.178+0000 INFO  [o.n.i.d.DiagnosticsManager] 
                                                                --------------------------------------------------------------------------------
                                                                                         [ System memory information ]                          
                                                                --------------------------------------------------------------------------------
                                                                Total Physical memory: 15.78GiB
                                                                Free Physical memory: 1.558GiB
                                                                Committed virtual memory: 676.1MiB
                                                                Total swap space: 34.78GiB
                                                                Free swap space: 7.658GiB
                                                                
2026-05-19 08:17:13.178+0000 INFO  [o.n.i.d.DiagnosticsManager] 
                                                                --------------------------------------------------------------------------------
                                                                                           [ JVM memory information ]                           
                                                                --------------------------------------------------------------------------------
                                                                Free  memory: 486.1MiB
                                                                Total memory: 512.0MiB
                                                                Max   memory: 512.0MiB
                                                                Garbage Collector: G1 Young Generation: [G1 Eden Space, G1 Survivor Space, G1 Old Gen]
                                                                Garbage Collector: G1 Concurrent GC: [G1 Old Gen]
                                                                Garbage Collector: G1 Old Generation: [G1 Eden Space, G1 Survivor Space, G1 Old Gen]
                                                                Memory Pool: CodeHeap 'non-nmethods' (Non-heap memory): committed=3.250MiB, used=3.149MiB, max=7.313MiB, threshold=0B
                                                                Memory Pool: Metaspace (Non-heap memory): committed=22.00MiB, used=21.71MiB, max=-1B, threshold=0B
                                                                Memory Pool: CodeHeap 'profiled nmethods' (Non-heap memory): committed=5.313MiB, used=5.268MiB, max=116.3MiB, threshold=0B
                                                                Memory Pool: Compressed Class Space (Non-heap memory): committed=2.375MiB, used=2.244MiB, max=1.000GiB, threshold=0B
                                                                Memory Pool: G1 Eden Space (Heap memory): committed=317.0MiB, used=6.000MiB, max=-1B, threshold=?
                                                                Memory Pool: G1 Old Gen (Heap memory): committed=189.0MiB, used=14.22MiB, max=512.0MiB, threshold=0B
                                                                Memory Pool: G1 Survivor Space (Heap memory): committed=6.000MiB, used=5.704MiB, max=-1B, threshold=?
                                                                Memory Pool: CodeHeap 'non-profiled nmethods' (Non-heap memory): committed=2.438MiB, used=1.255MiB, max=116.4MiB, threshold=0B
                                                                
2026-05-19 08:17:13.178+0000 INFO  [o.n.i.d.DiagnosticsManager] 
                                                                --------------------------------------------------------------------------------
                                                                                        [ Operating system information ]                        
                                                                --------------------------------------------------------------------------------
                                                                Operating System: Windows 11; version: 10.0; arch: amd64; cpus: 16
                                                                Process id: 29896
                                                                Byte order: LITTLE_ENDIAN
                                                                Local timezone: Asia/Shanghai
                                                                Memory page size: 4096
                                                                Unaligned memory access allowed: true
                                                                
2026-05-19 08:17:13.178+0000 INFO  [o.n.i.d.DiagnosticsManager] 
                                                                --------------------------------------------------------------------------------
                                                                                              [ JVM information ]                               
                                                                --------------------------------------------------------------------------------
                                                                VM Name: Java HotSpot(TM) 64-Bit Server VM
                                                                VM Vendor: Oracle Corporation
                                                                VM Version: 21.0.7+8-LTS-245
                                                                JIT compiler: HotSpot 64-Bit Tiered Compilers
                                                                VM Arguments: [-Dfile.encoding=UTF-8, -Xms524288k, -Xmx524288k]
                                                                
2026-05-19 08:17:13.178+0000 INFO  [o.n.i.d.DiagnosticsManager] 

                                                                --------------------------------------------------------------------------------
                                                                                               [ Java classpath ]                               
                                                                --------------------------------------------------------------------------------
                                                                 [classpath] E:\environment\neo4j-community-5.26.26\lib\neo4j-import-util-5.26.26.jar
                                                                 [classpath] E:\environment\neo4j-community-5.26.26\lib\jaxb-api-2.2.12.jar
                                                                 [classpath] E:\environment\neo4j-community-5.26.26\lib\jetty-http2-common-12.1.8.jar
                                                                 [classpath] E:\environment\neo4j-community-5.26.26\lib\neo4j-bolt-connection-routed-11.0.1.jar
                                                                 [classpath] E:\environment\neo4j-community-5.26.26\lib\jettison-1.5.4.jar
                                                                 [classpath] E:\environment\neo4j-community-5.26.26\lib\neo4j-procedure-api-5.26.26.jar
                                                                 [classpath] E:\environment\neo4j-community-5.26.26\lib\shiro-core-2.1.0.jar
                                                                 [classpath] E:\environment\neo4j-community-5.26.26\lib\neo4j-resource-5.26.26.jar
                                                                 [classpath] E:\environment\neo4j-community-5.26.26\lib\jetty-http2-hpack-12.1.8.jar
                                                                 [classpath] E:\environment\neo4j-community-5.26.26\lib\neo4j-unsafe-5.26.26.jar
                                                                 [classpath] E:\environment\neo4j-community-5.26.26\lib\jPowerShell-3.0.jar
                                                                 [classpath] E:\environment\neo4j-community-5.26.26\lib\jline-terminal-3.21.0.jar
                                                                 [classpath] E:\environment\neo4j-community-5.26.26\lib\neo4j-cypher-physical-planning-5.26.26.jar
                                                                 [classpath] E:\environment\neo4j-community-5.26.26\lib\netty-transport-native-unix-common-4.1.133.Final.jar
                                                                 [classpath] E:\environment\neo4j-community-5.26.26\lib\jackson-jaxrs-json-provider-2.21.1.jar
                                                                 [classpath] E:\environment\neo4j-community-5.26.26\lib\shiro-crypto-core-2.1.0.jar
                                                                 [classpath] E:\environment\neo4j-community-5.26.26\lib\neo4j-cypher-javacc-parser-5.26.26.jar
                                                                 [classpath] E:\environment\neo4j-community-5.26.26\lib\jProcesses-1.6.5.jar
                                                                 [classpath] E:\environment\neo4j-community-5.26.26\lib\neo4j-import-tool-5.26.26.jar
                                                                 [classpath] E:\environment\neo4j-community-5.26.26\lib\commons-codec-1.17.1.jar
                                                                 [classpath] E:\environment\neo4j-community-5.26.26\lib\jackson-module-jaxb-annotations-2.21.1.jar
                                                                 [classpath] E:\environment\neo4j-community-5.26.26\lib\argparse4j-0.9.0.jar
                                                                 [classpath] E:\environment\neo4j-community-5.26.26\lib\istack-commons-runtime-3.0.8.jar
                                                                 [classpath] E:\environment\neo4j-community-5.26.26\lib\neo4j-logging-5.26.26.jar
                                                                 [classpath] E:\environment\neo4j-community-5.26.26\lib\cypher-v25-ast-factory-5.26.26.jar
                                                                 [classpath] E:\environment\neo4j-community-5.26.26\lib\netty-handler-4.1.133.Final.jar
                                                                 [classpath] E:\environment\neo4j-community-5.26.26\lib\jersey-server-2.46.jar
                                                                 [classpath] E:\environment\neo4j-community-5.26.26\lib\neo4j-import-api-5.26.26.jar
                                                                 [classpath] E:\environment\neo4j-community-5.26.26\lib\neo4j-cypher-config-5.26.26.jar
                                                                 [classpath] E:\environment\neo4j-community-5.26.26\lib\neo4j-kernel-api-5.26.26.jar
                                                                 [classpath] E:\environment\neo4j-community-5.26.26\lib\neo4j-cypher-runtime-util-5.26.26.jar
                                                                 [classpath] E:\environment\neo4j-community-5.26.26\lib\neo4j-common-5.26.26.jar
                                                                 [classpath] E:\environment\neo4j-community-5.26.26\lib\commons-text-1.12.0.jar
                                                                 [classpath] E:\environment\neo4j-community-5.26.26\lib\zstd-jni-1.5.6-6.jar
                                                                 [classpath] E:\environment\neo4j-community-5.26.26\lib\lucene-backward-codecs-9.11.1.jar
                                                                 [classpath] E:\environment\neo4j-community-5.26.26\lib\parquet-floor-1.62.jar
                                                                 [classpath] E:\environment\neo4j-community-5.26.26\lib\neo4j-graphdb-api-5.26.26.jar
                                                                 [classpath] E:\environment\neo4j-community-5.26.26\lib\neo4j-csv-5.26.26.jar
                                                                 [classpath] E:\environment\neo4j-community-5.26.26\lib\kiama_2.13-2.5.1.jar
                                                                 [classpath] E:\environment\neo4j-community-5.26.26\lib\hk2-utils-2.6.1.jar
                                                                 [classpath] E:\environment\neo4j-community-5.26.26\lib\FastInfoset-1.2.16.jar
                                                                 [classpath] E:\environment\neo4j-community-5.26.26\lib\neo4j-query-router-5.26.26.jar
                                                                 [classpath] E:\environment\neo4j-community-5.26.26\lib\scala-library-2.13.11.jar
                                                                 [classpath] E:\environment\neo4j-community-5.26.26\lib\neo4j-cypher-ir-5.26.26.jar
                                                                 [classpath] E:\environment\neo4j-community-5.26.26\lib\netty-resolver-4.1.133.Final.jar
                                                                 [classpath] E:\environment\neo4j-community-5.26.26\lib\caffeine-3.1.8.jar
2026-05-19 08:17:13.178+0000 INFO  [o.n.i.d.DiagnosticsManager] 
                                                                 [classpath] E:\environment\neo4j-community-5.26.26\lib\commons-io-2.17.0.jar
                                                                 [classpath] E:\environment\neo4j-community-5.26.26\lib\neo4j-procedure-5.26.26.jar
                                                                 [classpath] E:\environment\neo4j-community-5.26.26\lib\jakarta.activation-api-1.2.2.jar
                                                                 [classpath] E:\environment\neo4j-community-5.26.26\lib\jetty-session-12.1.8.jar
                                                                 [classpath] E:\environment\neo4j-community-5.26.26\lib\neo4j-data-collector-5.26.26.jar
                                                                 [classpath] E:\environment\neo4j-community-5.26.26\lib\jline-terminal-jansi-3.21.0.jar
                                                                 [classpath] E:\environment\neo4j-community-5.26.26\lib\neo4j-dbms-5.26.26.jar
                                                                 [classpath] E:\environment\neo4j-community-5.26.26\lib\javassist-3.30.2-GA.jar
                                                                 [classpath] E:\environment\neo4j-community-5.26.26\lib\shiro-crypto-hash-2.1.0.jar
                                                                 [classpath] E:\environment\neo4j-community-5.26.26\lib\shiro-hashes-argon2-2.1.0.jar
                                                                 [classpath] E:\environment\neo4j-community-5.26.26\lib\neo4j-slf4j-provider-5.26.26.jar
                                                                 [classpath] E:\environment\neo4j-community-5.26.26\lib\neo4j-lock-5.26.26.jar
                                                                 [classpath] E:\workspacce\AI\ai_kefu\local_services\*
                                                                 [classpath] E:\environment\neo4j-community-5.26.26\lib\neo4j-cloud-5.26.26.jar
                                                                 [classpath] E:\environment\neo4j-community-5.26.26\lib\neo4j-cypher-interpreted-runtime-5.26.26.jar
                                                                 [classpath] E:\environment\neo4j-community-5.26.26\lib\neo4j-push-to-cloud-5.26.26.jar
                                                                 [classpath] E:\environment\neo4j-community-5.26.26\lib\jctools-core-4.0.5.jar
                                                                 [classpath] E:\environment\neo4j-community-5.26.26\lib\txw2-2.3.2.jar
                                                                 [classpath] E:\environment\neo4j-community-5.26.26\lib\commons-configuration2-2.11.0.jar
                                                                 [classpath] E:\environment\neo4j-community-5.26.26\lib\neo4j-native-5.26.26.jar
                                                                 [classpath] E:\environment\neo4j-community-5.26.26\lib\neo4j-expressions-5.26.26.jar
                                                                 [classpath] E:\environment\neo4j-community-5.26.26\lib\neo4j-consistency-check-5.26.26.jar
                                                                 [classpath] E:\environment\neo4j-community-5.26.26\lib\netty-transport-native-epoll-4.1.133.Final-linux-aarch_64.jar
                                                                 [classpath] E:\environment\neo4j-community-5.26.26\lib\neo4j-notifications-5.26.26.jar
                                                                 [classpath] E:\environment\neo4j-community-5.26.26\lib\neo4j-exceptions-5.26.26.jar
                                                                 [classpath] E:\environment\neo4j-community-5.26.26\lib\neo4j-values-5.26.26.jar
                                                                 [classpath] E:\environment\neo4j-community-5.26.26\lib\neo4j-ssl-5.26.26.jar
                                                                 [classpath] E:\environment\neo4j-community-5.26.26\lib\jakarta.annotation-api-1.3.5.jar
                                                                 [classpath] E:\environment\neo4j-community-5.26.26\lib\neo4j-wal-5.26.26.jar
                                                                 [classpath] E:\environment\neo4j-community-5.26.26\lib\jline-reader-3.21.0.jar
                                                                 [classpath] E:\environment\neo4j-community-5.26.26\lib\annotations-5.26.26.jar
                                                                 [classpath] E:\environment\neo4j-community-5.26.26\lib\neo4j-fulltext-index-5.26.26.jar
                                                                 [classpath] E:\environment\neo4j-community-5.26.26\lib\lucene-core-9.11.1.jar
                                                                 [classpath] E:\environment\neo4j-community-5.26.26\lib\neo4j-token-api-5.26.26.jar
                                                                 [classpath] E:\environment\neo4j-community-5.26.26\lib\parquet-column-1.17.0.jar
                                                                 [classpath] E:\environment\neo4j-community-5.26.26\lib\neo4j-io-5.26.26.jar
                                                                 [classpath] E:\environment\neo4j-community-5.26.26\lib\jackson-jaxrs-base-2.21.1.jar
                                                                 [classpath] E:\environment\neo4j-community-5.26.26\lib\neo4j-codegen-5.26.26.jar
                                                                 [classpath] E:\environment\neo4j-community-5.26.26\lib\jetty-ee8-security-12.1.8.jar
                                                                 [classpath] E:\environment\neo4j-community-5.26.26\lib\jetty-util-12.1.8.jar
                                                                 [classpath] E:\environment\neo4j-community-5.26.26\lib\jetty-http-12.1.8.jar
                                                                 [classpath] E:\environment\neo4j-community-5.26.26\lib\neo4j-fabric-5.26.26.jar
                                                                 [classpath] E:\environment\neo4j-community-5.26.26\lib\antlr4-runtime-4.13.2.jar
                                                                 [classpath] E:\environment\neo4j-community-5.26.26\lib\neo4j-kernel-5.26.26.jar
                                                                 [classpath] E:\environment\neo4j-community-5.26.26\lib\jackson-annotations-2.21.jar
                                                                 [classpath] E:\environment\neo4j-community-5.26.26\lib\scala-collection-contrib_2.13-0.3.0.jar
                                                                 [classpath] E:\environment\neo4j-community-5.26.26\lib\jersey-container-servlet-2.46.jar
                                                                 [classpath] E:\environment\neo4j-community-5.26.26\lib\netty-transport-native-kqueue-4.1.133.Final-osx-x86_64.jar
                                                                 [classpath] E:\environment\neo4j-community-5.26.26\lib\neo4j-bolt-connection-netty-11.0.1.jar
                                                                 [classpath] E:\environment\neo4j-community-5.26.26\lib\neo4j-layout-5.26.26.jar
2026-05-19 08:17:13.178+0000 INFO  [o.n.i.d.DiagnosticsManager] 
                                                                 [classpath] E:\environment\neo4j-community-5.26.26\lib\neo4j-id-generator-5.26.26.jar
                                                                 [classpath] E:\environment\neo4j-community-5.26.26\lib\lucene-queryparser-9.11.1.jar
                                                                 [classpath] E:\environment\neo4j-community-5.26.26\lib\neo4j-bolt-5.26.26.jar
                                                                 [classpath] E:\environment\neo4j-community-5.26.26\lib\jts-core-1.20.0.jar
                                                                 [classpath] E:\environment\neo4j-community-5.26.26\lib\neo4j-cypher-5.26.26.jar
                                                                 [classpath] E:\environment\neo4j-community-5.26.26\lib\neo4j-bolt-connection-pooled-11.0.1.jar
                                                                 [classpath] E:\environment\neo4j-community-5.26.26\lib\ipaddress-5.5.1.jar
                                                                 [classpath] E:\environment\neo4j-community-5.26.26\lib\stax-ex-1.8.1.jar
                                                                 [classpath] E:\environment\neo4j-community-5.26.26\lib\neo4j-storage-engine-util-5.26.26.jar
                                                                 [classpath] E:\environment\neo4j-community-5.26.26\lib\server-api-5.26.26.jar
                                                                 [classpath] E:\environment\neo4j-community-5.26.26\lib\zstd-proxy-5.26.26.jar
                                                                 [classpath] E:\environment\neo4j-community-5.26.26\lib\log4j-layout-template-json-2.25.4.jar
                                                                 [classpath] E:\environment\neo4j-community-5.26.26\lib\cypher-parser-factory-5.26.26.jar
                                                                 [classpath] E:\environment\neo4j-community-5.26.26\lib\neo4j-schema-5.26.26.jar
                                                                 [classpath] E:\environment\neo4j-community-5.26.26\lib\log4j-core-2.25.4.jar
                                                                 [classpath] E:\environment\neo4j-community-5.26.26\lib\neo4j-bolt-connection-11.0.1.jar
                                                                 [classpath] E:\environment\neo4j-community-5.26.26\lib\parquet-format-structures-1.17.0.jar
                                                                 [classpath] E:\environment\neo4j-community-5.26.26\lib\neo4j-capabilities-5.26.26.jar
                                                                 [classpath] E:\environment\neo4j-community-5.26.26\lib\hk2-locator-2.6.1.jar
                                                                 [classpath] E:\environment\neo4j-community-5.26.26\lib\neo4j-graph-algo-5.26.26.jar
                                                                 [classpath] E:\environment\neo4j-community-5.26.26\lib\cypher-antlr-ast-common-5.26.26.jar
                                                                 [classpath] E:\environment\neo4j-community-5.26.26\lib\cypher-ast-factory-5.26.26.jar
                                                                 [classpath] E:\environment\neo4j-community-5.26.26\lib\parquet-hadoop-1.17.0.jar
                                                                 [classpath] E:\environment\neo4j-community-5.26.26\lib\jetty-http2-server-12.1.8.jar
                                                                 [classpath] E:\environment\neo4j-community-5.26.26\lib\jakarta.ws.rs-api-2.1.6.jar
                                                                 [classpath] E:\environment\neo4j-community-5.26.26\lib\netty-transport-native-epoll-4.1.133.Final-linux-x86_64.jar
                                                                 [classpath] E:\environment\neo4j-community-5.26.26\lib\jansi-2.4.0.jar
                                                                 [classpath] E:\environment\neo4j-community-5.26.26\lib\neo4j-rewriting-5.26.26.jar
                                                                 [classpath] E:\environment\neo4j-community-5.26.26\lib\neo4j-cypher-ast-factory-5.26.26.jar
                                                                 [classpath] E:\environment\neo4j-community-5.26.26\lib\neo4j-cypher-planner-spi-5.26.26.jar
                                                                 [classpath] E:\environment\neo4j-community-5.26.26\lib\neo4j-ast-5.26.26.jar
                                                                 [classpath] E:\environment\neo4j-community-5.26.26\lib\neo4j-cypher-rendering-5.26.26.jar
                                                                 [classpath] E:\environment\neo4j-community-5.26.26\lib\magnolia_2.13-1.1.8.jar
                                                                 [classpath] E:\environment\neo4j-community-5.26.26\lib\neo4j-collections-5.26.26.jar
                                                                 [classpath] E:\environment\neo4j-community-5.26.26\lib\neo4j-cypher-slotted-runtime-5.26.26.jar
                                                                 [classpath] E:\environment\neo4j-community-5.26.26\lib\reactor-core-3.7.12.jar
                                                                 [classpath] E:\environment\neo4j-community-5.26.26\lib\cypher-parser-ast-common-5.26.26.jar
                                                                 [classpath] E:\environment\neo4j-community-5.26.26\lib\neo4j-util-5.26.26.jar
                                                                 [classpath] E:\environment\neo4j-community-5.26.26\lib\jetty-ee8-webapp-12.1.8.jar
                                                                 [classpath] E:\environment\neo4j-community-5.26.26\lib\netty-buffer-4.1.133.Final.jar
                                                                 [classpath] E:\environment\neo4j-community-5.26.26\lib\cypher-v25-antlr-parser-5.26.26.jar
                                                                 [classpath] E:\environment\neo4j-community-5.26.26\lib\picocli-4.7.6.jar
                                                                 [classpath] E:\environment\neo4j-community-5.26.26\lib\neo4j-server-5.26.26.jar
                                                                 [classpath] E:\environment\neo4j-community-5.26.26\lib\netty-codec-4.1.133.Final.jar
                                                                 [classpath] E:\environment\neo4j-community-5.26.26\lib\jetty-xml-12.1.8.jar
                                                                 [classpath] E:\environment\neo4j-community-5.26.26\lib\neo4j-diagnostics-5.26.26.jar
                                                                 [classpath] E:\environment\neo4j-community-5.26.26\lib\parquet-encoding-1.17.0.jar
                                                                 [classpath] E:\environment\neo4j-community-5.26.26\lib\neo4j-java-driver-5.28.13.jar
                                                                 [classpath] E:\environment\neo4j-community-5.26.26\lib\neo4j-lucene-index-5.26.26.jar
                                                                 [classpath] E:\environment\neo4j-community-5.26.26\lib\eclipse-collections-api-11.1.0.jar
2026-05-19 08:17:13.178+0000 INFO  [o.n.i.d.DiagnosticsManager] 
                                                                 [classpath] E:\environment\neo4j-community-5.26.26\lib\neo4j-command-line-5.26.26.jar
                                                                 [classpath] E:\environment\neo4j-community-5.26.26\lib\parquet-common-1.17.0.jar
                                                                 [classpath] E:\environment\neo4j-community-5.26.26\lib\jetty-alpn-server-12.1.8.jar
                                                                 [classpath] E:\environment\neo4j-community-5.26.26\lib\jersey-container-servlet-core-2.46.jar
                                                                 [classpath] E:\environment\neo4j-community-5.26.26\lib\neo4j-index-5.26.26.jar
                                                                 [classpath] E:\environment\neo4j-community-5.26.26\lib\jetty-ee-webapp-12.1.8.jar
                                                                 [classpath] E:\environment\neo4j-community-5.26.26\lib\neo4j-cypher-expression-evaluator-5.26.26.jar
                                                                 [classpath] E:\environment\neo4j-community-5.26.26\lib\neo4j-cypher-macros-5.26.26.jar
                                                                 [classpath] E:\environment\neo4j-community-5.26.26\lib\neo4j-security-5.26.26.jar
                                                                 [classpath] E:\environment\neo4j-community-5.26.26\lib\jetty-ee8-nested-12.1.8.jar
                                                                 [classpath] E:\environment\neo4j-community-5.26.26\lib\neo4j-cypher-logical-plans-5.26.26.jar
                                                                 [classpath] E:\environment\neo4j-community-5.26.26\lib\cypher-parser-common-5.26.26.jar
                                                                 [classpath] E:\environment\neo4j-community-5.26.26\lib\shiro-event-2.1.0.jar
                                                                 [classpath] E:\environment\neo4j-community-5.26.26\lib\jakarta.validation-api-2.0.2.jar
                                                                 [classpath] E:\environment\neo4j-community-5.26.26\lib\cypher-v5-literal-interpreter-5.26.26.jar
                                                                 [classpath] E:\environment\neo4j-community-5.26.26\lib\commons-logging-1.3.4.jar
                                                                 [classpath] E:\environment\neo4j-community-5.26.26\lib\snappy-java-1.1.10.7.jar
                                                                 [classpath] E:\environment\neo4j-community-5.26.26\lib\javax.annotation-api-1.3.2.jar
                                                                 [classpath] E:\environment\neo4j-community-5.26.26\lib\netty-codec-http-4.1.133.Final.jar
                                                                 [classpath] E:\environment\neo4j-community-5.26.26\lib\neo4j-cypher-planner-5.26.26.jar
                                                                 [classpath] E:\environment\neo4j-community-5.26.26\lib\netty-transport-native-kqueue-4.1.133.Final-osx-aarch_64.jar
                                                                 [classpath] E:\environment\neo4j-community-5.26.26\lib\jetty-io-12.1.8.jar
                                                                 [classpath] E:\environment\neo4j-community-5.26.26\lib\netty-tcnative-classes-2.0.77.Final.jar
                                                                 [classpath] E:\environment\neo4j-community-5.26.26\lib\hk2-api-2.6.1.jar
                                                                 [classpath] E:\environment\neo4j-community-5.26.26\lib\commons-lang3-3.18.0.jar
                                                                 [classpath] E:\environment\neo4j-community-5.26.26\lib\neo4j-gql-status-5.26.26.jar
                                                                 [classpath] E:\environment\neo4j-community-5.26.26\lib\netty-transport-classes-epoll-4.1.133.Final.jar
                                                                 [classpath] E:\environment\neo4j-community-5.26.26\lib\neo4j-cypher-cache-5.26.26.jar
                                                                 [classpath] E:\environment\neo4j-community-5.26.26\lib\reactive-streams-1.0.4.jar
                                                                 [classpath] E:\environment\neo4j-community-5.26.26\lib\netty-transport-4.1.133.Final.jar
                                                                 [classpath] E:\environment\neo4j-community-5.26.26\lib\neo4j-monitoring-5.26.26.jar
                                                                 [classpath] E:\environment\neo4j-community-5.26.26\lib\jersey-client-2.46.jar
                                                                 [classpath] E:\environment\neo4j-community-5.26.26\lib\lucene-analysis-common-9.11.1.jar
                                                                 [classpath] E:\environment\neo4j-community-5.26.26\lib\scala-reflect-2.13.11.jar
                                                                 [classpath] E:\environment\neo4j-community-5.26.26\lib\jersey-hk2-2.46.jar
                                                                 [classpath] E:\environment\neo4j-community-5.26.26\lib\jetty-ee8-servlet-12.1.8.jar
                                                                 [classpath] E:\environment\neo4j-community-5.26.26\lib\jetty-servlet-api-4.0.9.jar
                                                                 [classpath] E:\environment\neo4j-community-5.26.26\lib\jaxb-runtime-2.3.2.jar
                                                                 [classpath] E:\environment\neo4j-community-5.26.26\lib\shiro-config-core-2.1.0.jar
                                                                 [classpath] E:\environment\neo4j-community-5.26.26\lib\jetty-server-12.1.8.jar
                                                                 [classpath] E:\environment\neo4j-community-5.26.26\lib\shiro-hashes-bcrypt-2.1.0.jar
                                                                 [classpath] E:\environment\neo4j-community-5.26.26\lib\neo4j-concurrent-5.26.26.jar
                                                                 [classpath] E:\environment\neo4j-community-5.26.26\lib\WMI4Java-1.6.3.jar
                                                                 [classpath] E:\environment\neo4j-community-5.26.26\lib\neo4j-spatial-index-5.26.26.jar
                                                                 [classpath] E:\environment\neo4j-community-5.26.26\lib\neo4j-record-storage-engine-5.26.26.jar
                                                                 [classpath] E:\environment\neo4j-community-5.26.26\lib\log4j-api-2.25.4.jar
                                                                 [classpath] E:\environment\neo4j-community-5.26.26\lib\cypher-shell-5.26.26.jar
                                                                 [classpath] E:\environment\neo4j-community-5.26.26\lib\jna-5.15.0.jar
                                                                 [classpath] E:\environment\neo4j-community-5.26.26\lib\netty-transport-classes-kqueue-4.1.133.Final.jar
                                                                 [classpath] E:\environment\neo4j-community-5.26.26\lib\cypher-v5-ast-factory-5.26.26.jar
2026-05-19 08:17:13.178+0000 INFO  [o.n.i.d.DiagnosticsManager] 
                                                                 [classpath] E:\environment\neo4j-community-5.26.26\lib\neo4j-bootcheck-5.26.26.jar
                                                                 [classpath] E:\environment\neo4j-community-5.26.26\lib\commons-compress-1.27.1.jar
                                                                 [classpath] E:\environment\neo4j-community-5.26.26\lib\cypher-v25-parser-listener-5.26.26.jar
                                                                 [classpath] E:\environment\neo4j-community-5.26.26\lib\shiro-lang-2.1.0.jar
                                                                 [classpath] E:\environment\neo4j-community-5.26.26\lib\jackson-core-2.21.1.jar
                                                                 [classpath] E:\environment\neo4j-community-5.26.26\lib\cypher-antlr-common-5.26.26.jar
                                                                 [classpath] E:\environment\neo4j-community-5.26.26\lib\shiro-cache-2.1.0.jar
                                                                 [classpath] E:\environment\neo4j-community-5.26.26\lib\neo4j-udc-5.26.26.jar
                                                                 [classpath] E:\environment\neo4j-community-5.26.26\lib\jakarta.inject-2.6.1.jar
                                                                 [classpath] E:\environment\neo4j-community-5.26.26\lib\neo4j-cypher-dsl-2024.2.0.jar
                                                                 [classpath] E:\environment\neo4j-community-5.26.26\lib\jersey-common-2.46.jar
                                                                 [classpath] E:\environment\neo4j-community-5.26.26\lib\jackson-databind-2.21.1.jar
                                                                 [classpath] E:\environment\neo4j-community-5.26.26\lib\netty-common-4.1.133.Final.jar
                                                                 [classpath] E:\environment\neo4j-community-5.26.26\lib\neo4j-5.26.26.jar
                                                                 [classpath] E:\environment\neo4j-community-5.26.26\lib\parquet-jackson-1.17.0.jar
                                                                 [classpath] E:\environment\neo4j-community-5.26.26\lib\neo4j-front-end-5.26.26.jar
                                                                 [classpath] E:\environment\neo4j-community-5.26.26\lib\neo4j-configuration-5.26.26.jar
                                                                 [classpath] E:\environment\neo4j-community-5.26.26\lib\eclipse-collections-11.1.0.jar
                                                                 [classpath] E:\environment\neo4j-community-5.26.26\lib\jetty-security-12.1.8.jar
                                                                 [classpath] E:\environment\neo4j-community-5.26.26\lib\jetty-alpn-java-server-12.1.8.jar
                                                                 [classpath] E:\environment\neo4j-community-5.26.26\lib\slf4j-api-2.0.9.jar
                                                                 [classpath] E:\environment\neo4j-community-5.26.26\lib\cypher-v5-parser-listener-5.26.26.jar
                                                                 [classpath] E:\environment\neo4j-community-5.26.26\lib\shiro-crypto-cipher-2.1.0.jar
                                                                 [classpath] E:\environment\neo4j-community-5.26.26\lib\jakarta.xml.bind-api-2.3.2.jar
                                                                 [classpath] E:\environment\neo4j-community-5.26.26\lib\cypher-v5-antlr-parser-5.26.26.jar
                                                                
2026-05-19 08:17:13.178+0000 INFO  [o.n.i.d.DiagnosticsManager] 
                                                                --------------------------------------------------------------------------------
                                                                                                [ Library path ]                                
                                                                --------------------------------------------------------------------------------
                                                                E:\environment\jdk21\bin
                                                                C:\WINDOWS\Sun\Java\bin
                                                                C:\WINDOWS\System32
                                                                C:\WINDOWS
                                                                C:\Users\14609\AppData\Roaming\Code\User\globalStorage\github.copilot-chat\debugCommand
                                                                C:\Users\14609\AppData\Roaming\Code\User\globalStorage\github.copilot-chat\copilotCli
                                                                E:\download2024\Microsoft VS Code
                                                                E:\environment\vmwareWorkstation176\bin
                                                                C:\Program Files\Common Files\Oracle\Java\javapath_target_16739812
                                                                C:\Program Files\NVIDIA GPU Computing Toolkit\CUDA\v12.5\bin
                                                                C:\Program Files\NVIDIA GPU Computing Toolkit\CUDA\v12.5\libnvvp
                                                                E:\environment\jdk21\bin
2026-05-19 08:17:13.179+0000 INFO  [o.n.i.d.DiagnosticsManager] 
                                                                --------------------------------------------------------------------------------
                                                                                             [ System properties ]                              
                                                                --------------------------------------------------------------------------------
                                                                sun.cpu.isalist = amd64
                                                                sun.jnu.encoding = GBK
                                                                sun.arch.data.model = 64
                                                                user.variant = 
                                                                user.timezone = Asia/Shanghai
                                                                sun.java.launcher = SUN_STANDARD
                                                                user.country = CN
                                                                sun.boot.library.path = E:\environment\jdk21\bin
                                                                sun.java.command = org.neo4j.server.CommunityEntryPoint --home-dir=E:\environment\neo4j-community-5.26.26 --config-dir=E:\workspacce\AI\ai_kefu\local_services --console-mode
                                                                jdk.debug = release
                                                                sun.cpu.endian = little
                                                                user.home = C:\Users\14609
                                                                user.language = zh
                                                                file.separator = \
                                                                user.script = 
                                                                sun.management.compiler = HotSpot 64-Bit Tiered Compilers
                                                                user.name = 14609
                                                                stdout.encoding = ms936
                                                                path.separator = ;
                                                                file.encoding = UTF-8
                                                                jnidispatch.path = C:\temp\jna-46855100\jna1741625745314810331.dll
                                                                jna.loaded = true
                                                                user.dir = E:\environment\neo4j-community-5.26.26
                                                                sun.os.patch.level = 
                                                                native.encoding = GBK
                                                                stderr.encoding = ms936
                                                                sun.io.unicode.encoding = UnicodeLittle
                                                                
2026-05-19 08:17:13.179+0000 INFO  [o.n.i.d.DiagnosticsManager] 
                                                                --------------------------------------------------------------------------------
                                                                                      [ (IANA) TimeZone database version ]                      
                                                                --------------------------------------------------------------------------------
                                                                  TimeZone version: 2025a (available for 603 zone identifiers)
                                                                
2026-05-19 08:17:13.179+0000 INFO  [o.n.i.d.DiagnosticsManager] 
                                                                --------------------------------------------------------------------------------
                                                                                            [ Network information ]                             
                                                                --------------------------------------------------------------------------------
                                                                Interface Hyper-V Virtual Switch Extension Adapter-Hyper-V Virtual Switch Extension Filter-0000:
                                                                Interface Hyper-V Virtual Ethernet Adapter-WFP Native MAC Layer LightWeight Filter-0000:
                                                                Interface Hyper-V Virtual Ethernet Adapter-QoS Packet Scheduler-0000:
                                                                Interface Hyper-V Virtual Ethernet Adapter-WFP 802.3 MAC Layer LightWeight Filter-0000:
                                                                Interface Hyper-V Virtual Switch Extension Adapter #2-Hyper-V Virtual Switch Extension Filter-0000:
                                                                Interface Hyper-V Virtual Switch Extension Adapter #2-Virtual Filtering Platform VMSwitch Extension-0000:
                                                                Interface Killer E2600 Gigabit Ethernet Controller-WFP Native MAC Layer LightWeight Filter-0000:
                                                                Interface Killer E2600 Gigabit Ethernet Controller-QoS Packet Scheduler-0000:
                                                                Interface Killer E2600 Gigabit Ethernet Controller-WFP 802.3 MAC Layer LightWeight Filter-0000:
                                                                Interface WAN Miniport (IP)-WFP Native MAC Layer LightWeight Filter-0000:
                                                                Interface WAN Miniport (IP)-QoS Packet Scheduler-0000:
                                                                Interface WAN Miniport (IPv6)-WFP Native MAC Layer LightWeight Filter-0000:
                                                                Interface WAN Miniport (IPv6)-QoS Packet Scheduler-0000:
                                                                Interface WAN Miniport (Network Monitor)-WFP Native MAC Layer LightWeight Filter-0000:
                                                                Interface WAN Miniport (Network Monitor)-QoS Packet Scheduler-0000:
                                                                Interface Microsoft Kernel Debug Network Adapter:
                                                                Interface Killer E2600 Gigabit Ethernet Controller:
                                                                    address: fe80:0:0:0:e80a:e4ff:a399:c282%ethernet_32769
                                                                Interface Bluetooth Device (Personal Area Network):
                                                                    address: fe80:0:0:0:b114:49f1:455c:195b%ethernet_32770
                                                                Interface WAN Miniport (Network Monitor):
                                                                Interface WAN Miniport (IP):
                                                                Interface WAN Miniport (IPv6):
                                                                Interface VMware Virtual Ethernet Adapter for VMnet1:
                                                                    address: fe80:0:0:0:18b9:ad5:d6dc:de66%ethernet_32774
                                                                    address: 192.168.171.1
                                                                Interface VMware Virtual Ethernet Adapter for VMnet8:
                                                                    address: fe80:0:0:0:e705:ffa9:55f8:2a02%ethernet_32775
                                                                    address: 192.168.137.1
                                                                Interface Hyper-V Virtual Switch Extension Adapter:
                                                                Interface Hyper-V Virtual Ethernet Adapter:
                                                                    address: fe80:0:0:0:30ed:d8f7:7793:5a54%ethernet_32777
                                                                    address: 172.26.80.1
                                                                Interface Hyper-V Virtual Switch Extension Adapter #2:
                                                                Interface WAN Miniport (PPPOE):
                                                                Interface Software Loopback Interface 1:
                                                                    address: 0:0:0:0:0:0:0:1
                                                                    address: 127.0.0.1
                                                                Interface CheekyMonkey-TAP:
                                                                Interface Wintun Userspace Tunnel:
                                                                    address: fe80:0:0:0:ff8e:f2e9:f3f7:2e91%iftype53_32769
                                                                Interface Intel(R) Wi-Fi 6 AX201 160MHz-WFP Native MAC Layer LightWeight Filter-0000:
                                                                Interface Intel(R) Wi-Fi 6 AX201 160MHz-Virtual WiFi Filter Driver-0000:
                                                                Interface Intel(R) Wi-Fi 6 AX201 160MHz-Native WiFi Filter Driver-0000:
                                                                Interface Intel(R) Wi-Fi 6 AX201 160MHz-QoS Packet Scheduler-0000:
                                                                Interface Intel(R) Wi-Fi 6 AX201 160MHz-WFP 802.3 MAC Layer LightWeight Filter-0000:
                                                                Interface Microsoft Wi-Fi Direct Virtual Adapter-WFP Native MAC Layer LightWeight Filter-0000:
                                                                Interface Microsoft Wi-Fi Direct Virtual Adapter-Native WiFi Filter Driver-0000:
                                                                Interface Microsoft Wi-Fi Direct Virtual Adapter-QoS Packet Scheduler-0000:
                                                                Interface Microsoft Wi-Fi Direct Virtual Adapter-WFP 802.3 MAC Layer LightWeight Filter-0000:
                                                                Interface Microsoft Wi-Fi Direct Virtual Adapter #2-WFP Native MAC Layer LightWeight Filter-0000:
                                                                Interface Microsoft Wi-Fi Direct Virtual Adapter #2-Native WiFi Filter Driver-0000:
                                                                Interface Microsoft Wi-Fi Direct Virtual Adapter #2-QoS Packet Scheduler-0000:
                                                                Interface Microsoft Wi-Fi Direct Virtual Adapter #2-WFP 802.3 MAC Layer LightWeight Filter-0000:
                                                                Interface Intel(R) Wi-Fi 6 AX201 160MHz:
                                                                    address: fe80:0:0:0:8108:76e:bba7:1752%wireless_32768
                                                                    address: 100.70.214.83
                                                                Interface Microsoft Wi-Fi Direct Virtual Adapter:
                                                                    address: fe80:0:0:0:60c1:38d1:7709:e7b4%wireless_32769
                                                                Interface Microsoft Wi-Fi Direct Virtual Adapter #2:
                                                                    address: fe80:0:0:0:a77f:466d:be29:8451%wireless_32770
                                                                Interface Microsoft Teredo Tunneling Adapter:
                                                                Interface Microsoft IP-HTTPS Platform Adapter:
                                                                Interface Microsoft 6to4 Adapter:
                                                                Interface WAN Miniport (IKEv2):
                                                                Interface WAN Miniport (L2TP):
                                                                Interface WAN Miniport (PPTP):
                                                                Interface WAN Miniport (SSTP):
                                                                
2026-05-19 08:17:13.179+0000 INFO  [o.n.i.d.DiagnosticsManager] 
                                                                --------------------------------------------------------------------------------
                                                                                         [ Native access information ]                          
                                                                --------------------------------------------------------------------------------
                                                                Native access details: Native access is not available for current platform.
                                                                
2026-05-19 08:17:13.179+0000 INFO  [o.n.i.d.DiagnosticsManager] 
                                                                --------------------------------------------------------------------------------
                                                                                                [ DBMS config ]                                 
                                                                --------------------------------------------------------------------------------
                                                                DBMS provided settings:
                                                                dbms.security.auth_enabled=true
                                                                dbms.usage_report.enabled=false
                                                                initial.dbms.default_database=neo4j
                                                                server.bolt.enabled=true
                                                                server.bolt.listen_address=127.0.0.1:7687
                                                                server.default_advertised_address=localhost
                                                                server.default_listen_address=127.0.0.1
                                                                server.directories.data=E:\workspacce\AI\ai_kefu\.data\neo4j-win\data
                                                                server.directories.import=E:\workspacce\AI\ai_kefu\.data\neo4j-win\import
                                                                server.directories.lib=E:\environment\neo4j-community-5.26.26\lib
                                                                server.directories.logs=E:\workspacce\AI\ai_kefu\.data\logs\neo4j
                                                                server.directories.neo4j_home=E:\environment\neo4j-community-5.26.26
                                                                server.directories.plugins=E:\workspacce\AI\ai_kefu\.data\neo4j-win\plugins
                                                                server.directories.run=E:\workspacce\AI\ai_kefu\.data\run\neo4j
                                                                server.http.enabled=true
                                                                server.http.listen_address=127.0.0.1:7474
                                                                server.https.enabled=false
                                                                server.logs.config=E:\environment\neo4j-community-5.26.26\conf\server-logs.xml
                                                                server.logs.user.config=E:\environment\neo4j-community-5.26.26\conf\user-logs.xml
                                                                server.memory.heap.initial_size=512.00MiB
                                                                server.memory.heap.max_size=512.00MiB
                                                                server.memory.pagecache.size=512.00MiB
                                                                Directories in use:
                                                                server.directories.data=E:\workspacce\AI\ai_kefu\.data\neo4j-win\data
                                                                server.directories.dumps.root=E:\workspacce\AI\ai_kefu\.data\neo4j-win\data\dumps
                                                                server.directories.import=E:\workspacce\AI\ai_kefu\.data\neo4j-win\import
                                                                server.directories.lib=E:\environment\neo4j-community-5.26.26\lib
                                                                server.directories.licenses=E:\environment\neo4j-community-5.26.26\licenses
                                                                server.directories.logs=E:\workspacce\AI\ai_kefu\.data\logs\neo4j
                                                                server.directories.plugins=E:\workspacce\AI\ai_kefu\.data\neo4j-win\plugins
                                                                server.directories.run=E:\workspacce\AI\ai_kefu\.data\run\neo4j
                                                                server.directories.script.root=E:\workspacce\AI\ai_kefu\.data\neo4j-win\data\scripts
                                                                server.directories.transaction.logs.root=E:\workspacce\AI\ai_kefu\.data\neo4j-win\data\transactions
                                                                
2026-05-19 08:17:13.179+0000 INFO  [o.n.i.d.DiagnosticsManager] 
                                                                --------------------------------------------------------------------------------
                                                                                                 [ Packaging ]                                  
                                                                --------------------------------------------------------------------------------
                                                                Edition: Community
                                                                Package Type: tar
                                                                
2026-05-19 08:17:13.223+0000 INFO  [o.n.d.i.DefaultIdentityModule] Found ServerId on disk: ServerId{87a18c1d} (87a18c1d-6ad9-4de0-9534-03ff935dae9f)
2026-05-19 08:17:13.224+0000 INFO  [o.n.d.i.DefaultIdentityModule] This instance is ServerId{87a18c1d} (87a18c1d-6ad9-4de0-9534-03ff935dae9f)
2026-05-19 08:17:14.904+0000 INFO  [o.n.s.CommunityNeoWebServer] ======== Neo4j 5.26.26 ========
2026-05-19 08:17:14.935+0000 INFO  [o.n.d.d.DatabaseLifecycles] Creating 'DatabaseId{00000000[system]}'.
2026-05-19 08:17:15.358+0000 INFO  [o.n.b.BoltServer] Using connector transport NIO
2026-05-19 08:17:15.540+0000 INFO  [o.n.b.BoltServer] Configured external Bolt connector with listener address /127.0.0.1:7687
2026-05-19 08:17:15.542+0000 INFO  [o.n.b.BoltServer] Bolt server loaded
2026-05-19 08:17:15.576+0000 INFO  [o.n.d.d.DatabaseLifecycles] Starting 'DatabaseId{00000000[system]}'.
2026-05-19 08:17:16.476+0000 INFO  [o.n.k.i.t.l.f.c.CheckpointLogFile] [system/00000000] Scanning log file with version 0 for checkpoint entries
2026-05-19 08:17:16.533+0000 INFO  [o.n.k.i.s.f.RecordFormatSelector] [system/00000000] Selected RecordFormat:PageAlignedV5_0[aligned-1.1] record format from store E:\workspacce\AI\ai_kefu\.data\neo4j-win\data\databases\system
2026-05-19 08:17:16.533+0000 INFO  [o.n.k.i.s.f.RecordFormatSelector] [system/00000000] Selected format from the store files: RecordFormat:PageAlignedV5_0[aligned-1.1]
2026-05-19 08:17:17.072+0000 INFO  [o.n.i.d.DiagnosticsManager] [system/00000000] 
                                                                [system/00000000] ********************************************************************************
                                                                [system/00000000]                               [ Database: system ]                              
                                                                [system/00000000] ********************************************************************************
                                                                [system/00000000] --------------------------------------------------------------------------------
                                                                [system/00000000]                                   [ Version ]                                   
                                                                [system/00000000] --------------------------------------------------------------------------------
                                                                [system/00000000] DBMS: community record-aligned-1.1
                                                                [system/00000000] Kernel version: 5.26.26
                                                                [system/00000000] 
                                                                [system/00000000] --------------------------------------------------------------------------------
                                                                [system/00000000]                                 [ Store files ]                                 
                                                                [system/00000000] --------------------------------------------------------------------------------
                                                                [system/00000000] Disk space on partition (Total / Free / Free %): 952245415936 / 184500686848 / 19
                                                                [system/00000000] Storage files stored on file store: NTFS
                                                                [system/00000000] Storage files: (filename : modification date - size)
                                                                [system/00000000]   database_lock: 2026-05-13 09:29:13.050+0000 - 0B
                                                                [system/00000000]   id-buffer.tmp.0: 2026-05-13 09:29:13.041+0000 - 0B
                                                                [system/00000000]   neostore: 2026-05-13 09:29:12.849+0000 - 8.000KiB
                                                                [system/00000000]   neostore.counts.db: 2026-05-19 08:17:16.899+0000 - 48.00KiB
                                                                [system/00000000]   neostore.indexstats.db: 2026-05-19 08:17:16.923+0000 - 48.00KiB
                                                                [system/00000000]   neostore.labeltokenstore.db: 2026-05-13 09:44:13.709+0000 - 8.000KiB
                                                                [system/00000000]   neostore.labeltokenstore.db.id: 2026-05-19 08:17:16.832+0000 - 40.00KiB
                                                                [system/00000000]   neostore.labeltokenstore.db.names: 2026-05-13 09:44:13.708+0000 - 8.000KiB
                                                                [system/00000000]   neostore.labeltokenstore.db.names.id: 2026-05-19 08:17:16.820+0000 - 40.00KiB
                                                                [system/00000000]   neostore.nodestore.db: 2026-05-13 09:44:13.713+0000 - 8.000KiB
                                                                [system/00000000]   neostore.nodestore.db.id: 2026-05-19 08:17:16.678+0000 - 40.00KiB
                                                                [system/00000000]   neostore.nodestore.db.labels: 2026-05-13 09:29:12.798+0000 - 8.000KiB
                                                                [system/00000000]   neostore.nodestore.db.labels.id: 2026-05-19 08:17:16.658+0000 - 40.00KiB
                                                                [system/00000000]   neostore.propertystore.db: 2026-05-13 09:44:13.712+0000 - 8.000KiB
                                                                [system/00000000]   neostore.propertystore.db.arrays: 2026-05-13 09:29:12.817+0000 - 8.000KiB
                                                                [system/00000000]   neostore.propertystore.db.arrays.id: 2026-05-19 08:17:16.754+0000 - 40.00KiB
                                                                [system/00000000]   neostore.propertystore.db.id: 2026-05-19 08:17:16.780+0000 - 40.00KiB
                                                                [system/00000000]   neostore.propertystore.db.index: 2026-05-13 09:44:13.711+0000 - 8.000KiB
                                                                [system/00000000]   neostore.propertystore.db.index.id: 2026-05-19 08:17:16.712+0000 - 40.00KiB
                                                                [system/00000000]   neostore.propertystore.db.index.keys: 2026-05-13 09:44:13.707+0000 - 8.000KiB
                                                                [system/00000000]   neostore.propertystore.db.index.keys.id: 2026-05-19 08:17:16.685+0000 - 40.00KiB
                                                                [system/00000000]   neostore.propertystore.db.strings: 2026-05-13 09:44:13.713+0000 - 8.000KiB
                                                                [system/00000000]   neostore.propertystore.db.strings.id: 2026-05-19 08:17:16.726+0000 - 40.00KiB
                                                                [system/00000000]   neostore.relationshipgroupstore.db: 2026-05-13 09:29:12.840+0000 - 8.000KiB
                                                                [system/00000000]   neostore.relationshipgroupstore.db.id: 2026-05-19 08:17:16.852+0000 - 40.00KiB
                                                                [system/00000000]   neostore.relationshipgroupstore.degrees.db: 2026-05-19 08:17:16.914+0000 - 40.00KiB
                                                                [system/00000000]   neostore.relationshipstore.db: 2026-05-13 09:44:13.714+0000 - 8.000KiB
                                                                [system/00000000]   neostore.relationshipstore.db.id: 2026-05-19 08:17:16.791+0000 - 40.00KiB
                                                                [system/00000000]   neostore.relationshiptypestore.db: 2026-05-13 09:44:13.716+0000 - 8.000KiB
                                                                [system/00000000]   neostore.relationshiptypestore.db.id: 2026-05-19 08:17:16.813+0000 - 40.00KiB
                                                                [system/00000000]   neostore.relationshiptypestore.db.names: 2026-05-13 09:44:13.715+0000 - 8.000KiB
                                                                [system/00000000]   neostore.relationshiptypestore.db.names.id: 2026-05-19 08:17:16.799+0000 - 40.00KiB
                                                                [system/00000000]   neostore.schemastore.db: 2026-05-13 09:44:13.710+0000 - 8.000KiB
                                                                [system/00000000]   neostore.schemastore.db.id: 2026-05-19 08:17:16.842+0000 - 40.00KiB
                                                                [system/00000000]   schema:
                                                                [system/00000000]     index:
                                                                [system/00000000]       range-1.0:
                                                                [system/00000000]         3:
                                                                [system/00000000]           index-3: 2026-05-13 09:44:13.665+0000 - 48.00KiB
                                                                [system/00000000]         - Total: 2026-05-13 09:29:13.692+0000 - 48.00KiB
                                                                [system/00000000]         4:
                                                                [system/00000000]           index-4: 2026-05-13 09:44:13.668+0000 - 48.00KiB
                                                                [system/00000000]         - Total: 2026-05-13 09:29:13.767+0000 - 48.00KiB
                                                                [system/00000000]         7:
                                                                [system/00000000]           index-7: 2026-05-13 09:44:13.670+0000 - 48.00KiB
                                                                [system/00000000]         - Total: 2026-05-13 09:29:13.948+0000 - 48.00KiB
                                                                [system/00000000]         8:
                                                                [system/00000000]           index-8: 2026-05-13 09:44:13.673+0000 - 48.00KiB
                                                                [system/00000000]         - Total: 2026-05-13 09:29:13.977+0000 - 48.00KiB
                                                                [system/00000000]         9:
                                                                [system/00000000]           index-9: 2026-05-13 09:44:13.676+0000 - 48.00KiB
                                                                [system/00000000]         - Total: 2026-05-13 09:29:14.006+0000 - 48.00KiB
                                                                [system/00000000]       - Total: 2026-05-13 09:29:14.005+0000 - 240.0KiB
                                                                [system/00000000]       token-lookup-1.0:
                                                                [system/00000000]         1:
                                                                [system/00000000]           index-1: 2026-05-13 09:44:13.659+0000 - 48.00KiB
                                                                [system/00000000]         - Total: 2026-05-13 09:29:13.488+0000 - 48.00KiB
                                                                [system/00000000]         2:
                                                                [system/00000000]           index-2: 2026-05-13 09:44:13.662+0000 - 48.00KiB
                                                                [system/00000000]         - Total: 2026-05-13 09:29:13.407+0000 - 48.00KiB
                                                                [system/00000000]       - Total: 2026-05-13 09:29:13.487+0000 - 96.00KiB
                                                                [system/00000000]     - Total: 2026-05-13 09:29:13.691+0000 - 336.0KiB
                                                                [system/00000000]   - Total: 2026-05-13 09:29:13.403+0000 - 336.0KiB
                                                                [system/00000000] Storage summary: 
                                                                [system/00000000]   Total size of store: 1.125MiB
                                                                [system/00000000]   Total size of mapped files: 456.0KiB
                                                                [system/00000000] 
                                                                [system/00000000] --------------------------------------------------------------------------------
                                                                [system/00000000]                               [ Transaction log ]                               
                                                                [system/00000000] --------------------------------------------------------------------------------
                                                                [system/00000000] Transaction log files stored on file store: NTFS
                                                                [system/00000000] Transaction log metadata:
                                                                [system/00000000]  - current kernel version used in transactions: V5_25
                                                                [system/00000000]  - last committed transaction id: 41
                                                                [system/00000000] Transaction log files:
                                                                [system/00000000]  - existing transaction log versions: 0-0
                                                                [system/00000000]  - oldest append index 2 found in log with version 0
                                                                [system/00000000]  - files: (filename : creation date - size)
                                                                [system/00000000]      neostore.transaction.db.0: 2026-05-13 09:29:13.075+0000 - 23.46KiB
                                                                [system/00000000]  - total size of files: 23.46KiB
                                                                [system/00000000] Checkpoint log files:
                                                                [system/00000000]  - existing checkpoint log versions: 0-0
                                                                [system/00000000]  - last checkpoint: CheckpointInfo[oldestNotVisibleTransactionLogPosition=LogPosition{logVersion=0, byteOffset=24028}, transactionLogPosition=LogPosition{logVersion=0, byteOffset=24028}, storeId=StoreId{creationTime=1778664552847, random=443747364235947064, storageEngineName='record', formatName='aligned', majorVersion=1, minorVersion=1}, checkpointEntryPosition=LogPosition{logVersion=0, byteOffset=360}, channelPositionAfterCheckpoint=LogPosition{logVersion=0, byteOffset=592}, checkpointFilePostReadPosition=LogPosition{logVersion=0, byteOffset=592}, kernelVersion=KernelVersion{V5_25,version=20}, kernelVersionByte=20, transactionId=TransactionId[id=41, appendIndex=41, kernelVersion=KernelVersion{V5_25,version=20}, checksum=2070859732, commitTimestamp=1778664554062, consensusIndex=-1], appendIndex=41, reason=Checkpoint triggered by "Scheduled checkpoint for every 15 minutes threshol, consensusIndexInCheckpoint=true]
                                                                [system/00000000] 
                                                                [system/00000000] --------------------------------------------------------------------------------
                                                                [system/00000000]                                   [ Id usage ]                                  
                                                                [system/00000000] --------------------------------------------------------------------------------
                                                                [system/00000000] ArrayPropertyStore[neostore.nodestore.db.labels]: used=1 high=0
                                                                [system/00000000] NodeStore[neostore.nodestore.db]: used=7 high=6
                                                                [system/00000000] StringPropertyStore[neostore.propertystore.db.index.keys]: used=47 high=46
                                                                [system/00000000] PropertyIndexStore[neostore.propertystore.db.index]: used=33 high=32
                                                                [system/00000000] StringPropertyStore[neostore.propertystore.db.strings]: used=3 high=2
                                                                [system/00000000] ArrayPropertyStore[neostore.propertystore.db.arrays]: used=1 high=0
                                                                [system/00000000] PropertyStore[neostore.propertystore.db]: used=73 high=72
                                                                [system/00000000] RelationshipStore[neostore.relationshipstore.db]: used=3 high=2
                                                                [system/00000000] StringPropertyStore[neostore.relationshiptypestore.db.names]: used=3 high=2
                                                                [system/00000000] RelationshipTypeStore[neostore.relationshiptypestore.db]: used=2 high=1
                                                                [system/00000000] StringPropertyStore[neostore.labeltokenstore.db.names]: used=6 high=5
                                                                [system/00000000] LabelTokenStore[neostore.labeltokenstore.db]: used=5 high=4
                                                                [system/00000000] SchemaStore[neostore.schemastore.db]: used=13 high=12
                                                                [system/00000000] RelationshipGroupStore[neostore.relationshipgroupstore.db]: used=1 high=0
                                                                [system/00000000] NeoStore[neostore]: used=-1 high=-1
                                                                [system/00000000] 
                                                                [system/00000000] --------------------------------------------------------------------------------
                                                                [system/00000000]                                   [ Metadata ]                                  
                                                                [system/00000000] --------------------------------------------------------------------------------
                                                                [system/00000000] EXTERNAL_STORE_UUID (Database identifier exposed as external store identity. Generated on creation and never updated): 217e3372-6310-4559-be9c-9ae3e02966ee
                                                                [system/00000000] DATABASE_ID (The last used DatabaseId for this database): null
                                                                [system/00000000] LEGACY_STORE_VERSION (Legacy store format version. This field is used from 5.0 onwards only to distinguish non-migrated pre 5.0 metadata stores.): -3523014627327384477
                                                                [system/00000000] STORE_ID (Store ID): StoreId{creationTime=1778664552847, random=443747364235947064, storageEngineName='record', formatName='aligned', majorVersion=1, minorVersion=1}
                                                                [system/00000000] 
2026-05-19 08:17:17.150+0000 INFO  [o.n.k.i.i.s.TokenIndexProvider] [system/00000000] Schema index cleanup job registered: descriptor=Index( id=1, name='index_343aff4e', type='LOOKUP', schema=(:<any-labels>), indexProvider='token-lookup-1.0' ), indexFile=E:\workspacce\AI\ai_kefu\.data\neo4j-win\data\databases\system\schema\index\token-lookup-1.0\1\index-1
2026-05-19 08:17:17.151+0000 INFO  [o.n.k.i.i.s.TokenIndexProvider] [system/00000000] Schema index cleanup job started: descriptor=Index( id=1, name='index_343aff4e', type='LOOKUP', schema=(:<any-labels>), indexProvider='token-lookup-1.0' ), indexFile=E:\workspacce\AI\ai_kefu\.data\neo4j-win\data\databases\system\schema\index\token-lookup-1.0\1\index-1
2026-05-19 08:17:17.156+0000 INFO  [o.n.k.i.i.s.TokenIndexProvider] [system/00000000] Schema index cleanup job finished: descriptor=Index( id=1, name='index_343aff4e', type='LOOKUP', schema=(:<any-labels>), indexProvider='token-lookup-1.0' ), indexFile=E:\workspacce\AI\ai_kefu\.data\neo4j-win\data\databases\system\schema\index\token-lookup-1.0\1\index-1 Number of pages visited: 3, Number of tree nodes: 2, Number of cleaned crashed pointers: 0, Time spent: 0ms
2026-05-19 08:17:17.156+0000 INFO  [o.n.k.i.i.s.TokenIndexProvider] [system/00000000] Schema index cleanup job closed: descriptor=Index( id=1, name='index_343aff4e', type='LOOKUP', schema=(:<any-labels>), indexProvider='token-lookup-1.0' ), indexFile=E:\workspacce\AI\ai_kefu\.data\neo4j-win\data\databases\system\schema\index\token-lookup-1.0\1\index-1
2026-05-19 08:17:17.160+0000 INFO  [o.n.k.i.i.s.TokenIndexProvider] [system/00000000] Schema index cleanup job registered: descriptor=Index( id=2, name='index_f7700477', type='LOOKUP', schema=()-[:<any-types>]-(), indexProvider='token-lookup-1.0' ), indexFile=E:\workspacce\AI\ai_kefu\.data\neo4j-win\data\databases\system\schema\index\token-lookup-1.0\2\index-2
2026-05-19 08:17:17.160+0000 INFO  [o.n.k.i.i.s.TokenIndexProvider] [system/00000000] Schema index cleanup job started: descriptor=Index( id=2, name='index_f7700477', type='LOOKUP', schema=()-[:<any-types>]-(), indexProvider='token-lookup-1.0' ), indexFile=E:\workspacce\AI\ai_kefu\.data\neo4j-win\data\databases\system\schema\index\token-lookup-1.0\2\index-2
2026-05-19 08:17:17.162+0000 INFO  [o.n.k.i.i.s.TokenIndexProvider] [system/00000000] Schema index cleanup job finished: descriptor=Index( id=2, name='index_f7700477', type='LOOKUP', schema=()-[:<any-types>]-(), indexProvider='token-lookup-1.0' ), indexFile=E:\workspacce\AI\ai_kefu\.data\neo4j-win\data\databases\system\schema\index\token-lookup-1.0\2\index-2 Number of pages visited: 3, Number of tree nodes: 2, Number of cleaned crashed pointers: 0, Time spent: 0ms
2026-05-19 08:17:17.162+0000 INFO  [o.n.k.i.i.s.TokenIndexProvider] [system/00000000] Schema index cleanup job closed: descriptor=Index( id=2, name='index_f7700477', type='LOOKUP', schema=()-[:<any-types>]-(), indexProvider='token-lookup-1.0' ), indexFile=E:\workspacce\AI\ai_kefu\.data\neo4j-win\data\databases\system\schema\index\token-lookup-1.0\2\index-2
2026-05-19 08:17:17.191+0000 INFO  [o.n.k.i.i.s.RangeIndexProvider] [system/00000000] Schema index cleanup job registered: descriptor=Index( id=3, name='constraint_798238d6', type='RANGE', schema=(:Label[1] {PropertyKey[11], PropertyKey[12]}), indexProvider='range-1.0', owningConstraint=5 ), indexFile=E:\workspacce\AI\ai_kefu\.data\neo4j-win\data\databases\system\schema\index\range-1.0\3\index-3
2026-05-19 08:17:17.191+0000 INFO  [o.n.k.i.i.s.RangeIndexProvider] [system/00000000] Schema index cleanup job started: descriptor=Index( id=3, name='constraint_798238d6', type='RANGE', schema=(:Label[1] {PropertyKey[11], PropertyKey[12]}), indexProvider='range-1.0', owningConstraint=5 ), indexFile=E:\workspacce\AI\ai_kefu\.data\neo4j-win\data\databases\system\schema\index\range-1.0\3\index-3
2026-05-19 08:17:17.192+0000 INFO  [o.n.k.i.i.s.RangeIndexProvider] [system/00000000] Schema index cleanup job finished: descriptor=Index( id=3, name='constraint_798238d6', type='RANGE', schema=(:Label[1] {PropertyKey[11], PropertyKey[12]}), indexProvider='range-1.0', owningConstraint=5 ), indexFile=E:\workspacce\AI\ai_kefu\.data\neo4j-win\data\databases\system\schema\index\range-1.0\3\index-3 Number of pages visited: 3, Number of tree nodes: 2, Number of cleaned crashed pointers: 0, Time spent: 0ms
2026-05-19 08:17:17.192+0000 INFO  [o.n.k.i.i.s.RangeIndexProvider] [system/00000000] Schema index cleanup job closed: descriptor=Index( id=3, name='constraint_798238d6', type='RANGE', schema=(:Label[1] {PropertyKey[11], PropertyKey[12]}), indexProvider='range-1.0', owningConstraint=5 ), indexFile=E:\workspacce\AI\ai_kefu\.data\neo4j-win\data\databases\system\schema\index\range-1.0\3\index-3
2026-05-19 08:17:17.199+0000 INFO  [o.n.k.i.i.s.RangeIndexProvider] [system/00000000] Schema index cleanup job registered: descriptor=Index( id=4, name='constraint_8014b60a', type='RANGE', schema=(:Label[2] {PropertyKey[11]}), indexProvider='range-1.0', owningConstraint=6 ), indexFile=E:\workspacce\AI\ai_kefu\.data\neo4j-win\data\databases\system\schema\index\range-1.0\4\index-4
2026-05-19 08:17:17.199+0000 INFO  [o.n.k.i.i.s.RangeIndexProvider] [system/00000000] Schema index cleanup job started: descriptor=Index( id=4, name='constraint_8014b60a', type='RANGE', schema=(:Label[2] {PropertyKey[11]}), indexProvider='range-1.0', owningConstraint=6 ), indexFile=E:\workspacce\AI\ai_kefu\.data\neo4j-win\data\databases\system\schema\index\range-1.0\4\index-4
2026-05-19 08:17:17.201+0000 INFO  [o.n.k.i.i.s.RangeIndexProvider] [system/00000000] Schema index cleanup job finished: descriptor=Index( id=4, name='constraint_8014b60a', type='RANGE', schema=(:Label[2] {PropertyKey[11]}), indexProvider='range-1.0', owningConstraint=6 ), indexFile=E:\workspacce\AI\ai_kefu\.data\neo4j-win\data\databases\system\schema\index\range-1.0\4\index-4 Number of pages visited: 3, Number of tree nodes: 2, Number of cleaned crashed pointers: 0, Time spent: 1ms
2026-05-19 08:17:17.201+0000 INFO  [o.n.k.i.i.s.RangeIndexProvider] [system/00000000] Schema index cleanup job closed: descriptor=Index( id=4, name='constraint_8014b60a', type='RANGE', schema=(:Label[2] {PropertyKey[11]}), indexProvider='range-1.0', owningConstraint=6 ), indexFile=E:\workspacce\AI\ai_kefu\.data\neo4j-win\data\databases\system\schema\index\range-1.0\4\index-4
2026-05-19 08:17:17.203+0000 INFO  [o.n.k.i.i.s.RangeIndexProvider] [system/00000000] Schema index cleanup job registered: descriptor=Index( id=7, name='constraint_5789ae3', type='RANGE', schema=(:Label[3] {PropertyKey[11]}), indexProvider='range-1.0', owningConstraint=12 ), indexFile=E:\workspacce\AI\ai_kefu\.data\neo4j-win\data\databases\system\schema\index\range-1.0\7\index-7
2026-05-19 08:17:17.203+0000 INFO  [o.n.k.i.i.s.RangeIndexProvider] [system/00000000] Schema index cleanup job started: descriptor=Index( id=7, name='constraint_5789ae3', type='RANGE', schema=(:Label[3] {PropertyKey[11]}), indexProvider='range-1.0', owningConstraint=12 ), indexFile=E:\workspacce\AI\ai_kefu\.data\neo4j-win\data\databases\system\schema\index\range-1.0\7\index-7
2026-05-19 08:17:17.206+0000 INFO  [o.n.k.i.i.s.RangeIndexProvider] [system/00000000] Schema index cleanup job finished: descriptor=Index( id=7, name='constraint_5789ae3', type='RANGE', schema=(:Label[3] {PropertyKey[11]}), indexProvider='range-1.0', owningConstraint=12 ), indexFile=E:\workspacce\AI\ai_kefu\.data\neo4j-win\data\databases\system\schema\index\range-1.0\7\index-7 Number of pages visited: 3, Number of tree nodes: 2, Number of cleaned crashed pointers: 0, Time spent: 0ms
2026-05-19 08:17:17.206+0000 INFO  [o.n.k.i.i.s.RangeIndexProvider] [system/00000000] Schema index cleanup job closed: descriptor=Index( id=7, name='constraint_5789ae3', type='RANGE', schema=(:Label[3] {PropertyKey[11]}), indexProvider='range-1.0', owningConstraint=12 ), indexFile=E:\workspacce\AI\ai_kefu\.data\neo4j-win\data\databases\system\schema\index\range-1.0\7\index-7
2026-05-19 08:17:17.209+0000 INFO  [o.n.k.i.i.s.RangeIndexProvider] [system/00000000] Schema index cleanup job registered: descriptor=Index( id=8, name='constraint_74fad970', type='RANGE', schema=(:Label[3] {PropertyKey[27]}), indexProvider='range-1.0', owningConstraint=10 ), indexFile=E:\workspacce\AI\ai_kefu\.data\neo4j-win\data\databases\system\schema\index\range-1.0\8\index-8
2026-05-19 08:17:17.210+0000 INFO  [o.n.k.i.i.s.RangeIndexProvider] [system/00000000] Schema index cleanup job started: descriptor=Index( id=8, name='constraint_74fad970', type='RANGE', schema=(:Label[3] {PropertyKey[27]}), indexProvider='range-1.0', owningConstraint=10 ), indexFile=E:\workspacce\AI\ai_kefu\.data\neo4j-win\data\databases\system\schema\index\range-1.0\8\index-8
2026-05-19 08:17:17.211+0000 INFO  [o.n.k.i.i.s.RangeIndexProvider] [system/00000000] Schema index cleanup job finished: descriptor=Index( id=8, name='constraint_74fad970', type='RANGE', schema=(:Label[3] {PropertyKey[27]}), indexProvider='range-1.0', owningConstraint=10 ), indexFile=E:\workspacce\AI\ai_kefu\.data\neo4j-win\data\databases\system\schema\index\range-1.0\8\index-8 Number of pages visited: 3, Number of tree nodes: 2, Number of cleaned crashed pointers: 0, Time spent: 1ms
2026-05-19 08:17:17.211+0000 INFO  [o.n.k.i.i.s.RangeIndexProvider] [system/00000000] Schema index cleanup job closed: descriptor=Index( id=8, name='constraint_74fad970', type='RANGE', schema=(:Label[3] {PropertyKey[27]}), indexProvider='range-1.0', owningConstraint=10 ), indexFile=E:\workspacce\AI\ai_kefu\.data\neo4j-win\data\databases\system\schema\index\range-1.0\8\index-8
2026-05-19 08:17:17.213+0000 INFO  [o.n.k.i.i.s.RangeIndexProvider] [system/00000000] Schema index cleanup job registered: descriptor=Index( id=9, name='auth-constraint', type='RANGE', schema=(:Label[4] {PropertyKey[28], PropertyKey[27]}), indexProvider='range-1.0', owningConstraint=11 ), indexFile=E:\workspacce\AI\ai_kefu\.data\neo4j-win\data\databases\system\schema\index\range-1.0\9\index-9
2026-05-19 08:17:17.213+0000 INFO  [o.n.k.i.i.s.RangeIndexProvider] [system/00000000] Schema index cleanup job started: descriptor=Index( id=9, name='auth-constraint', type='RANGE', schema=(:Label[4] {PropertyKey[28], PropertyKey[27]}), indexProvider='range-1.0', owningConstraint=11 ), indexFile=E:\workspacce\AI\ai_kefu\.data\neo4j-win\data\databases\system\schema\index\range-1.0\9\index-9
2026-05-19 08:17:17.214+0000 INFO  [o.n.k.i.i.s.RangeIndexProvider] [system/00000000] Schema index cleanup job finished: descriptor=Index( id=9, name='auth-constraint', type='RANGE', schema=(:Label[4] {PropertyKey[28], PropertyKey[27]}), indexProvider='range-1.0', owningConstraint=11 ), indexFile=E:\workspacce\AI\ai_kefu\.data\neo4j-win\data\databases\system\schema\index\range-1.0\9\index-9 Number of pages visited: 3, Number of tree nodes: 2, Number of cleaned crashed pointers: 0, Time spent: 0ms
2026-05-19 08:17:17.215+0000 INFO  [o.n.k.i.i.s.RangeIndexProvider] [system/00000000] Schema index cleanup job closed: descriptor=Index( id=9, name='auth-constraint', type='RANGE', schema=(:Label[4] {PropertyKey[28], PropertyKey[27]}), indexProvider='range-1.0', owningConstraint=11 ), indexFile=E:\workspacce\AI\ai_kefu\.data\neo4j-win\data\databases\system\schema\index\range-1.0\9\index-9
2026-05-19 08:17:17.215+0000 INFO  [o.n.k.i.a.i.IndexingService] [system/00000000] IndexingService.init: indexes not specifically mentioned above are ONLINE. Total 7 indexes. Processed in 85ms
2026-05-19 08:17:17.222+0000 INFO  [o.n.k.a.DatabaseAvailabilityGuard] [system/00000000] Requirement `Database unavailable` makes database system unavailable.
2026-05-19 08:17:17.223+0000 INFO  [o.n.k.a.DatabaseAvailabilityGuard] [system/00000000] DatabaseId{00000000[system]} is unavailable.
2026-05-19 08:17:17.235+0000 INFO  [o.n.k.d.Database] [system/00000000] Starting transaction log [E:\workspacce\AI\ai_kefu\.data\neo4j-win\data\transactions\system\neostore.transaction.db.0] at version=0
2026-05-19 08:17:17.240+0000 INFO  [o.n.k.d.Database] [system/00000000] Starting transaction log [E:\workspacce\AI\ai_kefu\.data\neo4j-win\data\transactions\system\checkpoint.0] at version=0
2026-05-19 08:17:17.242+0000 INFO  [o.n.k.i.t.l.f.c.CheckpointLogFile] [system/00000000] Scanning log file with version 0 for checkpoint entries
2026-05-19 08:17:17.246+0000 INFO  [o.n.k.i.a.i.IndexingService] [system/00000000] IndexingService.start: indexes not specifically mentioned above are ONLINE. Total 7 indexes. Processed in 0ms
2026-05-19 08:17:17.256+0000 INFO  [o.n.k.a.DatabaseAvailabilityGuard] [system/00000000] Fulfilling of requirement 'Database unavailable' makes database system available.
2026-05-19 08:17:17.257+0000 INFO  [o.n.k.a.DatabaseAvailabilityGuard] [system/00000000] DatabaseId{00000000[system]} is ready.
2026-05-19 08:17:17.437+0000 INFO  [o.n.s.s.s.UserSecurityGraphComponent] Performing postInitialization step for component 'security-users' with version 5 and status CURRENT
2026-05-19 08:17:17.439+0000 INFO  [o.n.s.s.s.UserSecurityGraphComponent] Updating the initial password in component 'security-users'
2026-05-19 08:17:17.464+0000 INFO  [o.n.d.d.DatabaseLifecycles] Creating 'DatabaseId{0a5c9463[neo4j]}'.
2026-05-19 08:17:17.468+0000 INFO  [o.n.d.d.DatabaseLifecycles] Starting 'DatabaseId{0a5c9463[neo4j]}'.
2026-05-19 08:17:17.482+0000 INFO  [o.n.k.i.t.l.f.c.CheckpointLogFile] [neo4j/0a5c9463] Scanning log file with version 0 for checkpoint entries
2026-05-19 08:17:17.492+0000 INFO  [o.n.k.i.s.f.RecordFormatSelector] [neo4j/0a5c9463] Selected RecordFormat:PageAlignedV5_0[aligned-1.1] record format from store E:\workspacce\AI\ai_kefu\.data\neo4j-win\data\databases\neo4j
2026-05-19 08:17:17.492+0000 INFO  [o.n.k.i.s.f.RecordFormatSelector] [neo4j/0a5c9463] Selected format from the store files: RecordFormat:PageAlignedV5_0[aligned-1.1]
2026-05-19 08:17:17.583+0000 INFO  [o.n.i.d.DiagnosticsManager] [neo4j/0a5c9463] 
                                                                [neo4j/0a5c9463] ********************************************************************************
                                                                [neo4j/0a5c9463]                               [ Database: neo4j ]                               
                                                                [neo4j/0a5c9463] ********************************************************************************
                                                                [neo4j/0a5c9463] --------------------------------------------------------------------------------
                                                                [neo4j/0a5c9463]                                   [ Version ]                                   
                                                                [neo4j/0a5c9463] --------------------------------------------------------------------------------
                                                                [neo4j/0a5c9463] DBMS: community record-aligned-1.1
                                                                [neo4j/0a5c9463] Kernel version: 5.26.26
                                                                [neo4j/0a5c9463] 
                                                                [neo4j/0a5c9463] --------------------------------------------------------------------------------
                                                                [neo4j/0a5c9463]                                 [ Store files ]                                 
                                                                [neo4j/0a5c9463] --------------------------------------------------------------------------------
                                                                [neo4j/0a5c9463] Disk space on partition (Total / Free / Free %): 952245415936 / 184500621312 / 19
                                                                [neo4j/0a5c9463] Storage files stored on file store: NTFS
                                                                [neo4j/0a5c9463] Storage files: (filename : modification date - size)
                                                                [neo4j/0a5c9463]   database_lock: 2026-05-13 09:29:14.134+0000 - 0B
                                                                [neo4j/0a5c9463]   id-buffer.tmp.0: 2026-05-13 09:29:14.133+0000 - 0B
                                                                [neo4j/0a5c9463]   neostore: 2026-05-13 09:29:14.117+0000 - 8.000KiB
                                                                [neo4j/0a5c9463]   neostore.counts.db: 2026-05-19 08:17:17.561+0000 - 40.00KiB
                                                                [neo4j/0a5c9463]   neostore.indexstats.db: 2026-05-19 08:17:17.566+0000 - 40.00KiB
                                                                [neo4j/0a5c9463]   neostore.labeltokenstore.db: 2026-05-13 09:29:14.112+0000 - 0B
                                                                [neo4j/0a5c9463]   neostore.labeltokenstore.db.id: 2026-05-19 08:17:17.546+0000 - 40.00KiB
                                                                [neo4j/0a5c9463]   neostore.labeltokenstore.db.names: 2026-05-13 09:29:14.110+0000 - 8.000KiB
                                                                [neo4j/0a5c9463]   neostore.labeltokenstore.db.names.id: 2026-05-19 08:17:17.542+0000 - 40.00KiB
                                                                [neo4j/0a5c9463]   neostore.nodestore.db: 2026-05-13 09:29:14.094+0000 - 0B
                                                                [neo4j/0a5c9463]   neostore.nodestore.db.id: 2026-05-19 08:17:17.497+0000 - 40.00KiB
                                                                [neo4j/0a5c9463]   neostore.nodestore.db.labels: 2026-05-13 09:29:14.091+0000 - 8.000KiB
                                                                [neo4j/0a5c9463]   neostore.nodestore.db.labels.id: 2026-05-19 08:17:17.493+0000 - 40.00KiB
                                                                [neo4j/0a5c9463]   neostore.propertystore.db: 2026-05-13 09:29:14.242+0000 - 8.000KiB
                                                                [neo4j/0a5c9463]   neostore.propertystore.db.arrays: 2026-05-13 09:29:14.101+0000 - 8.000KiB
                                                                [neo4j/0a5c9463]   neostore.propertystore.db.arrays.id: 2026-05-19 08:17:17.515+0000 - 40.00KiB
                                                                [neo4j/0a5c9463]   neostore.propertystore.db.id: 2026-05-19 08:17:17.519+0000 - 40.00KiB
                                                                [neo4j/0a5c9463]   neostore.propertystore.db.index: 2026-05-13 09:29:14.244+0000 - 8.000KiB
                                                                [neo4j/0a5c9463]   neostore.propertystore.db.index.id: 2026-05-19 08:17:17.506+0000 - 40.00KiB
                                                                [neo4j/0a5c9463]   neostore.propertystore.db.index.keys: 2026-05-13 09:29:14.242+0000 - 8.000KiB
                                                                [neo4j/0a5c9463]   neostore.propertystore.db.index.keys.id: 2026-05-19 08:17:17.502+0000 - 40.00KiB
                                                                [neo4j/0a5c9463]   neostore.propertystore.db.strings: 2026-05-13 09:29:14.098+0000 - 8.000KiB
                                                                [neo4j/0a5c9463]   neostore.propertystore.db.strings.id: 2026-05-19 08:17:17.511+0000 - 40.00KiB
                                                                [neo4j/0a5c9463]   neostore.relationshipgroupstore.db: 2026-05-13 09:29:14.115+0000 - 8.000KiB
                                                                [neo4j/0a5c9463]   neostore.relationshipgroupstore.db.id: 2026-05-19 08:17:17.555+0000 - 40.00KiB
                                                                [neo4j/0a5c9463]   neostore.relationshipgroupstore.degrees.db: 2026-05-19 08:17:17.563+0000 - 40.00KiB
                                                                [neo4j/0a5c9463]   neostore.relationshipstore.db: 2026-05-13 09:29:14.106+0000 - 0B
                                                                [neo4j/0a5c9463]   neostore.relationshipstore.db.id: 2026-05-19 08:17:17.526+0000 - 40.00KiB
                                                                [neo4j/0a5c9463]   neostore.relationshiptypestore.db: 2026-05-13 09:29:14.109+0000 - 0B
                                                                [neo4j/0a5c9463]   neostore.relationshiptypestore.db.id: 2026-05-19 08:17:17.536+0000 - 40.00KiB
                                                                [neo4j/0a5c9463]   neostore.relationshiptypestore.db.names: 2026-05-13 09:29:14.107+0000 - 8.000KiB
                                                                [neo4j/0a5c9463]   neostore.relationshiptypestore.db.names.id: 2026-05-19 08:17:17.532+0000 - 40.00KiB
                                                                [neo4j/0a5c9463]   neostore.schemastore.db: 2026-05-13 09:29:14.244+0000 - 8.000KiB
                                                                [neo4j/0a5c9463]   neostore.schemastore.db.id: 2026-05-19 08:17:17.549+0000 - 40.00KiB
                                                                [neo4j/0a5c9463]   schema:
                                                                [neo4j/0a5c9463]     index:
                                                                [neo4j/0a5c9463]       token-lookup-1.0:
                                                                [neo4j/0a5c9463]         1:
                                                                [neo4j/0a5c9463]           index-1: 2026-05-13 09:29:14.211+0000 - 40.00KiB
                                                                [neo4j/0a5c9463]         - Total: 2026-05-13 09:29:14.186+0000 - 40.00KiB
                                                                [neo4j/0a5c9463]         2:
                                                                [neo4j/0a5c9463]           index-2: 2026-05-13 09:29:14.213+0000 - 40.00KiB
                                                                [neo4j/0a5c9463]         - Total: 2026-05-13 09:29:14.166+0000 - 40.00KiB
                                                                [neo4j/0a5c9463]       - Total: 2026-05-13 09:29:14.186+0000 - 80.00KiB
                                                                [neo4j/0a5c9463]     - Total: 2026-05-13 09:29:14.165+0000 - 80.00KiB
                                                                [neo4j/0a5c9463]   - Total: 2026-05-13 09:29:14.165+0000 - 80.00KiB
                                                                [neo4j/0a5c9463] Storage summary: 
                                                                [neo4j/0a5c9463]   Total size of store: 848.0KiB
                                                                [neo4j/0a5c9463]   Total size of mapped files: 168.0KiB
                                                                [neo4j/0a5c9463] 
                                                                [neo4j/0a5c9463] --------------------------------------------------------------------------------
                                                                [neo4j/0a5c9463]                               [ Transaction log ]                               
                                                                [neo4j/0a5c9463] --------------------------------------------------------------------------------
                                                                [neo4j/0a5c9463] Transaction log files stored on file store: NTFS
                                                                [neo4j/0a5c9463] Transaction log metadata:
                                                                [neo4j/0a5c9463]  - current kernel version used in transactions: V5_25
                                                                [neo4j/0a5c9463]  - last committed transaction id: 3
                                                                [neo4j/0a5c9463] Transaction log files:
                                                                [neo4j/0a5c9463]  - existing transaction log versions: 0-0
                                                                [neo4j/0a5c9463]  - oldest append index 2 found in log with version 0
                                                                [neo4j/0a5c9463]  - files: (filename : creation date - size)
                                                                [neo4j/0a5c9463]      neostore.transaction.db.0: 2026-05-13 09:29:14.135+0000 - 3.162KiB
                                                                [neo4j/0a5c9463]  - total size of files: 3.162KiB
                                                                [neo4j/0a5c9463] Checkpoint log files:
                                                                [neo4j/0a5c9463]  - existing checkpoint log versions: 0-0
                                                                [neo4j/0a5c9463]  - last checkpoint: CheckpointInfo[oldestNotVisibleTransactionLogPosition=LogPosition{logVersion=0, byteOffset=3238}, transactionLogPosition=LogPosition{logVersion=0, byteOffset=3238}, storeId=StoreId{creationTime=1778664554117, random=-3486631801371037523, storageEngineName='record', formatName='aligned', majorVersion=1, minorVersion=1}, checkpointEntryPosition=LogPosition{logVersion=0, byteOffset=128}, channelPositionAfterCheckpoint=LogPosition{logVersion=0, byteOffset=360}, checkpointFilePostReadPosition=LogPosition{logVersion=0, byteOffset=360}, kernelVersion=KernelVersion{V5_25,version=20}, kernelVersionByte=20, transactionId=TransactionId[id=3, appendIndex=3, kernelVersion=KernelVersion{V5_25,version=20}, checksum=-657785154, commitTimestamp=1778664554160, consensusIndex=-1], appendIndex=3, reason=Checkpoint triggered by "Database init completed." @ txId: 3, append index:, consensusIndexInCheckpoint=true]
                                                                [neo4j/0a5c9463] 
                                                                [neo4j/0a5c9463] --------------------------------------------------------------------------------
                                                                [neo4j/0a5c9463]                                   [ Id usage ]                                  
                                                                [neo4j/0a5c9463] --------------------------------------------------------------------------------
                                                                [neo4j/0a5c9463] ArrayPropertyStore[neostore.nodestore.db.labels]: used=1 high=0
                                                                [neo4j/0a5c9463] NodeStore[neostore.nodestore.db]: used=0 high=-1
                                                                [neo4j/0a5c9463] StringPropertyStore[neostore.propertystore.db.index.keys]: used=20 high=19
                                                                [neo4j/0a5c9463] PropertyIndexStore[neostore.propertystore.db.index]: used=10 high=9
                                                                [neo4j/0a5c9463] StringPropertyStore[neostore.propertystore.db.strings]: used=1 high=0
                                                                [neo4j/0a5c9463] ArrayPropertyStore[neostore.propertystore.db.arrays]: used=1 high=0
                                                                [neo4j/0a5c9463] PropertyStore[neostore.propertystore.db]: used=8 high=7
                                                                [neo4j/0a5c9463] RelationshipStore[neostore.relationshipstore.db]: used=0 high=-1
                                                                [neo4j/0a5c9463] StringPropertyStore[neostore.relationshiptypestore.db.names]: used=1 high=0
                                                                [neo4j/0a5c9463] RelationshipTypeStore[neostore.relationshiptypestore.db]: used=0 high=-1
                                                                [neo4j/0a5c9463] StringPropertyStore[neostore.labeltokenstore.db.names]: used=1 high=0
                                                                [neo4j/0a5c9463] LabelTokenStore[neostore.labeltokenstore.db]: used=0 high=-1
                                                                [neo4j/0a5c9463] SchemaStore[neostore.schemastore.db]: used=3 high=2
                                                                [neo4j/0a5c9463] RelationshipGroupStore[neostore.relationshipgroupstore.db]: used=1 high=0
                                                                [neo4j/0a5c9463] NeoStore[neostore]: used=-1 high=-1
                                                                [neo4j/0a5c9463] 
                                                                [neo4j/0a5c9463] --------------------------------------------------------------------------------
                                                                [neo4j/0a5c9463]                                   [ Metadata ]                                  
                                                                [neo4j/0a5c9463] --------------------------------------------------------------------------------
                                                                [neo4j/0a5c9463] EXTERNAL_STORE_UUID (Database identifier exposed as external store identity. Generated on creation and never updated): 9d7acbea-4d6f-4ac6-b16c-ba4f97ec6c7d
                                                                [neo4j/0a5c9463] DATABASE_ID (The last used DatabaseId for this database): null
                                                                [neo4j/0a5c9463] LEGACY_STORE_VERSION (Legacy store format version. This field is used from 5.0 onwards only to distinguish non-migrated pre 5.0 metadata stores.): -3523014627327384477
                                                                [neo4j/0a5c9463] STORE_ID (Store ID): StoreId{creationTime=1778664554117, random=-3486631801371037523, storageEngineName='record', formatName='aligned', majorVersion=1, minorVersion=1}
                                                                [neo4j/0a5c9463] 
2026-05-19 08:17:17.588+0000 INFO  [o.n.k.i.i.s.TokenIndexProvider] [neo4j/0a5c9463] Schema index cleanup job registered: descriptor=Index( id=1, name='index_343aff4e', type='LOOKUP', schema=(:<any-labels>), indexProvider='token-lookup-1.0' ), indexFile=E:\workspacce\AI\ai_kefu\.data\neo4j-win\data\databases\neo4j\schema\index\token-lookup-1.0\1\index-1
2026-05-19 08:17:17.588+0000 INFO  [o.n.k.i.i.s.TokenIndexProvider] [neo4j/0a5c9463] Schema index cleanup job started: descriptor=Index( id=1, name='index_343aff4e', type='LOOKUP', schema=(:<any-labels>), indexProvider='token-lookup-1.0' ), indexFile=E:\workspacce\AI\ai_kefu\.data\neo4j-win\data\databases\neo4j\schema\index\token-lookup-1.0\1\index-1
2026-05-19 08:17:17.589+0000 INFO  [o.n.k.i.i.s.TokenIndexProvider] [neo4j/0a5c9463] Schema index cleanup job finished: descriptor=Index( id=1, name='index_343aff4e', type='LOOKUP', schema=(:<any-labels>), indexProvider='token-lookup-1.0' ), indexFile=E:\workspacce\AI\ai_kefu\.data\neo4j-win\data\databases\neo4j\schema\index\token-lookup-1.0\1\index-1 Number of pages visited: 2, Number of tree nodes: 1, Number of cleaned crashed pointers: 0, Time spent: 0ms
2026-05-19 08:17:17.589+0000 INFO  [o.n.k.i.i.s.TokenIndexProvider] [neo4j/0a5c9463] Schema index cleanup job closed: descriptor=Index( id=1, name='index_343aff4e', type='LOOKUP', schema=(:<any-labels>), indexProvider='token-lookup-1.0' ), indexFile=E:\workspacce\AI\ai_kefu\.data\neo4j-win\data\databases\neo4j\schema\index\token-lookup-1.0\1\index-1
2026-05-19 08:17:17.592+0000 INFO  [o.n.k.i.i.s.TokenIndexProvider] [neo4j/0a5c9463] Schema index cleanup job registered: descriptor=Index( id=2, name='index_f7700477', type='LOOKUP', schema=()-[:<any-types>]-(), indexProvider='token-lookup-1.0' ), indexFile=E:\workspacce\AI\ai_kefu\.data\neo4j-win\data\databases\neo4j\schema\index\token-lookup-1.0\2\index-2
2026-05-19 08:17:17.592+0000 INFO  [o.n.k.i.i.s.TokenIndexProvider] [neo4j/0a5c9463] Schema index cleanup job started: descriptor=Index( id=2, name='index_f7700477', type='LOOKUP', schema=()-[:<any-types>]-(), indexProvider='token-lookup-1.0' ), indexFile=E:\workspacce\AI\ai_kefu\.data\neo4j-win\data\databases\neo4j\schema\index\token-lookup-1.0\2\index-2
2026-05-19 08:17:17.592+0000 INFO  [o.n.k.i.a.i.IndexingService] [neo4j/0a5c9463] IndexingService.init: indexes not specifically mentioned above are ONLINE. Total 2 indexes. Processed in 6ms
2026-05-19 08:17:17.593+0000 INFO  [o.n.k.i.i.s.TokenIndexProvider] [neo4j/0a5c9463] Schema index cleanup job finished: descriptor=Index( id=2, name='index_f7700477', type='LOOKUP', schema=()-[:<any-types>]-(), indexProvider='token-lookup-1.0' ), indexFile=E:\workspacce\AI\ai_kefu\.data\neo4j-win\data\databases\neo4j\schema\index\token-lookup-1.0\2\index-2 Number of pages visited: 2, Number of tree nodes: 1, Number of cleaned crashed pointers: 0, Time spent: 0ms
2026-05-19 08:17:17.593+0000 INFO  [o.n.k.i.i.s.TokenIndexProvider] [neo4j/0a5c9463] Schema index cleanup job closed: descriptor=Index( id=2, name='index_f7700477', type='LOOKUP', schema=()-[:<any-types>]-(), indexProvider='token-lookup-1.0' ), indexFile=E:\workspacce\AI\ai_kefu\.data\neo4j-win\data\databases\neo4j\schema\index\token-lookup-1.0\2\index-2
2026-05-19 08:17:17.595+0000 INFO  [o.n.k.a.DatabaseAvailabilityGuard] [neo4j/0a5c9463] Requirement `Database unavailable` makes database neo4j unavailable.
2026-05-19 08:17:17.595+0000 INFO  [o.n.k.a.DatabaseAvailabilityGuard] [neo4j/0a5c9463] DatabaseId{0a5c9463[neo4j]} is unavailable.
2026-05-19 08:17:17.598+0000 INFO  [o.n.k.d.Database] [neo4j/0a5c9463] Starting transaction log [E:\workspacce\AI\ai_kefu\.data\neo4j-win\data\transactions\neo4j\neostore.transaction.db.0] at version=0
2026-05-19 08:17:17.601+0000 INFO  [o.n.k.d.Database] [neo4j/0a5c9463] Starting transaction log [E:\workspacce\AI\ai_kefu\.data\neo4j-win\data\transactions\neo4j\checkpoint.0] at version=0
2026-05-19 08:17:17.603+0000 INFO  [o.n.k.i.t.l.f.c.CheckpointLogFile] [neo4j/0a5c9463] Scanning log file with version 0 for checkpoint entries
2026-05-19 08:17:17.607+0000 INFO  [o.n.k.i.a.i.IndexingService] [neo4j/0a5c9463] IndexingService.start: indexes not specifically mentioned above are ONLINE. Total 2 indexes. Processed in 0ms
2026-05-19 08:17:17.608+0000 INFO  [o.n.k.a.DatabaseAvailabilityGuard] [neo4j/0a5c9463] Fulfilling of requirement 'Database unavailable' makes database neo4j available.
2026-05-19 08:17:17.609+0000 INFO  [o.n.k.a.DatabaseAvailabilityGuard] [neo4j/0a5c9463] DatabaseId{0a5c9463[neo4j]} is ready.
2026-05-19 08:17:17.705+0000 INFO  [o.n.b.p.c.c.n.SocketNettyConnector] Bolt enabled on 127.0.0.1:7687.
2026-05-19 08:17:17.711+0000 WARN  [i.n.b.ServerBootstrap] Unknown channel option 'SO_REUSEADDR' for channel '[id: 0xb7fc3059]' of type 'class io.netty.channel.local.LocalServerChannel'
2026-05-19 08:17:17.722+0000 INFO  [o.n.b.BoltServer] Bolt server started
2026-05-19 08:17:17.723+0000 INFO  [o.n.s.A.ServerComponentsLifecycleAdapter] Starting web server
2026-05-19 08:17:20.370+0000 INFO  [o.n.s.CommunityNeoWebServer] HTTP enabled on 127.0.0.1:7474.
2026-05-19 08:17:20.371+0000 INFO  [o.n.s.CommunityNeoWebServer] Remote interface available at http://localhost:7474/
2026-05-19 08:17:20.371+0000 INFO  [o.n.s.A.ServerComponentsLifecycleAdapter] Web server started.
2026-05-19 08:17:20.376+0000 INFO  [o.n.g.f.DatabaseManagementServiceFactory] id: FB3B039A7857AC973A9E3B82A4DF286D16BC87314DB14D9088A1FB069A158A18
2026-05-19 08:17:20.376+0000 INFO  [o.n.g.f.DatabaseManagementServiceFactory] name: system
2026-05-19 08:17:20.377+0000 INFO  [o.n.g.f.DatabaseManagementServiceFactory] creationDate: 2026-05-13T09:29:12.847Z
2026-05-27 08:44:42.106+0000 INFO  [o.n.g.f.m.GlobalModule] Logging config in use: File 'E:\environment\neo4j-community-5.26.26\conf\server-logs.xml'
2026-05-27 08:44:42.567+0000 WARN  [o.n.i.p.PageCache] Reflection access to java.nio.DirectByteBuffer is not available, using fallback mode. This could have negative impact on performance and memory usage. Consider adding --add-opens=java.base/java.nio=ALL-UNNAMED to VM options.
2026-05-27 08:44:42.809+0000 ERROR [o.n.i.d.DiagnosticsManager] Failure while logging diagnostics for LIBRARY_PATH
java.nio.file.InvalidPathException: Illegal char <"> at index 0: "E:\environment\jdk21\jre\bin
	at java.base/sun.nio.fs.WindowsPathParser.normalize(WindowsPathParser.java:204)
	at java.base/sun.nio.fs.WindowsPathParser.parse(WindowsPathParser.java:175)
	at java.base/sun.nio.fs.WindowsPathParser.parse(WindowsPathParser.java:77)
	at java.base/sun.nio.fs.WindowsPath.parse(WindowsPath.java:92)
	at java.base/sun.nio.fs.WindowsFileSystem.getPath(WindowsFileSystem.java:231)
	at java.base/java.nio.file.Path.of(Path.java:148)
	at org.neo4j.kernel.diagnostics.providers.SystemDiagnostics.canonicalize(SystemDiagnostics.java:270)
	at org.neo4j.kernel.diagnostics.providers.SystemDiagnostics$6.dump(SystemDiagnostics.java:185)
	at org.neo4j.internal.diagnostics.DiagnosticsManager.dump(DiagnosticsManager.java:49)
	at org.neo4j.kernel.diagnostics.providers.DbmsDiagnosticsManager.lambda$dumpSystemDiagnostics$7(DbmsDiagnosticsManager.java:158)
	at org.neo4j.kernel.diagnostics.providers.DbmsDiagnosticsManager.dumpAsSingleMessageWithPrefix(DbmsDiagnosticsManager.java:231)
	at org.neo4j.kernel.diagnostics.providers.DbmsDiagnosticsManager.dumpAsSingleMessage(DbmsDiagnosticsManager.java:217)
	at org.neo4j.kernel.diagnostics.providers.DbmsDiagnosticsManager.dumpSystemDiagnostics(DbmsDiagnosticsManager.java:152)
	at org.neo4j.kernel.diagnostics.providers.DbmsDiagnosticsManager.dumpSystemDiagnostics(DbmsDiagnosticsManager.java:79)
	at org.neo4j.graphdb.factory.module.GlobalModule.<init>(GlobalModule.java:249)
	at org.neo4j.graphdb.facade.DatabaseManagementServiceFactory.createGlobalModule(DatabaseManagementServiceFactory.java:325)
	at org.neo4j.graphdb.facade.DatabaseManagementServiceFactory.build(DatabaseManagementServiceFactory.java:144)
	at org.neo4j.server.CommunityBootstrapper.createNeo(CommunityBootstrapper.java:38)
	at org.neo4j.server.NeoBootstrapper.start(NeoBootstrapper.java:185)
	at org.neo4j.server.NeoBootstrapper.start(NeoBootstrapper.java:100)
	at org.neo4j.server.CommunityEntryPoint.main(CommunityEntryPoint.java:30)
2026-05-27 08:44:42.888+0000 INFO  [o.n.i.d.DiagnosticsManager] 
                                                                ********************************************************************************
                                                                                             [ System diagnostics ]                             
                                                                ********************************************************************************
2026-05-27 08:44:42.888+0000 INFO  [o.n.i.d.DiagnosticsManager] 
                                                                --------------------------------------------------------------------------------
                                                                                         [ System memory information ]                          
                                                                --------------------------------------------------------------------------------
                                                                Total Physical memory: 15.78GiB
                                                                Free Physical memory: 3.238GiB
                                                                Committed virtual memory: 676.4MiB
                                                                Total swap space: 32.78GiB
                                                                Free swap space: 14.33GiB
                                                                
2026-05-27 08:44:42.888+0000 INFO  [o.n.i.d.DiagnosticsManager] 
                                                                --------------------------------------------------------------------------------
                                                                                           [ JVM memory information ]                           
                                                                --------------------------------------------------------------------------------
                                                                Free  memory: 486.3MiB
                                                                Total memory: 512.0MiB
                                                                Max   memory: 512.0MiB
                                                                Garbage Collector: G1 Young Generation: [G1 Eden Space, G1 Survivor Space, G1 Old Gen]
                                                                Garbage Collector: G1 Concurrent GC: [G1 Old Gen]
                                                                Garbage Collector: G1 Old Generation: [G1 Eden Space, G1 Survivor Space, G1 Old Gen]
                                                                Memory Pool: CodeHeap 'non-nmethods' (Non-heap memory): committed=3.250MiB, used=3.150MiB, max=7.313MiB, threshold=0B
                                                                Memory Pool: Metaspace (Non-heap memory): committed=22.00MiB, used=21.72MiB, max=-1B, threshold=0B
                                                                Memory Pool: CodeHeap 'profiled nmethods' (Non-heap memory): committed=5.313MiB, used=5.278MiB, max=116.3MiB, threshold=0B
                                                                Memory Pool: Compressed Class Space (Non-heap memory): committed=2.375MiB, used=2.244MiB, max=1.000GiB, threshold=0B
                                                                Memory Pool: G1 Eden Space (Heap memory): committed=317.0MiB, used=6.000MiB, max=-1B, threshold=?
                                                                Memory Pool: G1 Old Gen (Heap memory): committed=189.0MiB, used=14.21MiB, max=512.0MiB, threshold=0B
                                                                Memory Pool: G1 Survivor Space (Heap memory): committed=6.000MiB, used=5.471MiB, max=-1B, threshold=?
                                                                Memory Pool: CodeHeap 'non-profiled nmethods' (Non-heap memory): committed=2.438MiB, used=1.228MiB, max=116.4MiB, threshold=0B
                                                                
2026-05-27 08:44:42.888+0000 INFO  [o.n.i.d.DiagnosticsManager] 
                                                                --------------------------------------------------------------------------------
                                                                                        [ Operating system information ]                        
                                                                --------------------------------------------------------------------------------
                                                                Operating System: Windows 11; version: 10.0; arch: amd64; cpus: 16
                                                                Process id: 28852
                                                                Byte order: LITTLE_ENDIAN
                                                                Local timezone: Asia/Shanghai
                                                                Memory page size: 4096
                                                                Unaligned memory access allowed: true
                                                                
2026-05-27 08:44:42.888+0000 INFO  [o.n.i.d.DiagnosticsManager] 
                                                                --------------------------------------------------------------------------------
                                                                                              [ JVM information ]                               
                                                                --------------------------------------------------------------------------------
                                                                VM Name: Java HotSpot(TM) 64-Bit Server VM
                                                                VM Vendor: Oracle Corporation
                                                                VM Version: 21.0.7+8-LTS-245
                                                                JIT compiler: HotSpot 64-Bit Tiered Compilers
                                                                VM Arguments: [-Dfile.encoding=UTF-8, -Xms524288k, -Xmx524288k]
                                                                
2026-05-27 08:44:42.888+0000 INFO  [o.n.i.d.DiagnosticsManager] 

                                                                --------------------------------------------------------------------------------
                                                                                               [ Java classpath ]                               
                                                                --------------------------------------------------------------------------------
                                                                 [classpath] E:\environment\neo4j-community-5.26.26\lib\neo4j-import-util-5.26.26.jar
                                                                 [classpath] E:\environment\neo4j-community-5.26.26\lib\jaxb-api-2.2.12.jar
                                                                 [classpath] E:\environment\neo4j-community-5.26.26\lib\jetty-http2-common-12.1.8.jar
                                                                 [classpath] E:\environment\neo4j-community-5.26.26\lib\neo4j-bolt-connection-routed-11.0.1.jar
                                                                 [classpath] E:\environment\neo4j-community-5.26.26\lib\jettison-1.5.4.jar
                                                                 [classpath] E:\environment\neo4j-community-5.26.26\lib\neo4j-procedure-api-5.26.26.jar
                                                                 [classpath] E:\environment\neo4j-community-5.26.26\lib\shiro-core-2.1.0.jar
                                                                 [classpath] E:\environment\neo4j-community-5.26.26\lib\neo4j-resource-5.26.26.jar
                                                                 [classpath] E:\environment\neo4j-community-5.26.26\lib\jetty-http2-hpack-12.1.8.jar
                                                                 [classpath] E:\environment\neo4j-community-5.26.26\lib\neo4j-unsafe-5.26.26.jar
                                                                 [classpath] E:\environment\neo4j-community-5.26.26\lib\jPowerShell-3.0.jar
                                                                 [classpath] E:\environment\neo4j-community-5.26.26\lib\jline-terminal-3.21.0.jar
                                                                 [classpath] E:\environment\neo4j-community-5.26.26\lib\neo4j-cypher-physical-planning-5.26.26.jar
                                                                 [classpath] E:\environment\neo4j-community-5.26.26\lib\netty-transport-native-unix-common-4.1.133.Final.jar
                                                                 [classpath] E:\environment\neo4j-community-5.26.26\lib\jackson-jaxrs-json-provider-2.21.1.jar
                                                                 [classpath] E:\environment\neo4j-community-5.26.26\lib\shiro-crypto-core-2.1.0.jar
                                                                 [classpath] E:\environment\neo4j-community-5.26.26\lib\neo4j-cypher-javacc-parser-5.26.26.jar
                                                                 [classpath] E:\environment\neo4j-community-5.26.26\lib\jProcesses-1.6.5.jar
                                                                 [classpath] E:\environment\neo4j-community-5.26.26\lib\neo4j-import-tool-5.26.26.jar
                                                                 [classpath] E:\environment\neo4j-community-5.26.26\lib\commons-codec-1.17.1.jar
                                                                 [classpath] E:\environment\neo4j-community-5.26.26\lib\jackson-module-jaxb-annotations-2.21.1.jar
                                                                 [classpath] E:\environment\neo4j-community-5.26.26\lib\argparse4j-0.9.0.jar
                                                                 [classpath] E:\environment\neo4j-community-5.26.26\lib\istack-commons-runtime-3.0.8.jar
                                                                 [classpath] E:\environment\neo4j-community-5.26.26\lib\neo4j-logging-5.26.26.jar
                                                                 [classpath] E:\environment\neo4j-community-5.26.26\lib\cypher-v25-ast-factory-5.26.26.jar
                                                                 [classpath] E:\environment\neo4j-community-5.26.26\lib\netty-handler-4.1.133.Final.jar
                                                                 [classpath] E:\environment\neo4j-community-5.26.26\lib\jersey-server-2.46.jar
                                                                 [classpath] E:\environment\neo4j-community-5.26.26\lib\neo4j-import-api-5.26.26.jar
                                                                 [classpath] E:\environment\neo4j-community-5.26.26\lib\neo4j-cypher-config-5.26.26.jar
                                                                 [classpath] E:\environment\neo4j-community-5.26.26\lib\neo4j-kernel-api-5.26.26.jar
                                                                 [classpath] E:\environment\neo4j-community-5.26.26\lib\neo4j-cypher-runtime-util-5.26.26.jar
                                                                 [classpath] E:\environment\neo4j-community-5.26.26\lib\neo4j-common-5.26.26.jar
                                                                 [classpath] E:\environment\neo4j-community-5.26.26\lib\commons-text-1.12.0.jar
                                                                 [classpath] E:\environment\neo4j-community-5.26.26\lib\zstd-jni-1.5.6-6.jar
                                                                 [classpath] E:\environment\neo4j-community-5.26.26\lib\lucene-backward-codecs-9.11.1.jar
                                                                 [classpath] E:\environment\neo4j-community-5.26.26\lib\parquet-floor-1.62.jar
                                                                 [classpath] E:\environment\neo4j-community-5.26.26\lib\neo4j-graphdb-api-5.26.26.jar
                                                                 [classpath] E:\environment\neo4j-community-5.26.26\lib\neo4j-csv-5.26.26.jar
                                                                 [classpath] E:\environment\neo4j-community-5.26.26\lib\kiama_2.13-2.5.1.jar
                                                                 [classpath] E:\environment\neo4j-community-5.26.26\lib\hk2-utils-2.6.1.jar
                                                                 [classpath] E:\environment\neo4j-community-5.26.26\lib\FastInfoset-1.2.16.jar
                                                                 [classpath] E:\environment\neo4j-community-5.26.26\lib\neo4j-query-router-5.26.26.jar
                                                                 [classpath] E:\environment\neo4j-community-5.26.26\lib\scala-library-2.13.11.jar
                                                                 [classpath] E:\environment\neo4j-community-5.26.26\lib\neo4j-cypher-ir-5.26.26.jar
                                                                 [classpath] E:\environment\neo4j-community-5.26.26\lib\netty-resolver-4.1.133.Final.jar
                                                                 [classpath] E:\environment\neo4j-community-5.26.26\lib\caffeine-3.1.8.jar
2026-05-27 08:44:42.894+0000 INFO  [o.n.i.d.DiagnosticsManager] 
                                                                 [classpath] E:\environment\neo4j-community-5.26.26\lib\commons-io-2.17.0.jar
                                                                 [classpath] E:\environment\neo4j-community-5.26.26\lib\neo4j-procedure-5.26.26.jar
                                                                 [classpath] E:\environment\neo4j-community-5.26.26\lib\jakarta.activation-api-1.2.2.jar
                                                                 [classpath] E:\environment\neo4j-community-5.26.26\lib\jetty-session-12.1.8.jar
                                                                 [classpath] E:\environment\neo4j-community-5.26.26\lib\neo4j-data-collector-5.26.26.jar
                                                                 [classpath] E:\environment\neo4j-community-5.26.26\lib\jline-terminal-jansi-3.21.0.jar
                                                                 [classpath] E:\environment\neo4j-community-5.26.26\lib\neo4j-dbms-5.26.26.jar
                                                                 [classpath] E:\environment\neo4j-community-5.26.26\lib\javassist-3.30.2-GA.jar
                                                                 [classpath] E:\environment\neo4j-community-5.26.26\lib\shiro-crypto-hash-2.1.0.jar
                                                                 [classpath] E:\environment\neo4j-community-5.26.26\lib\shiro-hashes-argon2-2.1.0.jar
                                                                 [classpath] E:\environment\neo4j-community-5.26.26\lib\neo4j-slf4j-provider-5.26.26.jar
                                                                 [classpath] E:\environment\neo4j-community-5.26.26\lib\neo4j-lock-5.26.26.jar
                                                                 [classpath] E:\workspacce\AI\ai_kefu\local_services\*
                                                                 [classpath] E:\environment\neo4j-community-5.26.26\lib\neo4j-cloud-5.26.26.jar
                                                                 [classpath] E:\environment\neo4j-community-5.26.26\lib\neo4j-cypher-interpreted-runtime-5.26.26.jar
                                                                 [classpath] E:\environment\neo4j-community-5.26.26\lib\neo4j-push-to-cloud-5.26.26.jar
                                                                 [classpath] E:\environment\neo4j-community-5.26.26\lib\jctools-core-4.0.5.jar
                                                                 [classpath] E:\environment\neo4j-community-5.26.26\lib\txw2-2.3.2.jar
                                                                 [classpath] E:\environment\neo4j-community-5.26.26\lib\commons-configuration2-2.11.0.jar
                                                                 [classpath] E:\environment\neo4j-community-5.26.26\lib\neo4j-native-5.26.26.jar
                                                                 [classpath] E:\environment\neo4j-community-5.26.26\lib\neo4j-expressions-5.26.26.jar
                                                                 [classpath] E:\environment\neo4j-community-5.26.26\lib\neo4j-consistency-check-5.26.26.jar
                                                                 [classpath] E:\environment\neo4j-community-5.26.26\lib\netty-transport-native-epoll-4.1.133.Final-linux-aarch_64.jar
                                                                 [classpath] E:\environment\neo4j-community-5.26.26\lib\neo4j-notifications-5.26.26.jar
                                                                 [classpath] E:\environment\neo4j-community-5.26.26\lib\neo4j-exceptions-5.26.26.jar
                                                                 [classpath] E:\environment\neo4j-community-5.26.26\lib\neo4j-values-5.26.26.jar
                                                                 [classpath] E:\environment\neo4j-community-5.26.26\lib\neo4j-ssl-5.26.26.jar
                                                                 [classpath] E:\environment\neo4j-community-5.26.26\lib\jakarta.annotation-api-1.3.5.jar
                                                                 [classpath] E:\environment\neo4j-community-5.26.26\lib\neo4j-wal-5.26.26.jar
                                                                 [classpath] E:\environment\neo4j-community-5.26.26\lib\jline-reader-3.21.0.jar
                                                                 [classpath] E:\environment\neo4j-community-5.26.26\lib\annotations-5.26.26.jar
                                                                 [classpath] E:\environment\neo4j-community-5.26.26\lib\neo4j-fulltext-index-5.26.26.jar
                                                                 [classpath] E:\environment\neo4j-community-5.26.26\lib\lucene-core-9.11.1.jar
                                                                 [classpath] E:\environment\neo4j-community-5.26.26\lib\neo4j-token-api-5.26.26.jar
                                                                 [classpath] E:\environment\neo4j-community-5.26.26\lib\parquet-column-1.17.0.jar
                                                                 [classpath] E:\environment\neo4j-community-5.26.26\lib\neo4j-io-5.26.26.jar
                                                                 [classpath] E:\environment\neo4j-community-5.26.26\lib\jackson-jaxrs-base-2.21.1.jar
                                                                 [classpath] E:\environment\neo4j-community-5.26.26\lib\neo4j-codegen-5.26.26.jar
                                                                 [classpath] E:\environment\neo4j-community-5.26.26\lib\jetty-ee8-security-12.1.8.jar
                                                                 [classpath] E:\environment\neo4j-community-5.26.26\lib\jetty-util-12.1.8.jar
                                                                 [classpath] E:\environment\neo4j-community-5.26.26\lib\jetty-http-12.1.8.jar
                                                                 [classpath] E:\environment\neo4j-community-5.26.26\lib\neo4j-fabric-5.26.26.jar
                                                                 [classpath] E:\environment\neo4j-community-5.26.26\lib\antlr4-runtime-4.13.2.jar
                                                                 [classpath] E:\environment\neo4j-community-5.26.26\lib\neo4j-kernel-5.26.26.jar
                                                                 [classpath] E:\environment\neo4j-community-5.26.26\lib\jackson-annotations-2.21.jar
                                                                 [classpath] E:\environment\neo4j-community-5.26.26\lib\scala-collection-contrib_2.13-0.3.0.jar
                                                                 [classpath] E:\environment\neo4j-community-5.26.26\lib\jersey-container-servlet-2.46.jar
                                                                 [classpath] E:\environment\neo4j-community-5.26.26\lib\netty-transport-native-kqueue-4.1.133.Final-osx-x86_64.jar
                                                                 [classpath] E:\environment\neo4j-community-5.26.26\lib\neo4j-bolt-connection-netty-11.0.1.jar
                                                                 [classpath] E:\environment\neo4j-community-5.26.26\lib\neo4j-layout-5.26.26.jar
2026-05-27 08:44:42.894+0000 INFO  [o.n.i.d.DiagnosticsManager] 
                                                                 [classpath] E:\environment\neo4j-community-5.26.26\lib\neo4j-id-generator-5.26.26.jar
                                                                 [classpath] E:\environment\neo4j-community-5.26.26\lib\lucene-queryparser-9.11.1.jar
                                                                 [classpath] E:\environment\neo4j-community-5.26.26\lib\neo4j-bolt-5.26.26.jar
                                                                 [classpath] E:\environment\neo4j-community-5.26.26\lib\jts-core-1.20.0.jar
                                                                 [classpath] E:\environment\neo4j-community-5.26.26\lib\neo4j-cypher-5.26.26.jar
                                                                 [classpath] E:\environment\neo4j-community-5.26.26\lib\neo4j-bolt-connection-pooled-11.0.1.jar
                                                                 [classpath] E:\environment\neo4j-community-5.26.26\lib\ipaddress-5.5.1.jar
                                                                 [classpath] E:\environment\neo4j-community-5.26.26\lib\stax-ex-1.8.1.jar
                                                                 [classpath] E:\environment\neo4j-community-5.26.26\lib\neo4j-storage-engine-util-5.26.26.jar
                                                                 [classpath] E:\environment\neo4j-community-5.26.26\lib\server-api-5.26.26.jar
                                                                 [classpath] E:\environment\neo4j-community-5.26.26\lib\zstd-proxy-5.26.26.jar
                                                                 [classpath] E:\environment\neo4j-community-5.26.26\lib\log4j-layout-template-json-2.25.4.jar
                                                                 [classpath] E:\environment\neo4j-community-5.26.26\lib\cypher-parser-factory-5.26.26.jar
                                                                 [classpath] E:\environment\neo4j-community-5.26.26\lib\neo4j-schema-5.26.26.jar
                                                                 [classpath] E:\environment\neo4j-community-5.26.26\lib\log4j-core-2.25.4.jar
                                                                 [classpath] E:\environment\neo4j-community-5.26.26\lib\neo4j-bolt-connection-11.0.1.jar
                                                                 [classpath] E:\environment\neo4j-community-5.26.26\lib\parquet-format-structures-1.17.0.jar
                                                                 [classpath] E:\environment\neo4j-community-5.26.26\lib\neo4j-capabilities-5.26.26.jar
                                                                 [classpath] E:\environment\neo4j-community-5.26.26\lib\hk2-locator-2.6.1.jar
                                                                 [classpath] E:\environment\neo4j-community-5.26.26\lib\neo4j-graph-algo-5.26.26.jar
                                                                 [classpath] E:\environment\neo4j-community-5.26.26\lib\cypher-antlr-ast-common-5.26.26.jar
                                                                 [classpath] E:\environment\neo4j-community-5.26.26\lib\cypher-ast-factory-5.26.26.jar
                                                                 [classpath] E:\environment\neo4j-community-5.26.26\lib\parquet-hadoop-1.17.0.jar
                                                                 [classpath] E:\environment\neo4j-community-5.26.26\lib\jetty-http2-server-12.1.8.jar
                                                                 [classpath] E:\environment\neo4j-community-5.26.26\lib\jakarta.ws.rs-api-2.1.6.jar
                                                                 [classpath] E:\environment\neo4j-community-5.26.26\lib\netty-transport-native-epoll-4.1.133.Final-linux-x86_64.jar
                                                                 [classpath] E:\environment\neo4j-community-5.26.26\lib\jansi-2.4.0.jar
                                                                 [classpath] E:\environment\neo4j-community-5.26.26\lib\neo4j-rewriting-5.26.26.jar
                                                                 [classpath] E:\environment\neo4j-community-5.26.26\lib\neo4j-cypher-ast-factory-5.26.26.jar
                                                                 [classpath] E:\environment\neo4j-community-5.26.26\lib\neo4j-cypher-planner-spi-5.26.26.jar
                                                                 [classpath] E:\environment\neo4j-community-5.26.26\lib\neo4j-ast-5.26.26.jar
                                                                 [classpath] E:\environment\neo4j-community-5.26.26\lib\neo4j-cypher-rendering-5.26.26.jar
                                                                 [classpath] E:\environment\neo4j-community-5.26.26\lib\magnolia_2.13-1.1.8.jar
                                                                 [classpath] E:\environment\neo4j-community-5.26.26\lib\neo4j-collections-5.26.26.jar
                                                                 [classpath] E:\environment\neo4j-community-5.26.26\lib\neo4j-cypher-slotted-runtime-5.26.26.jar
                                                                 [classpath] E:\environment\neo4j-community-5.26.26\lib\reactor-core-3.7.12.jar
                                                                 [classpath] E:\environment\neo4j-community-5.26.26\lib\cypher-parser-ast-common-5.26.26.jar
                                                                 [classpath] E:\environment\neo4j-community-5.26.26\lib\neo4j-util-5.26.26.jar
                                                                 [classpath] E:\environment\neo4j-community-5.26.26\lib\jetty-ee8-webapp-12.1.8.jar
                                                                 [classpath] E:\environment\neo4j-community-5.26.26\lib\netty-buffer-4.1.133.Final.jar
                                                                 [classpath] E:\environment\neo4j-community-5.26.26\lib\cypher-v25-antlr-parser-5.26.26.jar
                                                                 [classpath] E:\environment\neo4j-community-5.26.26\lib\picocli-4.7.6.jar
                                                                 [classpath] E:\environment\neo4j-community-5.26.26\lib\neo4j-server-5.26.26.jar
                                                                 [classpath] E:\environment\neo4j-community-5.26.26\lib\netty-codec-4.1.133.Final.jar
                                                                 [classpath] E:\environment\neo4j-community-5.26.26\lib\jetty-xml-12.1.8.jar
                                                                 [classpath] E:\environment\neo4j-community-5.26.26\lib\neo4j-diagnostics-5.26.26.jar
                                                                 [classpath] E:\environment\neo4j-community-5.26.26\lib\parquet-encoding-1.17.0.jar
                                                                 [classpath] E:\environment\neo4j-community-5.26.26\lib\neo4j-java-driver-5.28.13.jar
                                                                 [classpath] E:\environment\neo4j-community-5.26.26\lib\neo4j-lucene-index-5.26.26.jar
                                                                 [classpath] E:\environment\neo4j-community-5.26.26\lib\eclipse-collections-api-11.1.0.jar
2026-05-27 08:44:42.894+0000 INFO  [o.n.i.d.DiagnosticsManager] 
                                                                 [classpath] E:\environment\neo4j-community-5.26.26\lib\neo4j-command-line-5.26.26.jar
                                                                 [classpath] E:\environment\neo4j-community-5.26.26\lib\parquet-common-1.17.0.jar
                                                                 [classpath] E:\environment\neo4j-community-5.26.26\lib\jetty-alpn-server-12.1.8.jar
                                                                 [classpath] E:\environment\neo4j-community-5.26.26\lib\jersey-container-servlet-core-2.46.jar
                                                                 [classpath] E:\environment\neo4j-community-5.26.26\lib\neo4j-index-5.26.26.jar
                                                                 [classpath] E:\environment\neo4j-community-5.26.26\lib\jetty-ee-webapp-12.1.8.jar
                                                                 [classpath] E:\environment\neo4j-community-5.26.26\lib\neo4j-cypher-expression-evaluator-5.26.26.jar
                                                                 [classpath] E:\environment\neo4j-community-5.26.26\lib\neo4j-cypher-macros-5.26.26.jar
                                                                 [classpath] E:\environment\neo4j-community-5.26.26\lib\neo4j-security-5.26.26.jar
                                                                 [classpath] E:\environment\neo4j-community-5.26.26\lib\jetty-ee8-nested-12.1.8.jar
                                                                 [classpath] E:\environment\neo4j-community-5.26.26\lib\neo4j-cypher-logical-plans-5.26.26.jar
                                                                 [classpath] E:\environment\neo4j-community-5.26.26\lib\cypher-parser-common-5.26.26.jar
                                                                 [classpath] E:\environment\neo4j-community-5.26.26\lib\shiro-event-2.1.0.jar
                                                                 [classpath] E:\environment\neo4j-community-5.26.26\lib\jakarta.validation-api-2.0.2.jar
                                                                 [classpath] E:\environment\neo4j-community-5.26.26\lib\cypher-v5-literal-interpreter-5.26.26.jar
                                                                 [classpath] E:\environment\neo4j-community-5.26.26\lib\commons-logging-1.3.4.jar
                                                                 [classpath] E:\environment\neo4j-community-5.26.26\lib\snappy-java-1.1.10.7.jar
                                                                 [classpath] E:\environment\neo4j-community-5.26.26\lib\javax.annotation-api-1.3.2.jar
                                                                 [classpath] E:\environment\neo4j-community-5.26.26\lib\netty-codec-http-4.1.133.Final.jar
                                                                 [classpath] E:\environment\neo4j-community-5.26.26\lib\neo4j-cypher-planner-5.26.26.jar
                                                                 [classpath] E:\environment\neo4j-community-5.26.26\lib\netty-transport-native-kqueue-4.1.133.Final-osx-aarch_64.jar
                                                                 [classpath] E:\environment\neo4j-community-5.26.26\lib\jetty-io-12.1.8.jar
                                                                 [classpath] E:\environment\neo4j-community-5.26.26\lib\netty-tcnative-classes-2.0.77.Final.jar
                                                                 [classpath] E:\environment\neo4j-community-5.26.26\lib\hk2-api-2.6.1.jar
                                                                 [classpath] E:\environment\neo4j-community-5.26.26\lib\commons-lang3-3.18.0.jar
                                                                 [classpath] E:\environment\neo4j-community-5.26.26\lib\neo4j-gql-status-5.26.26.jar
                                                                 [classpath] E:\environment\neo4j-community-5.26.26\lib\netty-transport-classes-epoll-4.1.133.Final.jar
                                                                 [classpath] E:\environment\neo4j-community-5.26.26\lib\neo4j-cypher-cache-5.26.26.jar
                                                                 [classpath] E:\environment\neo4j-community-5.26.26\lib\reactive-streams-1.0.4.jar
                                                                 [classpath] E:\environment\neo4j-community-5.26.26\lib\netty-transport-4.1.133.Final.jar
                                                                 [classpath] E:\environment\neo4j-community-5.26.26\lib\neo4j-monitoring-5.26.26.jar
                                                                 [classpath] E:\environment\neo4j-community-5.26.26\lib\jersey-client-2.46.jar
                                                                 [classpath] E:\environment\neo4j-community-5.26.26\lib\lucene-analysis-common-9.11.1.jar
                                                                 [classpath] E:\environment\neo4j-community-5.26.26\lib\scala-reflect-2.13.11.jar
                                                                 [classpath] E:\environment\neo4j-community-5.26.26\lib\jersey-hk2-2.46.jar
                                                                 [classpath] E:\environment\neo4j-community-5.26.26\lib\jetty-ee8-servlet-12.1.8.jar
                                                                 [classpath] E:\environment\neo4j-community-5.26.26\lib\jetty-servlet-api-4.0.9.jar
                                                                 [classpath] E:\environment\neo4j-community-5.26.26\lib\jaxb-runtime-2.3.2.jar
                                                                 [classpath] E:\environment\neo4j-community-5.26.26\lib\shiro-config-core-2.1.0.jar
                                                                 [classpath] E:\environment\neo4j-community-5.26.26\lib\jetty-server-12.1.8.jar
                                                                 [classpath] E:\environment\neo4j-community-5.26.26\lib\shiro-hashes-bcrypt-2.1.0.jar
                                                                 [classpath] E:\environment\neo4j-community-5.26.26\lib\neo4j-concurrent-5.26.26.jar
                                                                 [classpath] E:\environment\neo4j-community-5.26.26\lib\WMI4Java-1.6.3.jar
                                                                 [classpath] E:\environment\neo4j-community-5.26.26\lib\neo4j-spatial-index-5.26.26.jar
                                                                 [classpath] E:\environment\neo4j-community-5.26.26\lib\neo4j-record-storage-engine-5.26.26.jar
                                                                 [classpath] E:\environment\neo4j-community-5.26.26\lib\log4j-api-2.25.4.jar
                                                                 [classpath] E:\environment\neo4j-community-5.26.26\lib\cypher-shell-5.26.26.jar
                                                                 [classpath] E:\environment\neo4j-community-5.26.26\lib\jna-5.15.0.jar
                                                                 [classpath] E:\environment\neo4j-community-5.26.26\lib\netty-transport-classes-kqueue-4.1.133.Final.jar
                                                                 [classpath] E:\environment\neo4j-community-5.26.26\lib\cypher-v5-ast-factory-5.26.26.jar
2026-05-27 08:44:42.894+0000 INFO  [o.n.i.d.DiagnosticsManager] 
                                                                 [classpath] E:\environment\neo4j-community-5.26.26\lib\neo4j-bootcheck-5.26.26.jar
                                                                 [classpath] E:\environment\neo4j-community-5.26.26\lib\commons-compress-1.27.1.jar
                                                                 [classpath] E:\environment\neo4j-community-5.26.26\lib\cypher-v25-parser-listener-5.26.26.jar
                                                                 [classpath] E:\environment\neo4j-community-5.26.26\lib\shiro-lang-2.1.0.jar
                                                                 [classpath] E:\environment\neo4j-community-5.26.26\lib\jackson-core-2.21.1.jar
                                                                 [classpath] E:\environment\neo4j-community-5.26.26\lib\cypher-antlr-common-5.26.26.jar
                                                                 [classpath] E:\environment\neo4j-community-5.26.26\lib\shiro-cache-2.1.0.jar
                                                                 [classpath] E:\environment\neo4j-community-5.26.26\lib\neo4j-udc-5.26.26.jar
                                                                 [classpath] E:\environment\neo4j-community-5.26.26\lib\jakarta.inject-2.6.1.jar
                                                                 [classpath] E:\environment\neo4j-community-5.26.26\lib\neo4j-cypher-dsl-2024.2.0.jar
                                                                 [classpath] E:\environment\neo4j-community-5.26.26\lib\jersey-common-2.46.jar
                                                                 [classpath] E:\environment\neo4j-community-5.26.26\lib\jackson-databind-2.21.1.jar
                                                                 [classpath] E:\environment\neo4j-community-5.26.26\lib\netty-common-4.1.133.Final.jar
                                                                 [classpath] E:\environment\neo4j-community-5.26.26\lib\neo4j-5.26.26.jar
                                                                 [classpath] E:\environment\neo4j-community-5.26.26\lib\parquet-jackson-1.17.0.jar
                                                                 [classpath] E:\environment\neo4j-community-5.26.26\lib\neo4j-front-end-5.26.26.jar
                                                                 [classpath] E:\environment\neo4j-community-5.26.26\lib\neo4j-configuration-5.26.26.jar
                                                                 [classpath] E:\environment\neo4j-community-5.26.26\lib\eclipse-collections-11.1.0.jar
                                                                 [classpath] E:\environment\neo4j-community-5.26.26\lib\jetty-security-12.1.8.jar
                                                                 [classpath] E:\environment\neo4j-community-5.26.26\lib\jetty-alpn-java-server-12.1.8.jar
                                                                 [classpath] E:\environment\neo4j-community-5.26.26\lib\slf4j-api-2.0.9.jar
                                                                 [classpath] E:\environment\neo4j-community-5.26.26\lib\cypher-v5-parser-listener-5.26.26.jar
                                                                 [classpath] E:\environment\neo4j-community-5.26.26\lib\shiro-crypto-cipher-2.1.0.jar
                                                                 [classpath] E:\environment\neo4j-community-5.26.26\lib\jakarta.xml.bind-api-2.3.2.jar
                                                                 [classpath] E:\environment\neo4j-community-5.26.26\lib\cypher-v5-antlr-parser-5.26.26.jar
                                                                
2026-05-27 08:44:42.894+0000 INFO  [o.n.i.d.DiagnosticsManager] 
                                                                --------------------------------------------------------------------------------
                                                                                                [ Library path ]                                
                                                                --------------------------------------------------------------------------------
                                                                E:\environment\jdk21\bin
                                                                C:\Windows\Sun\Java\bin
                                                                C:\Windows\System32
                                                                C:\Windows
                                                                C:\Users\14609\.codex\tmp\arg0\codex-arg0Rty3lC
                                                                E:\environment\vmwareWorkstation176\bin
                                                                C:\Program Files\Common Files\Oracle\Java\javapath_target_16739812
                                                                C:\Program Files\NVIDIA GPU Computing Toolkit\CUDA\v12.5\bin
                                                                C:\Program Files\NVIDIA GPU Computing Toolkit\CUDA\v12.5\libnvvp
                                                                E:\environment\jdk21\bin
2026-05-27 08:44:42.894+0000 INFO  [o.n.i.d.DiagnosticsManager] 
                                                                --------------------------------------------------------------------------------
                                                                                             [ System properties ]                              
                                                                --------------------------------------------------------------------------------
                                                                sun.cpu.isalist = amd64
                                                                sun.jnu.encoding = GBK
                                                                sun.arch.data.model = 64
                                                                user.variant = 
                                                                user.timezone = Asia/Shanghai
                                                                sun.java.launcher = SUN_STANDARD
                                                                user.country = CN
                                                                sun.boot.library.path = E:\environment\jdk21\bin
                                                                sun.java.command = org.neo4j.server.CommunityEntryPoint --home-dir=E:\environment\neo4j-community-5.26.26 --config-dir=E:\workspacce\AI\ai_kefu\local_services --console-mode
                                                                jdk.debug = release
                                                                sun.cpu.endian = little
                                                                user.home = C:\Users\14609
                                                                user.language = zh
                                                                file.separator = \
                                                                user.script = 
                                                                sun.management.compiler = HotSpot 64-Bit Tiered Compilers
                                                                user.name = 14609
                                                                stdout.encoding = ms936
                                                                path.separator = ;
                                                                file.encoding = UTF-8
                                                                jnidispatch.path = C:\temp\jna-46855100\jna4694073670284565516.dll
                                                                jna.loaded = true
                                                                user.dir = E:\environment\neo4j-community-5.26.26
                                                                sun.os.patch.level = 
                                                                native.encoding = GBK
                                                                stderr.encoding = ms936
                                                                sun.io.unicode.encoding = UnicodeLittle
                                                                
2026-05-27 08:44:42.894+0000 INFO  [o.n.i.d.DiagnosticsManager] 
                                                                --------------------------------------------------------------------------------
                                                                                      [ (IANA) TimeZone database version ]                      
                                                                --------------------------------------------------------------------------------
                                                                  TimeZone version: 2025a (available for 603 zone identifiers)
                                                                
2026-05-27 08:44:42.894+0000 INFO  [o.n.i.d.DiagnosticsManager] 
                                                                --------------------------------------------------------------------------------
                                                                                            [ Network information ]                             
                                                                --------------------------------------------------------------------------------
                                                                Interface Hyper-V Virtual Switch Extension Adapter-Hyper-V Virtual Switch Extension Filter-0000:
                                                                Interface Hyper-V Virtual Ethernet Adapter-WFP Native MAC Layer LightWeight Filter-0000:
                                                                Interface Hyper-V Virtual Ethernet Adapter-QoS Packet Scheduler-0000:
                                                                Interface Hyper-V Virtual Ethernet Adapter-WFP 802.3 MAC Layer LightWeight Filter-0000:
                                                                Interface Hyper-V Virtual Switch Extension Adapter #2-Hyper-V Virtual Switch Extension Filter-0000:
                                                                Interface Hyper-V Virtual Switch Extension Adapter #2-Virtual Filtering Platform VMSwitch Extension-0000:
                                                                Interface Killer E2600 Gigabit Ethernet Controller-WFP Native MAC Layer LightWeight Filter-0000:
                                                                Interface Killer E2600 Gigabit Ethernet Controller-QoS Packet Scheduler-0000:
                                                                Interface Killer E2600 Gigabit Ethernet Controller-WFP 802.3 MAC Layer LightWeight Filter-0000:
                                                                Interface WAN Miniport (IP)-WFP Native MAC Layer LightWeight Filter-0000:
                                                                Interface WAN Miniport (IP)-QoS Packet Scheduler-0000:
                                                                Interface WAN Miniport (IPv6)-WFP Native MAC Layer LightWeight Filter-0000:
                                                                Interface WAN Miniport (IPv6)-QoS Packet Scheduler-0000:
                                                                Interface WAN Miniport (Network Monitor)-WFP Native MAC Layer LightWeight Filter-0000:
                                                                Interface WAN Miniport (Network Monitor)-QoS Packet Scheduler-0000:
                                                                Interface Microsoft Kernel Debug Network Adapter:
                                                                Interface Killer E2600 Gigabit Ethernet Controller:
                                                                    address: fe80:0:0:0:e80a:e4ff:a399:c282%ethernet_32769
                                                                Interface Bluetooth Device (Personal Area Network):
                                                                    address: fe80:0:0:0:b114:49f1:455c:195b%ethernet_32770
                                                                Interface Hyper-V Virtual Switch Extension Adapter:
                                                                Interface Hyper-V Virtual Ethernet Adapter:
                                                                    address: fe80:0:0:0:30ed:d8f7:7793:5a54%ethernet_32772
                                                                    address: 172.25.0.1
                                                                Interface Hyper-V Virtual Switch Extension Adapter #2:
                                                                Interface VMware Virtual Ethernet Adapter for VMnet1:
                                                                    address: fe80:0:0:0:18b9:ad5:d6dc:de66%ethernet_32774
                                                                    address: 192.168.171.1
                                                                Interface VMware Virtual Ethernet Adapter for VMnet8:
                                                                    address: fe80:0:0:0:e705:ffa9:55f8:2a02%ethernet_32775
                                                                    address: 192.168.137.1
                                                                Interface WAN Miniport (IP):
                                                                Interface WAN Miniport (IPv6):
                                                                Interface WAN Miniport (Network Monitor):
                                                                Interface WAN Miniport (PPPOE):
                                                                Interface Software Loopback Interface 1:
                                                                    address: 0:0:0:0:0:0:0:1
                                                                    address: 127.0.0.1
                                                                Interface CheekyMonkey-TAP:
                                                                Interface Wintun Userspace Tunnel:
                                                                    address: fe80:0:0:0:ff8e:f2e9:f3f7:2e91%iftype53_32769
                                                                Interface Intel(R) Wi-Fi 6 AX201 160MHz-WFP Native MAC Layer LightWeight Filter-0000:
                                                                Interface Intel(R) Wi-Fi 6 AX201 160MHz-Virtual WiFi Filter Driver-0000:
                                                                Interface Intel(R) Wi-Fi 6 AX201 160MHz-Native WiFi Filter Driver-0000:
                                                                Interface Intel(R) Wi-Fi 6 AX201 160MHz-QoS Packet Scheduler-0000:
                                                                Interface Intel(R) Wi-Fi 6 AX201 160MHz-WFP 802.3 MAC Layer LightWeight Filter-0000:
                                                                Interface Microsoft Wi-Fi Direct Virtual Adapter #3-WFP Native MAC Layer LightWeight Filter-0000:
                                                                Interface Microsoft Wi-Fi Direct Virtual Adapter #3-Native WiFi Filter Driver-0000:
                                                                Interface Microsoft Wi-Fi Direct Virtual Adapter #3-QoS Packet Scheduler-0000:
                                                                Interface Microsoft Wi-Fi Direct Virtual Adapter #3-WFP 802.3 MAC Layer LightWeight Filter-0000:
                                                                Interface Microsoft Wi-Fi Direct Virtual Adapter #4-WFP Native MAC Layer LightWeight Filter-0000:
                                                                Interface Microsoft Wi-Fi Direct Virtual Adapter #4-Native WiFi Filter Driver-0000:
                                                                Interface Microsoft Wi-Fi Direct Virtual Adapter #4-QoS Packet Scheduler-0000:
                                                                Interface Microsoft Wi-Fi Direct Virtual Adapter #4-WFP 802.3 MAC Layer LightWeight Filter-0000:
                                                                Interface Intel(R) Wi-Fi 6 AX201 160MHz:
                                                                    address: fe80:0:0:0:8108:76e:bba7:1752%wireless_32768
                                                                    address: 100.70.214.83
                                                                Interface Microsoft Wi-Fi Direct Virtual Adapter:
                                                                Interface Microsoft Wi-Fi Direct Virtual Adapter #2:
                                                                Interface Microsoft Wi-Fi Direct Virtual Adapter #3:
                                                                    address: fe80:0:0:0:60c1:38d1:7709:e7b4%wireless_32771
                                                                Interface Microsoft Wi-Fi Direct Virtual Adapter #4:
                                                                    address: fe80:0:0:0:a77f:466d:be29:8451%wireless_32772
                                                                Interface Microsoft Teredo Tunneling Adapter:
                                                                Interface Microsoft IP-HTTPS Platform Adapter:
                                                                Interface Microsoft 6to4 Adapter:
                                                                Interface WAN Miniport (SSTP):
                                                                Interface WAN Miniport (IKEv2):
                                                                Interface WAN Miniport (L2TP):
                                                                Interface WAN Miniport (PPTP):
                                                                
2026-05-27 08:44:42.894+0000 INFO  [o.n.i.d.DiagnosticsManager] 
                                                                --------------------------------------------------------------------------------
                                                                                         [ Native access information ]                          
                                                                --------------------------------------------------------------------------------
                                                                Native access details: Native access is not available for current platform.
                                                                
2026-05-27 08:44:42.894+0000 INFO  [o.n.i.d.DiagnosticsManager] 
                                                                --------------------------------------------------------------------------------
                                                                                                [ DBMS config ]                                 
                                                                --------------------------------------------------------------------------------
                                                                DBMS provided settings:
                                                                dbms.security.auth_enabled=true
                                                                dbms.usage_report.enabled=false
                                                                initial.dbms.default_database=neo4j
                                                                server.bolt.enabled=true
                                                                server.bolt.listen_address=127.0.0.1:7687
                                                                server.default_advertised_address=localhost
                                                                server.default_listen_address=127.0.0.1
                                                                server.directories.data=E:\workspacce\AI\ai_kefu\.data\neo4j-win\data
                                                                server.directories.import=E:\workspacce\AI\ai_kefu\.data\neo4j-win\import
                                                                server.directories.lib=E:\environment\neo4j-community-5.26.26\lib
                                                                server.directories.logs=E:\workspacce\AI\ai_kefu\.data\logs\neo4j
                                                                server.directories.neo4j_home=E:\environment\neo4j-community-5.26.26
                                                                server.directories.plugins=E:\workspacce\AI\ai_kefu\.data\neo4j-win\plugins
                                                                server.directories.run=E:\workspacce\AI\ai_kefu\.data\run\neo4j
                                                                server.http.enabled=true
                                                                server.http.listen_address=127.0.0.1:7474
                                                                server.https.enabled=false
                                                                server.logs.config=E:\environment\neo4j-community-5.26.26\conf\server-logs.xml
                                                                server.logs.user.config=E:\environment\neo4j-community-5.26.26\conf\user-logs.xml
                                                                server.memory.heap.initial_size=512.00MiB
                                                                server.memory.heap.max_size=512.00MiB
                                                                server.memory.pagecache.size=512.00MiB
                                                                Directories in use:
                                                                server.directories.data=E:\workspacce\AI\ai_kefu\.data\neo4j-win\data
                                                                server.directories.dumps.root=E:\workspacce\AI\ai_kefu\.data\neo4j-win\data\dumps
                                                                server.directories.import=E:\workspacce\AI\ai_kefu\.data\neo4j-win\import
                                                                server.directories.lib=E:\environment\neo4j-community-5.26.26\lib
                                                                server.directories.licenses=E:\environment\neo4j-community-5.26.26\licenses
                                                                server.directories.logs=E:\workspacce\AI\ai_kefu\.data\logs\neo4j
                                                                server.directories.plugins=E:\workspacce\AI\ai_kefu\.data\neo4j-win\plugins
                                                                server.directories.run=E:\workspacce\AI\ai_kefu\.data\run\neo4j
                                                                server.directories.script.root=E:\workspacce\AI\ai_kefu\.data\neo4j-win\data\scripts
                                                                server.directories.transaction.logs.root=E:\workspacce\AI\ai_kefu\.data\neo4j-win\data\transactions
                                                                
2026-05-27 08:44:42.894+0000 INFO  [o.n.i.d.DiagnosticsManager] 
                                                                --------------------------------------------------------------------------------
                                                                                                 [ Packaging ]                                  
                                                                --------------------------------------------------------------------------------
                                                                Edition: Community
                                                                Package Type: tar
                                                                
2026-05-27 08:44:42.954+0000 INFO  [o.n.d.i.DefaultIdentityModule] Found ServerId on disk: ServerId{87a18c1d} (87a18c1d-6ad9-4de0-9534-03ff935dae9f)
2026-05-27 08:44:42.955+0000 INFO  [o.n.d.i.DefaultIdentityModule] This instance is ServerId{87a18c1d} (87a18c1d-6ad9-4de0-9534-03ff935dae9f)
2026-05-27 08:44:44.985+0000 INFO  [o.n.s.CommunityNeoWebServer] ======== Neo4j 5.26.26 ========
2026-05-27 08:44:45.021+0000 INFO  [o.n.d.d.DatabaseLifecycles] Creating 'DatabaseId{00000000[system]}'.
2026-05-27 08:44:45.536+0000 INFO  [o.n.b.BoltServer] Using connector transport NIO
2026-05-27 08:44:45.773+0000 INFO  [o.n.b.BoltServer] Configured external Bolt connector with listener address /127.0.0.1:7687
2026-05-27 08:44:45.773+0000 INFO  [o.n.b.BoltServer] Bolt server loaded
2026-05-27 08:44:45.809+0000 INFO  [o.n.d.d.DatabaseLifecycles] Starting 'DatabaseId{00000000[system]}'.
2026-05-27 08:44:46.797+0000 INFO  [o.n.k.i.t.l.f.c.CheckpointLogFile] [system/00000000] Scanning log file with version 0 for checkpoint entries
2026-05-27 08:44:46.851+0000 INFO  [o.n.k.i.s.f.RecordFormatSelector] [system/00000000] Selected RecordFormat:PageAlignedV5_0[aligned-1.1] record format from store E:\workspacce\AI\ai_kefu\.data\neo4j-win\data\databases\system
2026-05-27 08:44:46.851+0000 INFO  [o.n.k.i.s.f.RecordFormatSelector] [system/00000000] Selected format from the store files: RecordFormat:PageAlignedV5_0[aligned-1.1]
2026-05-27 08:44:47.258+0000 INFO  [o.n.i.d.DiagnosticsManager] [system/00000000] 
                                                                [system/00000000] ********************************************************************************
                                                                [system/00000000]                               [ Database: system ]                              
                                                                [system/00000000] ********************************************************************************
                                                                [system/00000000] --------------------------------------------------------------------------------
                                                                [system/00000000]                                   [ Version ]                                   
                                                                [system/00000000] --------------------------------------------------------------------------------
                                                                [system/00000000] DBMS: community record-aligned-1.1
                                                                [system/00000000] Kernel version: 5.26.26
                                                                [system/00000000] 
                                                                [system/00000000] --------------------------------------------------------------------------------
                                                                [system/00000000]                                 [ Store files ]                                 
                                                                [system/00000000] --------------------------------------------------------------------------------
                                                                [system/00000000] Disk space on partition (Total / Free / Free %): 952245415936 / 178844590080 / 18
                                                                [system/00000000] Storage files stored on file store: NTFS
                                                                [system/00000000] Storage files: (filename : modification date - size)
                                                                [system/00000000]   database_lock: 2026-05-13 09:29:13.050+0000 - 0B
                                                                [system/00000000]   id-buffer.tmp.0: 2026-05-19 08:17:17.222+0000 - 0B
                                                                [system/00000000]   neostore: 2026-05-13 09:29:12.849+0000 - 8.000KiB
                                                                [system/00000000]   neostore.counts.db: 2026-05-27 08:44:47.063+0000 - 48.00KiB
                                                                [system/00000000]   neostore.indexstats.db: 2026-05-27 08:44:47.088+0000 - 48.00KiB
                                                                [system/00000000]   neostore.labeltokenstore.db: 2026-05-13 09:44:13.709+0000 - 8.000KiB
                                                                [system/00000000]   neostore.labeltokenstore.db.id: 2026-05-27 08:44:47.014+0000 - 40.00KiB
                                                                [system/00000000]   neostore.labeltokenstore.db.names: 2026-05-13 09:44:13.708+0000 - 8.000KiB
                                                                [system/00000000]   neostore.labeltokenstore.db.names.id: 2026-05-27 08:44:47.009+0000 - 40.00KiB
                                                                [system/00000000]   neostore.nodestore.db: 2026-05-13 09:44:13.713+0000 - 8.000KiB
                                                                [system/00000000]   neostore.nodestore.db.id: 2026-05-27 08:44:46.960+0000 - 40.00KiB
                                                                [system/00000000]   neostore.nodestore.db.labels: 2026-05-13 09:29:12.798+0000 - 8.000KiB
                                                                [system/00000000]   neostore.nodestore.db.labels.id: 2026-05-27 08:44:46.942+0000 - 40.00KiB
                                                                [system/00000000]   neostore.propertystore.db: 2026-05-13 09:44:13.712+0000 - 8.000KiB
                                                                [system/00000000]   neostore.propertystore.db.arrays: 2026-05-13 09:29:12.817+0000 - 8.000KiB
                                                                [system/00000000]   neostore.propertystore.db.arrays.id: 2026-05-27 08:44:46.984+0000 - 40.00KiB
                                                                [system/00000000]   neostore.propertystore.db.id: 2026-05-27 08:44:46.990+0000 - 40.00KiB
                                                                [system/00000000]   neostore.propertystore.db.index: 2026-05-13 09:44:13.711+0000 - 8.000KiB
                                                                [system/00000000]   neostore.propertystore.db.index.id: 2026-05-27 08:44:46.974+0000 - 40.00KiB
                                                                [system/00000000]   neostore.propertystore.db.index.keys: 2026-05-13 09:44:13.707+0000 - 8.000KiB
                                                                [system/00000000]   neostore.propertystore.db.index.keys.id: 2026-05-27 08:44:46.966+0000 - 40.00KiB
                                                                [system/00000000]   neostore.propertystore.db.strings: 2026-05-13 09:44:13.713+0000 - 8.000KiB
                                                                [system/00000000]   neostore.propertystore.db.strings.id: 2026-05-27 08:44:46.979+0000 - 40.00KiB
                                                                [system/00000000]   neostore.relationshipgroupstore.db: 2026-05-13 09:29:12.840+0000 - 8.000KiB
                                                                [system/00000000]   neostore.relationshipgroupstore.db.id: 2026-05-27 08:44:47.026+0000 - 40.00KiB
                                                                [system/00000000]   neostore.relationshipgroupstore.degrees.db: 2026-05-27 08:44:47.076+0000 - 40.00KiB
                                                                [system/00000000]   neostore.relationshipstore.db: 2026-05-13 09:44:13.714+0000 - 8.000KiB
                                                                [system/00000000]   neostore.relationshipstore.db.id: 2026-05-27 08:44:46.992+0000 - 40.00KiB
                                                                [system/00000000]   neostore.relationshiptypestore.db: 2026-05-13 09:44:13.716+0000 - 8.000KiB
                                                                [system/00000000]   neostore.relationshiptypestore.db.id: 2026-05-27 08:44:47.004+0000 - 40.00KiB
                                                                [system/00000000]   neostore.relationshiptypestore.db.names: 2026-05-13 09:44:13.715+0000 - 8.000KiB
                                                                [system/00000000]   neostore.relationshiptypestore.db.names.id: 2026-05-27 08:44:46.998+0000 - 40.00KiB
                                                                [system/00000000]   neostore.schemastore.db: 2026-05-13 09:44:13.710+0000 - 8.000KiB
                                                                [system/00000000]   neostore.schemastore.db.id: 2026-05-27 08:44:47.016+0000 - 40.00KiB
                                                                [system/00000000]   schema:
                                                                [system/00000000]     index:
                                                                [system/00000000]       range-1.0:
                                                                [system/00000000]         3:
                                                                [system/00000000]           index-3: 2026-05-19 08:17:17.189+0000 - 48.00KiB
                                                                [system/00000000]         - Total: 2026-05-13 09:29:13.692+0000 - 48.00KiB
                                                                [system/00000000]         4:
                                                                [system/00000000]           index-4: 2026-05-19 08:17:17.198+0000 - 48.00KiB
                                                                [system/00000000]         - Total: 2026-05-13 09:29:13.767+0000 - 48.00KiB
                                                                [system/00000000]         7:
                                                                [system/00000000]           index-7: 2026-05-19 08:17:17.203+0000 - 48.00KiB
                                                                [system/00000000]         - Total: 2026-05-13 09:29:13.948+0000 - 48.00KiB
                                                                [system/00000000]         8:
                                                                [system/00000000]           index-8: 2026-05-19 08:17:17.208+0000 - 48.00KiB
                                                                [system/00000000]         - Total: 2026-05-13 09:29:13.977+0000 - 48.00KiB
                                                                [system/00000000]         9:
                                                                [system/00000000]           index-9: 2026-05-19 08:17:17.212+0000 - 48.00KiB
                                                                [system/00000000]         - Total: 2026-05-13 09:29:14.006+0000 - 48.00KiB
                                                                [system/00000000]       - Total: 2026-05-13 09:29:14.005+0000 - 240.0KiB
                                                                [system/00000000]       token-lookup-1.0:
                                                                [system/00000000]         1:
                                                                [system/00000000]           index-1: 2026-05-19 08:17:17.147+0000 - 48.00KiB
                                                                [system/00000000]         - Total: 2026-05-13 09:29:13.488+0000 - 48.00KiB
                                                                [system/00000000]         2:
                                                                [system/00000000]           index-2: 2026-05-19 08:17:17.159+0000 - 48.00KiB
                                                                [system/00000000]         - Total: 2026-05-13 09:29:13.407+0000 - 48.00KiB
                                                                [system/00000000]       - Total: 2026-05-13 09:29:13.487+0000 - 96.00KiB
                                                                [system/00000000]     - Total: 2026-05-13 09:29:13.691+0000 - 336.0KiB
                                                                [system/00000000]   - Total: 2026-05-13 09:29:13.403+0000 - 336.0KiB
                                                                [system/00000000] Storage summary: 
                                                                [system/00000000]   Total size of store: 1.125MiB
                                                                [system/00000000]   Total size of mapped files: 456.0KiB
                                                                [system/00000000] 
                                                                [system/00000000] --------------------------------------------------------------------------------
                                                                [system/00000000]                               [ Transaction log ]                               
                                                                [system/00000000] --------------------------------------------------------------------------------
                                                                [system/00000000] Transaction log files stored on file store: NTFS
                                                                [system/00000000] Transaction log metadata:
                                                                [system/00000000]  - current kernel version used in transactions: V5_25
                                                                [system/00000000]  - last committed transaction id: 41
                                                                [system/00000000] Transaction log files:
                                                                [system/00000000]  - existing transaction log versions: 0-0
                                                                [system/00000000]  - oldest append index 2 found in log with version 0
                                                                [system/00000000]  - files: (filename : creation date - size)
                                                                [system/00000000]      neostore.transaction.db.0: 2026-05-13 09:29:13.075+0000 - 23.46KiB
                                                                [system/00000000]  - total size of files: 23.46KiB
                                                                [system/00000000] Checkpoint log files:
                                                                [system/00000000]  - existing checkpoint log versions: 0-0
                                                                [system/00000000]  - last checkpoint: CheckpointInfo[oldestNotVisibleTransactionLogPosition=LogPosition{logVersion=0, byteOffset=24028}, transactionLogPosition=LogPosition{logVersion=0, byteOffset=24028}, storeId=StoreId{creationTime=1778664552847, random=443747364235947064, storageEngineName='record', formatName='aligned', majorVersion=1, minorVersion=1}, checkpointEntryPosition=LogPosition{logVersion=0, byteOffset=360}, channelPositionAfterCheckpoint=LogPosition{logVersion=0, byteOffset=592}, checkpointFilePostReadPosition=LogPosition{logVersion=0, byteOffset=592}, kernelVersion=KernelVersion{V5_25,version=20}, kernelVersionByte=20, transactionId=TransactionId[id=41, appendIndex=41, kernelVersion=KernelVersion{V5_25,version=20}, checksum=2070859732, commitTimestamp=1778664554062, consensusIndex=-1], appendIndex=41, reason=Checkpoint triggered by "Scheduled checkpoint for every 15 minutes threshol, consensusIndexInCheckpoint=true]
                                                                [system/00000000] 
                                                                [system/00000000] --------------------------------------------------------------------------------
                                                                [system/00000000]                                   [ Id usage ]                                  
                                                                [system/00000000] --------------------------------------------------------------------------------
                                                                [system/00000000] ArrayPropertyStore[neostore.nodestore.db.labels]: used=1 high=0
                                                                [system/00000000] NodeStore[neostore.nodestore.db]: used=7 high=6
                                                                [system/00000000] StringPropertyStore[neostore.propertystore.db.index.keys]: used=47 high=46
                                                                [system/00000000] PropertyIndexStore[neostore.propertystore.db.index]: used=33 high=32
                                                                [system/00000000] StringPropertyStore[neostore.propertystore.db.strings]: used=3 high=2
                                                                [system/00000000] ArrayPropertyStore[neostore.propertystore.db.arrays]: used=1 high=0
                                                                [system/00000000] PropertyStore[neostore.propertystore.db]: used=73 high=72
                                                                [system/00000000] RelationshipStore[neostore.relationshipstore.db]: used=3 high=2
                                                                [system/00000000] StringPropertyStore[neostore.relationshiptypestore.db.names]: used=3 high=2
                                                                [system/00000000] RelationshipTypeStore[neostore.relationshiptypestore.db]: used=2 high=1
                                                                [system/00000000] StringPropertyStore[neostore.labeltokenstore.db.names]: used=6 high=5
                                                                [system/00000000] LabelTokenStore[neostore.labeltokenstore.db]: used=5 high=4
                                                                [system/00000000] SchemaStore[neostore.schemastore.db]: used=13 high=12
                                                                [system/00000000] RelationshipGroupStore[neostore.relationshipgroupstore.db]: used=1 high=0
                                                                [system/00000000] NeoStore[neostore]: used=-1 high=-1
                                                                [system/00000000] 
                                                                [system/00000000] --------------------------------------------------------------------------------
                                                                [system/00000000]                                   [ Metadata ]                                  
                                                                [system/00000000] --------------------------------------------------------------------------------
                                                                [system/00000000] EXTERNAL_STORE_UUID (Database identifier exposed as external store identity. Generated on creation and never updated): 217e3372-6310-4559-be9c-9ae3e02966ee
                                                                [system/00000000] DATABASE_ID (The last used DatabaseId for this database): null
                                                                [system/00000000] LEGACY_STORE_VERSION (Legacy store format version. This field is used from 5.0 onwards only to distinguish non-migrated pre 5.0 metadata stores.): -3523014627327384477
                                                                [system/00000000] STORE_ID (Store ID): StoreId{creationTime=1778664552847, random=443747364235947064, storageEngineName='record', formatName='aligned', majorVersion=1, minorVersion=1}
                                                                [system/00000000] 
2026-05-27 08:44:47.366+0000 INFO  [o.n.k.i.i.s.TokenIndexProvider] [system/00000000] Schema index cleanup job registered: descriptor=Index( id=1, name='index_343aff4e', type='LOOKUP', schema=(:<any-labels>), indexProvider='token-lookup-1.0' ), indexFile=E:\workspacce\AI\ai_kefu\.data\neo4j-win\data\databases\system\schema\index\token-lookup-1.0\1\index-1
2026-05-27 08:44:47.366+0000 INFO  [o.n.k.i.i.s.TokenIndexProvider] [system/00000000] Schema index cleanup job started: descriptor=Index( id=1, name='index_343aff4e', type='LOOKUP', schema=(:<any-labels>), indexProvider='token-lookup-1.0' ), indexFile=E:\workspacce\AI\ai_kefu\.data\neo4j-win\data\databases\system\schema\index\token-lookup-1.0\1\index-1
2026-05-27 08:44:47.372+0000 INFO  [o.n.k.i.i.s.TokenIndexProvider] [system/00000000] Schema index cleanup job finished: descriptor=Index( id=1, name='index_343aff4e', type='LOOKUP', schema=(:<any-labels>), indexProvider='token-lookup-1.0' ), indexFile=E:\workspacce\AI\ai_kefu\.data\neo4j-win\data\databases\system\schema\index\token-lookup-1.0\1\index-1 Number of pages visited: 3, Number of tree nodes: 2, Number of cleaned crashed pointers: 0, Time spent: 0ms
2026-05-27 08:44:47.372+0000 INFO  [o.n.k.i.i.s.TokenIndexProvider] [system/00000000] Schema index cleanup job closed: descriptor=Index( id=1, name='index_343aff4e', type='LOOKUP', schema=(:<any-labels>), indexProvider='token-lookup-1.0' ), indexFile=E:\workspacce\AI\ai_kefu\.data\neo4j-win\data\databases\system\schema\index\token-lookup-1.0\1\index-1
2026-05-27 08:44:47.379+0000 INFO  [o.n.k.i.i.s.TokenIndexProvider] [system/00000000] Schema index cleanup job registered: descriptor=Index( id=2, name='index_f7700477', type='LOOKUP', schema=()-[:<any-types>]-(), indexProvider='token-lookup-1.0' ), indexFile=E:\workspacce\AI\ai_kefu\.data\neo4j-win\data\databases\system\schema\index\token-lookup-1.0\2\index-2
2026-05-27 08:44:47.379+0000 INFO  [o.n.k.i.i.s.TokenIndexProvider] [system/00000000] Schema index cleanup job started: descriptor=Index( id=2, name='index_f7700477', type='LOOKUP', schema=()-[:<any-types>]-(), indexProvider='token-lookup-1.0' ), indexFile=E:\workspacce\AI\ai_kefu\.data\neo4j-win\data\databases\system\schema\index\token-lookup-1.0\2\index-2
2026-05-27 08:44:47.379+0000 INFO  [o.n.k.i.i.s.TokenIndexProvider] [system/00000000] Schema index cleanup job finished: descriptor=Index( id=2, name='index_f7700477', type='LOOKUP', schema=()-[:<any-types>]-(), indexProvider='token-lookup-1.0' ), indexFile=E:\workspacce\AI\ai_kefu\.data\neo4j-win\data\databases\system\schema\index\token-lookup-1.0\2\index-2 Number of pages visited: 3, Number of tree nodes: 2, Number of cleaned crashed pointers: 0, Time spent: 0ms
2026-05-27 08:44:47.384+0000 INFO  [o.n.k.i.i.s.TokenIndexProvider] [system/00000000] Schema index cleanup job closed: descriptor=Index( id=2, name='index_f7700477', type='LOOKUP', schema=()-[:<any-types>]-(), indexProvider='token-lookup-1.0' ), indexFile=E:\workspacce\AI\ai_kefu\.data\neo4j-win\data\databases\system\schema\index\token-lookup-1.0\2\index-2
2026-05-27 08:44:47.411+0000 INFO  [o.n.k.i.i.s.RangeIndexProvider] [system/00000000] Schema index cleanup job registered: descriptor=Index( id=3, name='constraint_798238d6', type='RANGE', schema=(:Label[1] {PropertyKey[11], PropertyKey[12]}), indexProvider='range-1.0', owningConstraint=5 ), indexFile=E:\workspacce\AI\ai_kefu\.data\neo4j-win\data\databases\system\schema\index\range-1.0\3\index-3
2026-05-27 08:44:47.414+0000 INFO  [o.n.k.i.i.s.RangeIndexProvider] [system/00000000] Schema index cleanup job started: descriptor=Index( id=3, name='constraint_798238d6', type='RANGE', schema=(:Label[1] {PropertyKey[11], PropertyKey[12]}), indexProvider='range-1.0', owningConstraint=5 ), indexFile=E:\workspacce\AI\ai_kefu\.data\neo4j-win\data\databases\system\schema\index\range-1.0\3\index-3
2026-05-27 08:44:47.415+0000 INFO  [o.n.k.i.i.s.RangeIndexProvider] [system/00000000] Schema index cleanup job finished: descriptor=Index( id=3, name='constraint_798238d6', type='RANGE', schema=(:Label[1] {PropertyKey[11], PropertyKey[12]}), indexProvider='range-1.0', owningConstraint=5 ), indexFile=E:\workspacce\AI\ai_kefu\.data\neo4j-win\data\databases\system\schema\index\range-1.0\3\index-3 Number of pages visited: 3, Number of tree nodes: 2, Number of cleaned crashed pointers: 0, Time spent: 1ms
2026-05-27 08:44:47.415+0000 INFO  [o.n.k.i.i.s.RangeIndexProvider] [system/00000000] Schema index cleanup job closed: descriptor=Index( id=3, name='constraint_798238d6', type='RANGE', schema=(:Label[1] {PropertyKey[11], PropertyKey[12]}), indexProvider='range-1.0', owningConstraint=5 ), indexFile=E:\workspacce\AI\ai_kefu\.data\neo4j-win\data\databases\system\schema\index\range-1.0\3\index-3
2026-05-27 08:44:47.420+0000 INFO  [o.n.k.i.i.s.RangeIndexProvider] [system/00000000] Schema index cleanup job registered: descriptor=Index( id=4, name='constraint_8014b60a', type='RANGE', schema=(:Label[2] {PropertyKey[11]}), indexProvider='range-1.0', owningConstraint=6 ), indexFile=E:\workspacce\AI\ai_kefu\.data\neo4j-win\data\databases\system\schema\index\range-1.0\4\index-4
2026-05-27 08:44:47.421+0000 INFO  [o.n.k.i.i.s.RangeIndexProvider] [system/00000000] Schema index cleanup job started: descriptor=Index( id=4, name='constraint_8014b60a', type='RANGE', schema=(:Label[2] {PropertyKey[11]}), indexProvider='range-1.0', owningConstraint=6 ), indexFile=E:\workspacce\AI\ai_kefu\.data\neo4j-win\data\databases\system\schema\index\range-1.0\4\index-4
2026-05-27 08:44:47.421+0000 INFO  [o.n.k.i.i.s.RangeIndexProvider] [system/00000000] Schema index cleanup job finished: descriptor=Index( id=4, name='constraint_8014b60a', type='RANGE', schema=(:Label[2] {PropertyKey[11]}), indexProvider='range-1.0', owningConstraint=6 ), indexFile=E:\workspacce\AI\ai_kefu\.data\neo4j-win\data\databases\system\schema\index\range-1.0\4\index-4 Number of pages visited: 3, Number of tree nodes: 2, Number of cleaned crashed pointers: 0, Time spent: 1ms
2026-05-27 08:44:47.421+0000 INFO  [o.n.k.i.i.s.RangeIndexProvider] [system/00000000] Schema index cleanup job closed: descriptor=Index( id=4, name='constraint_8014b60a', type='RANGE', schema=(:Label[2] {PropertyKey[11]}), indexProvider='range-1.0', owningConstraint=6 ), indexFile=E:\workspacce\AI\ai_kefu\.data\neo4j-win\data\databases\system\schema\index\range-1.0\4\index-4
2026-05-27 08:44:47.427+0000 INFO  [o.n.k.i.i.s.RangeIndexProvider] [system/00000000] Schema index cleanup job registered: descriptor=Index( id=7, name='constraint_5789ae3', type='RANGE', schema=(:Label[3] {PropertyKey[11]}), indexProvider='range-1.0', owningConstraint=12 ), indexFile=E:\workspacce\AI\ai_kefu\.data\neo4j-win\data\databases\system\schema\index\range-1.0\7\index-7
2026-05-27 08:44:47.427+0000 INFO  [o.n.k.i.i.s.RangeIndexProvider] [system/00000000] Schema index cleanup job started: descriptor=Index( id=7, name='constraint_5789ae3', type='RANGE', schema=(:Label[3] {PropertyKey[11]}), indexProvider='range-1.0', owningConstraint=12 ), indexFile=E:\workspacce\AI\ai_kefu\.data\neo4j-win\data\databases\system\schema\index\range-1.0\7\index-7
2026-05-27 08:44:47.427+0000 INFO  [o.n.k.i.i.s.RangeIndexProvider] [system/00000000] Schema index cleanup job finished: descriptor=Index( id=7, name='constraint_5789ae3', type='RANGE', schema=(:Label[3] {PropertyKey[11]}), indexProvider='range-1.0', owningConstraint=12 ), indexFile=E:\workspacce\AI\ai_kefu\.data\neo4j-win\data\databases\system\schema\index\range-1.0\7\index-7 Number of pages visited: 3, Number of tree nodes: 2, Number of cleaned crashed pointers: 0, Time spent: 0ms
2026-05-27 08:44:47.427+0000 INFO  [o.n.k.i.i.s.RangeIndexProvider] [system/00000000] Schema index cleanup job closed: descriptor=Index( id=7, name='constraint_5789ae3', type='RANGE', schema=(:Label[3] {PropertyKey[11]}), indexProvider='range-1.0', owningConstraint=12 ), indexFile=E:\workspacce\AI\ai_kefu\.data\neo4j-win\data\databases\system\schema\index\range-1.0\7\index-7
2026-05-27 08:44:47.432+0000 INFO  [o.n.k.i.i.s.RangeIndexProvider] [system/00000000] Schema index cleanup job registered: descriptor=Index( id=8, name='constraint_74fad970', type='RANGE', schema=(:Label[3] {PropertyKey[27]}), indexProvider='range-1.0', owningConstraint=10 ), indexFile=E:\workspacce\AI\ai_kefu\.data\neo4j-win\data\databases\system\schema\index\range-1.0\8\index-8
2026-05-27 08:44:47.433+0000 INFO  [o.n.k.i.i.s.RangeIndexProvider] [system/00000000] Schema index cleanup job started: descriptor=Index( id=8, name='constraint_74fad970', type='RANGE', schema=(:Label[3] {PropertyKey[27]}), indexProvider='range-1.0', owningConstraint=10 ), indexFile=E:\workspacce\AI\ai_kefu\.data\neo4j-win\data\databases\system\schema\index\range-1.0\8\index-8
2026-05-27 08:44:47.433+0000 INFO  [o.n.k.i.i.s.RangeIndexProvider] [system/00000000] Schema index cleanup job finished: descriptor=Index( id=8, name='constraint_74fad970', type='RANGE', schema=(:Label[3] {PropertyKey[27]}), indexProvider='range-1.0', owningConstraint=10 ), indexFile=E:\workspacce\AI\ai_kefu\.data\neo4j-win\data\databases\system\schema\index\range-1.0\8\index-8 Number of pages visited: 3, Number of tree nodes: 2, Number of cleaned crashed pointers: 0, Time spent: 1ms
2026-05-27 08:44:47.433+0000 INFO  [o.n.k.i.i.s.RangeIndexProvider] [system/00000000] Schema index cleanup job closed: descriptor=Index( id=8, name='constraint_74fad970', type='RANGE', schema=(:Label[3] {PropertyKey[27]}), indexProvider='range-1.0', owningConstraint=10 ), indexFile=E:\workspacce\AI\ai_kefu\.data\neo4j-win\data\databases\system\schema\index\range-1.0\8\index-8
2026-05-27 08:44:47.433+0000 INFO  [o.n.k.i.i.s.RangeIndexProvider] [system/00000000] Schema index cleanup job registered: descriptor=Index( id=9, name='auth-constraint', type='RANGE', schema=(:Label[4] {PropertyKey[28], PropertyKey[27]}), indexProvider='range-1.0', owningConstraint=11 ), indexFile=E:\workspacce\AI\ai_kefu\.data\neo4j-win\data\databases\system\schema\index\range-1.0\9\index-9
2026-05-27 08:44:47.433+0000 INFO  [o.n.k.i.i.s.RangeIndexProvider] [system/00000000] Schema index cleanup job started: descriptor=Index( id=9, name='auth-constraint', type='RANGE', schema=(:Label[4] {PropertyKey[28], PropertyKey[27]}), indexProvider='range-1.0', owningConstraint=11 ), indexFile=E:\workspacce\AI\ai_kefu\.data\neo4j-win\data\databases\system\schema\index\range-1.0\9\index-9
2026-05-27 08:44:47.439+0000 INFO  [o.n.k.i.i.s.RangeIndexProvider] [system/00000000] Schema index cleanup job finished: descriptor=Index( id=9, name='auth-constraint', type='RANGE', schema=(:Label[4] {PropertyKey[28], PropertyKey[27]}), indexProvider='range-1.0', owningConstraint=11 ), indexFile=E:\workspacce\AI\ai_kefu\.data\neo4j-win\data\databases\system\schema\index\range-1.0\9\index-9 Number of pages visited: 3, Number of tree nodes: 2, Number of cleaned crashed pointers: 0, Time spent: 0ms
2026-05-27 08:44:47.439+0000 INFO  [o.n.k.i.i.s.RangeIndexProvider] [system/00000000] Schema index cleanup job closed: descriptor=Index( id=9, name='auth-constraint', type='RANGE', schema=(:Label[4] {PropertyKey[28], PropertyKey[27]}), indexProvider='range-1.0', owningConstraint=11 ), indexFile=E:\workspacce\AI\ai_kefu\.data\neo4j-win\data\databases\system\schema\index\range-1.0\9\index-9
2026-05-27 08:44:47.439+0000 INFO  [o.n.k.i.a.i.IndexingService] [system/00000000] IndexingService.init: indexes not specifically mentioned above are ONLINE. Total 7 indexes. Processed in 100ms
2026-05-27 08:44:47.446+0000 INFO  [o.n.k.a.DatabaseAvailabilityGuard] [system/00000000] Requirement `Database unavailable` makes database system unavailable.
2026-05-27 08:44:47.446+0000 INFO  [o.n.k.a.DatabaseAvailabilityGuard] [system/00000000] DatabaseId{00000000[system]} is unavailable.
2026-05-27 08:44:47.457+0000 INFO  [o.n.k.d.Database] [system/00000000] Starting transaction log [E:\workspacce\AI\ai_kefu\.data\neo4j-win\data\transactions\system\neostore.transaction.db.0] at version=0
2026-05-27 08:44:47.463+0000 INFO  [o.n.k.d.Database] [system/00000000] Starting transaction log [E:\workspacce\AI\ai_kefu\.data\neo4j-win\data\transactions\system\checkpoint.0] at version=0
2026-05-27 08:44:47.463+0000 INFO  [o.n.k.i.t.l.f.c.CheckpointLogFile] [system/00000000] Scanning log file with version 0 for checkpoint entries
2026-05-27 08:44:47.469+0000 INFO  [o.n.k.i.a.i.IndexingService] [system/00000000] IndexingService.start: indexes not specifically mentioned above are ONLINE. Total 7 indexes. Processed in 0ms
2026-05-27 08:44:47.488+0000 INFO  [o.n.k.a.DatabaseAvailabilityGuard] [system/00000000] Fulfilling of requirement 'Database unavailable' makes database system available.
2026-05-27 08:44:47.488+0000 INFO  [o.n.k.a.DatabaseAvailabilityGuard] [system/00000000] DatabaseId{00000000[system]} is ready.
2026-05-27 08:44:47.687+0000 INFO  [o.n.s.s.s.UserSecurityGraphComponent] Performing postInitialization step for component 'security-users' with version 5 and status CURRENT
2026-05-27 08:44:47.687+0000 INFO  [o.n.s.s.s.UserSecurityGraphComponent] Updating the initial password in component 'security-users'
2026-05-27 08:44:47.721+0000 INFO  [o.n.d.d.DatabaseLifecycles] Creating 'DatabaseId{0a5c9463[neo4j]}'.
2026-05-27 08:44:47.724+0000 INFO  [o.n.d.d.DatabaseLifecycles] Starting 'DatabaseId{0a5c9463[neo4j]}'.
2026-05-27 08:44:47.746+0000 INFO  [o.n.k.i.t.l.f.c.CheckpointLogFile] [neo4j/0a5c9463] Scanning log file with version 0 for checkpoint entries
2026-05-27 08:44:47.758+0000 INFO  [o.n.k.i.s.f.RecordFormatSelector] [neo4j/0a5c9463] Selected RecordFormat:PageAlignedV5_0[aligned-1.1] record format from store E:\workspacce\AI\ai_kefu\.data\neo4j-win\data\databases\neo4j
2026-05-27 08:44:47.758+0000 INFO  [o.n.k.i.s.f.RecordFormatSelector] [neo4j/0a5c9463] Selected format from the store files: RecordFormat:PageAlignedV5_0[aligned-1.1]
2026-05-27 08:44:47.851+0000 INFO  [o.n.i.d.DiagnosticsManager] [neo4j/0a5c9463] 
                                                                [neo4j/0a5c9463] ********************************************************************************
                                                                [neo4j/0a5c9463]                               [ Database: neo4j ]                               
                                                                [neo4j/0a5c9463] ********************************************************************************
                                                                [neo4j/0a5c9463] --------------------------------------------------------------------------------
                                                                [neo4j/0a5c9463]                                   [ Version ]                                   
                                                                [neo4j/0a5c9463] --------------------------------------------------------------------------------
                                                                [neo4j/0a5c9463] DBMS: community record-aligned-1.1
                                                                [neo4j/0a5c9463] Kernel version: 5.26.26
                                                                [neo4j/0a5c9463] 
                                                                [neo4j/0a5c9463] --------------------------------------------------------------------------------
                                                                [neo4j/0a5c9463]                                 [ Store files ]                                 
                                                                [neo4j/0a5c9463] --------------------------------------------------------------------------------
                                                                [neo4j/0a5c9463] Disk space on partition (Total / Free / Free %): 952245415936 / 178844295168 / 18
                                                                [neo4j/0a5c9463] Storage files stored on file store: NTFS
                                                                [neo4j/0a5c9463] Storage files: (filename : modification date - size)
                                                                [neo4j/0a5c9463]   database_lock: 2026-05-13 09:29:14.134+0000 - 0B
                                                                [neo4j/0a5c9463]   id-buffer.tmp.0: 2026-05-19 08:17:17.594+0000 - 0B
                                                                [neo4j/0a5c9463]   neostore: 2026-05-13 09:29:14.117+0000 - 8.000KiB
                                                                [neo4j/0a5c9463]   neostore.counts.db: 2026-05-27 08:44:47.833+0000 - 40.00KiB
                                                                [neo4j/0a5c9463]   neostore.indexstats.db: 2026-05-27 08:44:47.839+0000 - 40.00KiB
                                                                [neo4j/0a5c9463]   neostore.labeltokenstore.db: 2026-05-13 09:29:14.112+0000 - 0B
                                                                [neo4j/0a5c9463]   neostore.labeltokenstore.db.id: 2026-05-27 08:44:47.815+0000 - 40.00KiB
                                                                [neo4j/0a5c9463]   neostore.labeltokenstore.db.names: 2026-05-13 09:29:14.110+0000 - 8.000KiB
                                                                [neo4j/0a5c9463]   neostore.labeltokenstore.db.names.id: 2026-05-27 08:44:47.814+0000 - 40.00KiB
                                                                [neo4j/0a5c9463]   neostore.nodestore.db: 2026-05-13 09:29:14.094+0000 - 0B
                                                                [neo4j/0a5c9463]   neostore.nodestore.db.id: 2026-05-27 08:44:47.760+0000 - 40.00KiB
                                                                [neo4j/0a5c9463]   neostore.nodestore.db.labels: 2026-05-13 09:29:14.091+0000 - 8.000KiB
                                                                [neo4j/0a5c9463]   neostore.nodestore.db.labels.id: 2026-05-27 08:44:47.760+0000 - 40.00KiB
                                                                [neo4j/0a5c9463]   neostore.propertystore.db: 2026-05-13 09:29:14.242+0000 - 8.000KiB
                                                                [neo4j/0a5c9463]   neostore.propertystore.db.arrays: 2026-05-13 09:29:14.101+0000 - 8.000KiB
                                                                [neo4j/0a5c9463]   neostore.propertystore.db.arrays.id: 2026-05-27 08:44:47.785+0000 - 40.00KiB
                                                                [neo4j/0a5c9463]   neostore.propertystore.db.id: 2026-05-27 08:44:47.790+0000 - 40.00KiB
                                                                [neo4j/0a5c9463]   neostore.propertystore.db.index: 2026-05-13 09:29:14.244+0000 - 8.000KiB
                                                                [neo4j/0a5c9463]   neostore.propertystore.db.index.id: 2026-05-27 08:44:47.776+0000 - 40.00KiB
                                                                [neo4j/0a5c9463]   neostore.propertystore.db.index.keys: 2026-05-13 09:29:14.242+0000 - 8.000KiB
                                                                [neo4j/0a5c9463]   neostore.propertystore.db.index.keys.id: 2026-05-27 08:44:47.770+0000 - 40.00KiB
                                                                [neo4j/0a5c9463]   neostore.propertystore.db.strings: 2026-05-13 09:29:14.098+0000 - 8.000KiB
                                                                [neo4j/0a5c9463]   neostore.propertystore.db.strings.id: 2026-05-27 08:44:47.780+0000 - 40.00KiB
                                                                [neo4j/0a5c9463]   neostore.relationshipgroupstore.db: 2026-05-13 09:29:14.115+0000 - 8.000KiB
                                                                [neo4j/0a5c9463]   neostore.relationshipgroupstore.db.id: 2026-05-27 08:44:47.827+0000 - 40.00KiB
                                                                [neo4j/0a5c9463]   neostore.relationshipgroupstore.degrees.db: 2026-05-27 08:44:47.833+0000 - 40.00KiB
                                                                [neo4j/0a5c9463]   neostore.relationshipstore.db: 2026-05-13 09:29:14.106+0000 - 0B
                                                                [neo4j/0a5c9463]   neostore.relationshipstore.db.id: 2026-05-27 08:44:47.797+0000 - 40.00KiB
                                                                [neo4j/0a5c9463]   neostore.relationshiptypestore.db: 2026-05-13 09:29:14.109+0000 - 0B
                                                                [neo4j/0a5c9463]   neostore.relationshiptypestore.db.id: 2026-05-27 08:44:47.809+0000 - 40.00KiB
                                                                [neo4j/0a5c9463]   neostore.relationshiptypestore.db.names: 2026-05-13 09:29:14.107+0000 - 8.000KiB
                                                                [neo4j/0a5c9463]   neostore.relationshiptypestore.db.names.id: 2026-05-27 08:44:47.803+0000 - 40.00KiB
                                                                [neo4j/0a5c9463]   neostore.schemastore.db: 2026-05-13 09:29:14.244+0000 - 8.000KiB
                                                                [neo4j/0a5c9463]   neostore.schemastore.db.id: 2026-05-27 08:44:47.821+0000 - 40.00KiB
                                                                [neo4j/0a5c9463]   schema:
                                                                [neo4j/0a5c9463]     index:
                                                                [neo4j/0a5c9463]       token-lookup-1.0:
                                                                [neo4j/0a5c9463]         1:
                                                                [neo4j/0a5c9463]           index-1: 2026-05-19 08:17:17.588+0000 - 40.00KiB
                                                                [neo4j/0a5c9463]         - Total: 2026-05-13 09:29:14.186+0000 - 40.00KiB
                                                                [neo4j/0a5c9463]         2:
                                                                [neo4j/0a5c9463]           index-2: 2026-05-19 08:17:17.591+0000 - 40.00KiB
                                                                [neo4j/0a5c9463]         - Total: 2026-05-13 09:29:14.166+0000 - 40.00KiB
                                                                [neo4j/0a5c9463]       - Total: 2026-05-13 09:29:14.186+0000 - 80.00KiB
                                                                [neo4j/0a5c9463]     - Total: 2026-05-13 09:29:14.165+0000 - 80.00KiB
                                                                [neo4j/0a5c9463]   - Total: 2026-05-13 09:29:14.165+0000 - 80.00KiB
                                                                [neo4j/0a5c9463] Storage summary: 
                                                                [neo4j/0a5c9463]   Total size of store: 848.0KiB
                                                                [neo4j/0a5c9463]   Total size of mapped files: 168.0KiB
                                                                [neo4j/0a5c9463] 
                                                                [neo4j/0a5c9463] --------------------------------------------------------------------------------
                                                                [neo4j/0a5c9463]                               [ Transaction log ]                               
                                                                [neo4j/0a5c9463] --------------------------------------------------------------------------------
                                                                [neo4j/0a5c9463] Transaction log files stored on file store: NTFS
                                                                [neo4j/0a5c9463] Transaction log metadata:
                                                                [neo4j/0a5c9463]  - current kernel version used in transactions: V5_25
                                                                [neo4j/0a5c9463]  - last committed transaction id: 3
                                                                [neo4j/0a5c9463] Transaction log files:
                                                                [neo4j/0a5c9463]  - existing transaction log versions: 0-0
                                                                [neo4j/0a5c9463]  - oldest append index 2 found in log with version 0
                                                                [neo4j/0a5c9463]  - files: (filename : creation date - size)
                                                                [neo4j/0a5c9463]      neostore.transaction.db.0: 2026-05-13 09:29:14.135+0000 - 3.162KiB
                                                                [neo4j/0a5c9463]  - total size of files: 3.162KiB
                                                                [neo4j/0a5c9463] Checkpoint log files:
                                                                [neo4j/0a5c9463]  - existing checkpoint log versions: 0-0
                                                                [neo4j/0a5c9463]  - last checkpoint: CheckpointInfo[oldestNotVisibleTransactionLogPosition=LogPosition{logVersion=0, byteOffset=3238}, transactionLogPosition=LogPosition{logVersion=0, byteOffset=3238}, storeId=StoreId{creationTime=1778664554117, random=-3486631801371037523, storageEngineName='record', formatName='aligned', majorVersion=1, minorVersion=1}, checkpointEntryPosition=LogPosition{logVersion=0, byteOffset=128}, channelPositionAfterCheckpoint=LogPosition{logVersion=0, byteOffset=360}, checkpointFilePostReadPosition=LogPosition{logVersion=0, byteOffset=360}, kernelVersion=KernelVersion{V5_25,version=20}, kernelVersionByte=20, transactionId=TransactionId[id=3, appendIndex=3, kernelVersion=KernelVersion{V5_25,version=20}, checksum=-657785154, commitTimestamp=1778664554160, consensusIndex=-1], appendIndex=3, reason=Checkpoint triggered by "Database init completed." @ txId: 3, append index:, consensusIndexInCheckpoint=true]
                                                                [neo4j/0a5c9463] 
                                                                [neo4j/0a5c9463] --------------------------------------------------------------------------------
                                                                [neo4j/0a5c9463]                                   [ Id usage ]                                  
                                                                [neo4j/0a5c9463] --------------------------------------------------------------------------------
                                                                [neo4j/0a5c9463] ArrayPropertyStore[neostore.nodestore.db.labels]: used=1 high=0
                                                                [neo4j/0a5c9463] NodeStore[neostore.nodestore.db]: used=0 high=-1
                                                                [neo4j/0a5c9463] StringPropertyStore[neostore.propertystore.db.index.keys]: used=20 high=19
                                                                [neo4j/0a5c9463] PropertyIndexStore[neostore.propertystore.db.index]: used=10 high=9
                                                                [neo4j/0a5c9463] StringPropertyStore[neostore.propertystore.db.strings]: used=1 high=0
                                                                [neo4j/0a5c9463] ArrayPropertyStore[neostore.propertystore.db.arrays]: used=1 high=0
                                                                [neo4j/0a5c9463] PropertyStore[neostore.propertystore.db]: used=8 high=7
                                                                [neo4j/0a5c9463] RelationshipStore[neostore.relationshipstore.db]: used=0 high=-1
                                                                [neo4j/0a5c9463] StringPropertyStore[neostore.relationshiptypestore.db.names]: used=1 high=0
                                                                [neo4j/0a5c9463] RelationshipTypeStore[neostore.relationshiptypestore.db]: used=0 high=-1
                                                                [neo4j/0a5c9463] StringPropertyStore[neostore.labeltokenstore.db.names]: used=1 high=0
                                                                [neo4j/0a5c9463] LabelTokenStore[neostore.labeltokenstore.db]: used=0 high=-1
                                                                [neo4j/0a5c9463] SchemaStore[neostore.schemastore.db]: used=3 high=2
                                                                [neo4j/0a5c9463] RelationshipGroupStore[neostore.relationshipgroupstore.db]: used=1 high=0
                                                                [neo4j/0a5c9463] NeoStore[neostore]: used=-1 high=-1
                                                                [neo4j/0a5c9463] 
                                                                [neo4j/0a5c9463] --------------------------------------------------------------------------------
                                                                [neo4j/0a5c9463]                                   [ Metadata ]                                  
                                                                [neo4j/0a5c9463] --------------------------------------------------------------------------------
                                                                [neo4j/0a5c9463] EXTERNAL_STORE_UUID (Database identifier exposed as external store identity. Generated on creation and never updated): 9d7acbea-4d6f-4ac6-b16c-ba4f97ec6c7d
                                                                [neo4j/0a5c9463] DATABASE_ID (The last used DatabaseId for this database): null
                                                                [neo4j/0a5c9463] LEGACY_STORE_VERSION (Legacy store format version. This field is used from 5.0 onwards only to distinguish non-migrated pre 5.0 metadata stores.): -3523014627327384477
                                                                [neo4j/0a5c9463] STORE_ID (Store ID): StoreId{creationTime=1778664554117, random=-3486631801371037523, storageEngineName='record', formatName='aligned', majorVersion=1, minorVersion=1}
                                                                [neo4j/0a5c9463] 
2026-05-27 08:44:47.857+0000 INFO  [o.n.k.i.i.s.TokenIndexProvider] [neo4j/0a5c9463] Schema index cleanup job registered: descriptor=Index( id=1, name='index_343aff4e', type='LOOKUP', schema=(:<any-labels>), indexProvider='token-lookup-1.0' ), indexFile=E:\workspacce\AI\ai_kefu\.data\neo4j-win\data\databases\neo4j\schema\index\token-lookup-1.0\1\index-1
2026-05-27 08:44:47.857+0000 INFO  [o.n.k.i.i.s.TokenIndexProvider] [neo4j/0a5c9463] Schema index cleanup job started: descriptor=Index( id=1, name='index_343aff4e', type='LOOKUP', schema=(:<any-labels>), indexProvider='token-lookup-1.0' ), indexFile=E:\workspacce\AI\ai_kefu\.data\neo4j-win\data\databases\neo4j\schema\index\token-lookup-1.0\1\index-1
2026-05-27 08:44:47.863+0000 INFO  [o.n.k.i.i.s.TokenIndexProvider] [neo4j/0a5c9463] Schema index cleanup job finished: descriptor=Index( id=1, name='index_343aff4e', type='LOOKUP', schema=(:<any-labels>), indexProvider='token-lookup-1.0' ), indexFile=E:\workspacce\AI\ai_kefu\.data\neo4j-win\data\databases\neo4j\schema\index\token-lookup-1.0\1\index-1 Number of pages visited: 2, Number of tree nodes: 1, Number of cleaned crashed pointers: 0, Time spent: 0ms
2026-05-27 08:44:47.863+0000 INFO  [o.n.k.i.i.s.TokenIndexProvider] [neo4j/0a5c9463] Schema index cleanup job closed: descriptor=Index( id=1, name='index_343aff4e', type='LOOKUP', schema=(:<any-labels>), indexProvider='token-lookup-1.0' ), indexFile=E:\workspacce\AI\ai_kefu\.data\neo4j-win\data\databases\neo4j\schema\index\token-lookup-1.0\1\index-1
2026-05-27 08:44:47.863+0000 INFO  [o.n.k.i.i.s.TokenIndexProvider] [neo4j/0a5c9463] Schema index cleanup job registered: descriptor=Index( id=2, name='index_f7700477', type='LOOKUP', schema=()-[:<any-types>]-(), indexProvider='token-lookup-1.0' ), indexFile=E:\workspacce\AI\ai_kefu\.data\neo4j-win\data\databases\neo4j\schema\index\token-lookup-1.0\2\index-2
2026-05-27 08:44:47.863+0000 INFO  [o.n.k.i.i.s.TokenIndexProvider] [neo4j/0a5c9463] Schema index cleanup job started: descriptor=Index( id=2, name='index_f7700477', type='LOOKUP', schema=()-[:<any-types>]-(), indexProvider='token-lookup-1.0' ), indexFile=E:\workspacce\AI\ai_kefu\.data\neo4j-win\data\databases\neo4j\schema\index\token-lookup-1.0\2\index-2
2026-05-27 08:44:47.863+0000 INFO  [o.n.k.i.a.i.IndexingService] [neo4j/0a5c9463] IndexingService.init: indexes not specifically mentioned above are ONLINE. Total 2 indexes. Processed in 6ms
2026-05-27 08:44:47.863+0000 INFO  [o.n.k.i.i.s.TokenIndexProvider] [neo4j/0a5c9463] Schema index cleanup job finished: descriptor=Index( id=2, name='index_f7700477', type='LOOKUP', schema=()-[:<any-types>]-(), indexProvider='token-lookup-1.0' ), indexFile=E:\workspacce\AI\ai_kefu\.data\neo4j-win\data\databases\neo4j\schema\index\token-lookup-1.0\2\index-2 Number of pages visited: 2, Number of tree nodes: 1, Number of cleaned crashed pointers: 0, Time spent: 0ms
2026-05-27 08:44:47.863+0000 INFO  [o.n.k.i.i.s.TokenIndexProvider] [neo4j/0a5c9463] Schema index cleanup job closed: descriptor=Index( id=2, name='index_f7700477', type='LOOKUP', schema=()-[:<any-types>]-(), indexProvider='token-lookup-1.0' ), indexFile=E:\workspacce\AI\ai_kefu\.data\neo4j-win\data\databases\neo4j\schema\index\token-lookup-1.0\2\index-2
2026-05-27 08:44:47.863+0000 INFO  [o.n.k.a.DatabaseAvailabilityGuard] [neo4j/0a5c9463] Requirement `Database unavailable` makes database neo4j unavailable.
2026-05-27 08:44:47.869+0000 INFO  [o.n.k.a.DatabaseAvailabilityGuard] [neo4j/0a5c9463] DatabaseId{0a5c9463[neo4j]} is unavailable.
2026-05-27 08:44:47.870+0000 INFO  [o.n.k.d.Database] [neo4j/0a5c9463] Starting transaction log [E:\workspacce\AI\ai_kefu\.data\neo4j-win\data\transactions\neo4j\neostore.transaction.db.0] at version=0
2026-05-27 08:44:47.870+0000 INFO  [o.n.k.d.Database] [neo4j/0a5c9463] Starting transaction log [E:\workspacce\AI\ai_kefu\.data\neo4j-win\data\transactions\neo4j\checkpoint.0] at version=0
2026-05-27 08:44:47.870+0000 INFO  [o.n.k.i.t.l.f.c.CheckpointLogFile] [neo4j/0a5c9463] Scanning log file with version 0 for checkpoint entries
2026-05-27 08:44:47.875+0000 INFO  [o.n.k.i.a.i.IndexingService] [neo4j/0a5c9463] IndexingService.start: indexes not specifically mentioned above are ONLINE. Total 2 indexes. Processed in 0ms
2026-05-27 08:44:47.875+0000 INFO  [o.n.k.a.DatabaseAvailabilityGuard] [neo4j/0a5c9463] Fulfilling of requirement 'Database unavailable' makes database neo4j available.
2026-05-27 08:44:47.875+0000 INFO  [o.n.k.a.DatabaseAvailabilityGuard] [neo4j/0a5c9463] DatabaseId{0a5c9463[neo4j]} is ready.
2026-05-27 08:44:47.966+0000 INFO  [o.n.b.p.c.c.n.SocketNettyConnector] Bolt enabled on 127.0.0.1:7687.
2026-05-27 08:44:47.972+0000 WARN  [i.n.b.ServerBootstrap] Unknown channel option 'SO_REUSEADDR' for channel '[id: 0x2f1ea929]' of type 'class io.netty.channel.local.LocalServerChannel'
2026-05-27 08:44:47.980+0000 INFO  [o.n.b.BoltServer] Bolt server started
2026-05-27 08:44:47.980+0000 INFO  [o.n.s.A.ServerComponentsLifecycleAdapter] Starting web server
2026-05-27 08:44:50.808+0000 INFO  [o.n.s.CommunityNeoWebServer] HTTP enabled on 127.0.0.1:7474.
2026-05-27 08:44:50.808+0000 INFO  [o.n.s.CommunityNeoWebServer] Remote interface available at http://localhost:7474/
2026-05-27 08:44:50.808+0000 INFO  [o.n.s.A.ServerComponentsLifecycleAdapter] Web server started.
2026-05-27 08:44:50.815+0000 INFO  [o.n.g.f.DatabaseManagementServiceFactory] id: FB3B039A7857AC973A9E3B82A4DF286D16BC87314DB14D9088A1FB069A158A18
2026-05-27 08:44:50.820+0000 INFO  [o.n.g.f.DatabaseManagementServiceFactory] name: system
2026-05-27 08:44:50.821+0000 INFO  [o.n.g.f.DatabaseManagementServiceFactory] creationDate: 2026-05-13T09:29:12.847Z
2026-05-27 09:04:55.929+0000 INFO  [o.n.k.i.s.f.RecordFormatSelector] [neo4j] Selected configured format for store E:\workspacce\AI\ai_kefu\.data\neo4j-win\data\databases\neo4j: RecordFormat:PageAlignedV5_0[aligned-1.1]
2026-05-27 09:04:56.527+0000 INFO  [o.n.i.b.ImportLogic] [neo4j] Import starting
2026-05-27 09:04:58.934+0000 INFO  [o.n.i.b.ImportLogic] [neo4j] Import completed successfully, took 2s 407ms. Imported:
  208 nodes
  665 relationships
  3205 properties
2026-05-27 09:05:19.571+0000 INFO  [o.n.g.f.m.GlobalModule] Logging config in use: File 'E:\environment\neo4j-community-5.26.26\conf\server-logs.xml'
2026-05-27 09:05:19.943+0000 WARN  [o.n.i.p.PageCache] Reflection access to java.nio.DirectByteBuffer is not available, using fallback mode. This could have negative impact on performance and memory usage. Consider adding --add-opens=java.base/java.nio=ALL-UNNAMED to VM options.
2026-05-27 09:05:20.188+0000 ERROR [o.n.i.d.DiagnosticsManager] Failure while logging diagnostics for LIBRARY_PATH
java.nio.file.InvalidPathException: Illegal char <"> at index 0: "E:\environment\jdk21\jre\bin
	at java.base/sun.nio.fs.WindowsPathParser.normalize(WindowsPathParser.java:204)
	at java.base/sun.nio.fs.WindowsPathParser.parse(WindowsPathParser.java:175)
	at java.base/sun.nio.fs.WindowsPathParser.parse(WindowsPathParser.java:77)
	at java.base/sun.nio.fs.WindowsPath.parse(WindowsPath.java:92)
	at java.base/sun.nio.fs.WindowsFileSystem.getPath(WindowsFileSystem.java:231)
	at java.base/java.nio.file.Path.of(Path.java:148)
	at org.neo4j.kernel.diagnostics.providers.SystemDiagnostics.canonicalize(SystemDiagnostics.java:270)
	at org.neo4j.kernel.diagnostics.providers.SystemDiagnostics$6.dump(SystemDiagnostics.java:185)
	at org.neo4j.internal.diagnostics.DiagnosticsManager.dump(DiagnosticsManager.java:49)
	at org.neo4j.kernel.diagnostics.providers.DbmsDiagnosticsManager.lambda$dumpSystemDiagnostics$7(DbmsDiagnosticsManager.java:158)
	at org.neo4j.kernel.diagnostics.providers.DbmsDiagnosticsManager.dumpAsSingleMessageWithPrefix(DbmsDiagnosticsManager.java:231)
	at org.neo4j.kernel.diagnostics.providers.DbmsDiagnosticsManager.dumpAsSingleMessage(DbmsDiagnosticsManager.java:217)
	at org.neo4j.kernel.diagnostics.providers.DbmsDiagnosticsManager.dumpSystemDiagnostics(DbmsDiagnosticsManager.java:152)
	at org.neo4j.kernel.diagnostics.providers.DbmsDiagnosticsManager.dumpSystemDiagnostics(DbmsDiagnosticsManager.java:79)
	at org.neo4j.graphdb.factory.module.GlobalModule.<init>(GlobalModule.java:249)
	at org.neo4j.graphdb.facade.DatabaseManagementServiceFactory.createGlobalModule(DatabaseManagementServiceFactory.java:325)
	at org.neo4j.graphdb.facade.DatabaseManagementServiceFactory.build(DatabaseManagementServiceFactory.java:144)
	at org.neo4j.server.CommunityBootstrapper.createNeo(CommunityBootstrapper.java:38)
	at org.neo4j.server.NeoBootstrapper.start(NeoBootstrapper.java:185)
	at org.neo4j.server.NeoBootstrapper.start(NeoBootstrapper.java:100)
	at org.neo4j.server.CommunityEntryPoint.main(CommunityEntryPoint.java:30)
2026-05-27 09:05:20.264+0000 INFO  [o.n.i.d.DiagnosticsManager] 
                                                                ********************************************************************************
                                                                                             [ System diagnostics ]                             
                                                                ********************************************************************************
2026-05-27 09:05:20.264+0000 INFO  [o.n.i.d.DiagnosticsManager] 
                                                                --------------------------------------------------------------------------------
                                                                                         [ System memory information ]                          
                                                                --------------------------------------------------------------------------------
                                                                Total Physical memory: 15.78GiB
                                                                Free Physical memory: 3.446GiB
                                                                Committed virtual memory: 675.7MiB
                                                                Total swap space: 32.78GiB
                                                                Free swap space: 11.53GiB
                                                                
2026-05-27 09:05:20.264+0000 INFO  [o.n.i.d.DiagnosticsManager] 
                                                                --------------------------------------------------------------------------------
                                                                                           [ JVM memory information ]                           
                                                                --------------------------------------------------------------------------------
                                                                Free  memory: 486.4MiB
                                                                Total memory: 512.0MiB
                                                                Max   memory: 512.0MiB
                                                                Garbage Collector: G1 Young Generation: [G1 Eden Space, G1 Survivor Space, G1 Old Gen]
                                                                Garbage Collector: G1 Concurrent GC: [G1 Old Gen]
                                                                Garbage Collector: G1 Old Generation: [G1 Eden Space, G1 Survivor Space, G1 Old Gen]
                                                                Memory Pool: CodeHeap 'non-nmethods' (Non-heap memory): committed=3.188MiB, used=3.145MiB, max=7.313MiB, threshold=0B
                                                                Memory Pool: Metaspace (Non-heap memory): committed=22.00MiB, used=21.72MiB, max=-1B, threshold=0B
                                                                Memory Pool: CodeHeap 'profiled nmethods' (Non-heap memory): committed=5.313MiB, used=5.309MiB, max=116.3MiB, threshold=0B
                                                                Memory Pool: Compressed Class Space (Non-heap memory): committed=2.375MiB, used=2.244MiB, max=1.000GiB, threshold=0B
                                                                Memory Pool: G1 Eden Space (Heap memory): committed=317.0MiB, used=5.000MiB, max=-1B, threshold=?
                                                                Memory Pool: G1 Old Gen (Heap memory): committed=189.0MiB, used=14.05MiB, max=512.0MiB, threshold=0B
                                                                Memory Pool: G1 Survivor Space (Heap memory): committed=6.000MiB, used=5.512MiB, max=-1B, threshold=?
                                                                Memory Pool: CodeHeap 'non-profiled nmethods' (Non-heap memory): committed=2.438MiB, used=1.276MiB, max=116.4MiB, threshold=0B
                                                                
2026-05-27 09:05:20.264+0000 INFO  [o.n.i.d.DiagnosticsManager] 
                                                                --------------------------------------------------------------------------------
                                                                                        [ Operating system information ]                        
                                                                --------------------------------------------------------------------------------
                                                                Operating System: Windows 11; version: 10.0; arch: amd64; cpus: 16
                                                                Process id: 428
                                                                Byte order: LITTLE_ENDIAN
                                                                Local timezone: Asia/Shanghai
                                                                Memory page size: 4096
                                                                Unaligned memory access allowed: true
                                                                
2026-05-27 09:05:20.264+0000 INFO  [o.n.i.d.DiagnosticsManager] 
                                                                --------------------------------------------------------------------------------
                                                                                              [ JVM information ]                               
                                                                --------------------------------------------------------------------------------
                                                                VM Name: Java HotSpot(TM) 64-Bit Server VM
                                                                VM Vendor: Oracle Corporation
                                                                VM Version: 21.0.7+8-LTS-245
                                                                JIT compiler: HotSpot 64-Bit Tiered Compilers
                                                                VM Arguments: [-Dfile.encoding=UTF-8, -Xms524288k, -Xmx524288k]
                                                                
2026-05-27 09:05:20.264+0000 INFO  [o.n.i.d.DiagnosticsManager] 

                                                                --------------------------------------------------------------------------------
                                                                                               [ Java classpath ]                               
                                                                --------------------------------------------------------------------------------
                                                                 [classpath] E:\environment\neo4j-community-5.26.26\lib\neo4j-import-util-5.26.26.jar
                                                                 [classpath] E:\environment\neo4j-community-5.26.26\lib\jaxb-api-2.2.12.jar
                                                                 [classpath] E:\environment\neo4j-community-5.26.26\lib\jetty-http2-common-12.1.8.jar
                                                                 [classpath] E:\environment\neo4j-community-5.26.26\lib\neo4j-bolt-connection-routed-11.0.1.jar
                                                                 [classpath] E:\environment\neo4j-community-5.26.26\lib\jettison-1.5.4.jar
                                                                 [classpath] E:\environment\neo4j-community-5.26.26\lib\neo4j-procedure-api-5.26.26.jar
                                                                 [classpath] E:\environment\neo4j-community-5.26.26\lib\shiro-core-2.1.0.jar
                                                                 [classpath] E:\environment\neo4j-community-5.26.26\lib\neo4j-resource-5.26.26.jar
                                                                 [classpath] E:\environment\neo4j-community-5.26.26\lib\jetty-http2-hpack-12.1.8.jar
                                                                 [classpath] E:\environment\neo4j-community-5.26.26\lib\neo4j-unsafe-5.26.26.jar
                                                                 [classpath] E:\environment\neo4j-community-5.26.26\lib\jPowerShell-3.0.jar
                                                                 [classpath] E:\environment\neo4j-community-5.26.26\lib\jline-terminal-3.21.0.jar
                                                                 [classpath] E:\environment\neo4j-community-5.26.26\lib\neo4j-cypher-physical-planning-5.26.26.jar
                                                                 [classpath] E:\environment\neo4j-community-5.26.26\lib\netty-transport-native-unix-common-4.1.133.Final.jar
                                                                 [classpath] E:\environment\neo4j-community-5.26.26\lib\jackson-jaxrs-json-provider-2.21.1.jar
                                                                 [classpath] E:\environment\neo4j-community-5.26.26\lib\shiro-crypto-core-2.1.0.jar
                                                                 [classpath] E:\environment\neo4j-community-5.26.26\lib\neo4j-cypher-javacc-parser-5.26.26.jar
                                                                 [classpath] E:\environment\neo4j-community-5.26.26\lib\jProcesses-1.6.5.jar
                                                                 [classpath] E:\environment\neo4j-community-5.26.26\lib\neo4j-import-tool-5.26.26.jar
                                                                 [classpath] E:\environment\neo4j-community-5.26.26\lib\commons-codec-1.17.1.jar
                                                                 [classpath] E:\environment\neo4j-community-5.26.26\lib\jackson-module-jaxb-annotations-2.21.1.jar
                                                                 [classpath] E:\environment\neo4j-community-5.26.26\lib\argparse4j-0.9.0.jar
                                                                 [classpath] E:\environment\neo4j-community-5.26.26\lib\istack-commons-runtime-3.0.8.jar
                                                                 [classpath] E:\environment\neo4j-community-5.26.26\lib\neo4j-logging-5.26.26.jar
                                                                 [classpath] E:\environment\neo4j-community-5.26.26\lib\cypher-v25-ast-factory-5.26.26.jar
                                                                 [classpath] E:\environment\neo4j-community-5.26.26\lib\netty-handler-4.1.133.Final.jar
                                                                 [classpath] E:\environment\neo4j-community-5.26.26\lib\jersey-server-2.46.jar
                                                                 [classpath] E:\environment\neo4j-community-5.26.26\lib\neo4j-import-api-5.26.26.jar
                                                                 [classpath] E:\environment\neo4j-community-5.26.26\lib\neo4j-cypher-config-5.26.26.jar
                                                                 [classpath] E:\environment\neo4j-community-5.26.26\lib\neo4j-kernel-api-5.26.26.jar
                                                                 [classpath] E:\environment\neo4j-community-5.26.26\lib\neo4j-cypher-runtime-util-5.26.26.jar
                                                                 [classpath] E:\environment\neo4j-community-5.26.26\lib\neo4j-common-5.26.26.jar
                                                                 [classpath] E:\environment\neo4j-community-5.26.26\lib\commons-text-1.12.0.jar
                                                                 [classpath] E:\environment\neo4j-community-5.26.26\lib\zstd-jni-1.5.6-6.jar
                                                                 [classpath] E:\environment\neo4j-community-5.26.26\lib\lucene-backward-codecs-9.11.1.jar
                                                                 [classpath] E:\environment\neo4j-community-5.26.26\lib\parquet-floor-1.62.jar
                                                                 [classpath] E:\environment\neo4j-community-5.26.26\lib\neo4j-graphdb-api-5.26.26.jar
                                                                 [classpath] E:\environment\neo4j-community-5.26.26\lib\neo4j-csv-5.26.26.jar
                                                                 [classpath] E:\environment\neo4j-community-5.26.26\lib\kiama_2.13-2.5.1.jar
                                                                 [classpath] E:\environment\neo4j-community-5.26.26\lib\hk2-utils-2.6.1.jar
                                                                 [classpath] E:\environment\neo4j-community-5.26.26\lib\FastInfoset-1.2.16.jar
                                                                 [classpath] E:\environment\neo4j-community-5.26.26\lib\neo4j-query-router-5.26.26.jar
                                                                 [classpath] E:\environment\neo4j-community-5.26.26\lib\scala-library-2.13.11.jar
                                                                 [classpath] E:\environment\neo4j-community-5.26.26\lib\neo4j-cypher-ir-5.26.26.jar
                                                                 [classpath] E:\environment\neo4j-community-5.26.26\lib\netty-resolver-4.1.133.Final.jar
                                                                 [classpath] E:\environment\neo4j-community-5.26.26\lib\caffeine-3.1.8.jar
2026-05-27 09:05:20.264+0000 INFO  [o.n.i.d.DiagnosticsManager] 
                                                                 [classpath] E:\environment\neo4j-community-5.26.26\lib\commons-io-2.17.0.jar
                                                                 [classpath] E:\environment\neo4j-community-5.26.26\lib\neo4j-procedure-5.26.26.jar
                                                                 [classpath] E:\environment\neo4j-community-5.26.26\lib\jakarta.activation-api-1.2.2.jar
                                                                 [classpath] E:\environment\neo4j-community-5.26.26\lib\jetty-session-12.1.8.jar
                                                                 [classpath] E:\environment\neo4j-community-5.26.26\lib\neo4j-data-collector-5.26.26.jar
                                                                 [classpath] E:\environment\neo4j-community-5.26.26\lib\jline-terminal-jansi-3.21.0.jar
                                                                 [classpath] E:\environment\neo4j-community-5.26.26\lib\neo4j-dbms-5.26.26.jar
                                                                 [classpath] E:\environment\neo4j-community-5.26.26\lib\javassist-3.30.2-GA.jar
                                                                 [classpath] E:\environment\neo4j-community-5.26.26\lib\shiro-crypto-hash-2.1.0.jar
                                                                 [classpath] E:\environment\neo4j-community-5.26.26\lib\shiro-hashes-argon2-2.1.0.jar
                                                                 [classpath] E:\environment\neo4j-community-5.26.26\lib\neo4j-slf4j-provider-5.26.26.jar
                                                                 [classpath] E:\environment\neo4j-community-5.26.26\lib\neo4j-lock-5.26.26.jar
                                                                 [classpath] E:\workspacce\AI\ai_kefu\local_services\*
                                                                 [classpath] E:\environment\neo4j-community-5.26.26\lib\neo4j-cloud-5.26.26.jar
                                                                 [classpath] E:\environment\neo4j-community-5.26.26\lib\neo4j-cypher-interpreted-runtime-5.26.26.jar
                                                                 [classpath] E:\environment\neo4j-community-5.26.26\lib\neo4j-push-to-cloud-5.26.26.jar
                                                                 [classpath] E:\environment\neo4j-community-5.26.26\lib\jctools-core-4.0.5.jar
                                                                 [classpath] E:\environment\neo4j-community-5.26.26\lib\txw2-2.3.2.jar
                                                                 [classpath] E:\environment\neo4j-community-5.26.26\lib\commons-configuration2-2.11.0.jar
                                                                 [classpath] E:\environment\neo4j-community-5.26.26\lib\neo4j-native-5.26.26.jar
                                                                 [classpath] E:\environment\neo4j-community-5.26.26\lib\neo4j-expressions-5.26.26.jar
                                                                 [classpath] E:\environment\neo4j-community-5.26.26\lib\neo4j-consistency-check-5.26.26.jar
                                                                 [classpath] E:\environment\neo4j-community-5.26.26\lib\netty-transport-native-epoll-4.1.133.Final-linux-aarch_64.jar
                                                                 [classpath] E:\environment\neo4j-community-5.26.26\lib\neo4j-notifications-5.26.26.jar
                                                                 [classpath] E:\environment\neo4j-community-5.26.26\lib\neo4j-exceptions-5.26.26.jar
                                                                 [classpath] E:\environment\neo4j-community-5.26.26\lib\neo4j-values-5.26.26.jar
                                                                 [classpath] E:\environment\neo4j-community-5.26.26\lib\neo4j-ssl-5.26.26.jar
                                                                 [classpath] E:\environment\neo4j-community-5.26.26\lib\jakarta.annotation-api-1.3.5.jar
                                                                 [classpath] E:\environment\neo4j-community-5.26.26\lib\neo4j-wal-5.26.26.jar
                                                                 [classpath] E:\environment\neo4j-community-5.26.26\lib\jline-reader-3.21.0.jar
                                                                 [classpath] E:\environment\neo4j-community-5.26.26\lib\annotations-5.26.26.jar
                                                                 [classpath] E:\environment\neo4j-community-5.26.26\lib\neo4j-fulltext-index-5.26.26.jar
                                                                 [classpath] E:\environment\neo4j-community-5.26.26\lib\lucene-core-9.11.1.jar
                                                                 [classpath] E:\environment\neo4j-community-5.26.26\lib\neo4j-token-api-5.26.26.jar
                                                                 [classpath] E:\environment\neo4j-community-5.26.26\lib\parquet-column-1.17.0.jar
                                                                 [classpath] E:\environment\neo4j-community-5.26.26\lib\neo4j-io-5.26.26.jar
                                                                 [classpath] E:\environment\neo4j-community-5.26.26\lib\jackson-jaxrs-base-2.21.1.jar
                                                                 [classpath] E:\environment\neo4j-community-5.26.26\lib\neo4j-codegen-5.26.26.jar
                                                                 [classpath] E:\environment\neo4j-community-5.26.26\lib\jetty-ee8-security-12.1.8.jar
                                                                 [classpath] E:\environment\neo4j-community-5.26.26\lib\jetty-util-12.1.8.jar
                                                                 [classpath] E:\environment\neo4j-community-5.26.26\lib\jetty-http-12.1.8.jar
                                                                 [classpath] E:\environment\neo4j-community-5.26.26\lib\neo4j-fabric-5.26.26.jar
                                                                 [classpath] E:\environment\neo4j-community-5.26.26\lib\antlr4-runtime-4.13.2.jar
                                                                 [classpath] E:\environment\neo4j-community-5.26.26\lib\neo4j-kernel-5.26.26.jar
                                                                 [classpath] E:\environment\neo4j-community-5.26.26\lib\jackson-annotations-2.21.jar
                                                                 [classpath] E:\environment\neo4j-community-5.26.26\lib\scala-collection-contrib_2.13-0.3.0.jar
                                                                 [classpath] E:\environment\neo4j-community-5.26.26\lib\jersey-container-servlet-2.46.jar
                                                                 [classpath] E:\environment\neo4j-community-5.26.26\lib\netty-transport-native-kqueue-4.1.133.Final-osx-x86_64.jar
                                                                 [classpath] E:\environment\neo4j-community-5.26.26\lib\neo4j-bolt-connection-netty-11.0.1.jar
                                                                 [classpath] E:\environment\neo4j-community-5.26.26\lib\neo4j-layout-5.26.26.jar
2026-05-27 09:05:20.264+0000 INFO  [o.n.i.d.DiagnosticsManager] 
                                                                 [classpath] E:\environment\neo4j-community-5.26.26\lib\neo4j-id-generator-5.26.26.jar
                                                                 [classpath] E:\environment\neo4j-community-5.26.26\lib\lucene-queryparser-9.11.1.jar
                                                                 [classpath] E:\environment\neo4j-community-5.26.26\lib\neo4j-bolt-5.26.26.jar
                                                                 [classpath] E:\environment\neo4j-community-5.26.26\lib\jts-core-1.20.0.jar
                                                                 [classpath] E:\environment\neo4j-community-5.26.26\lib\neo4j-cypher-5.26.26.jar
                                                                 [classpath] E:\environment\neo4j-community-5.26.26\lib\neo4j-bolt-connection-pooled-11.0.1.jar
                                                                 [classpath] E:\environment\neo4j-community-5.26.26\lib\ipaddress-5.5.1.jar
                                                                 [classpath] E:\environment\neo4j-community-5.26.26\lib\stax-ex-1.8.1.jar
                                                                 [classpath] E:\environment\neo4j-community-5.26.26\lib\neo4j-storage-engine-util-5.26.26.jar
                                                                 [classpath] E:\environment\neo4j-community-5.26.26\lib\server-api-5.26.26.jar
                                                                 [classpath] E:\environment\neo4j-community-5.26.26\lib\zstd-proxy-5.26.26.jar
                                                                 [classpath] E:\environment\neo4j-community-5.26.26\lib\log4j-layout-template-json-2.25.4.jar
                                                                 [classpath] E:\environment\neo4j-community-5.26.26\lib\cypher-parser-factory-5.26.26.jar
                                                                 [classpath] E:\environment\neo4j-community-5.26.26\lib\neo4j-schema-5.26.26.jar
                                                                 [classpath] E:\environment\neo4j-community-5.26.26\lib\log4j-core-2.25.4.jar
                                                                 [classpath] E:\environment\neo4j-community-5.26.26\lib\neo4j-bolt-connection-11.0.1.jar
                                                                 [classpath] E:\environment\neo4j-community-5.26.26\lib\parquet-format-structures-1.17.0.jar
                                                                 [classpath] E:\environment\neo4j-community-5.26.26\lib\neo4j-capabilities-5.26.26.jar
                                                                 [classpath] E:\environment\neo4j-community-5.26.26\lib\hk2-locator-2.6.1.jar
                                                                 [classpath] E:\environment\neo4j-community-5.26.26\lib\neo4j-graph-algo-5.26.26.jar
                                                                 [classpath] E:\environment\neo4j-community-5.26.26\lib\cypher-antlr-ast-common-5.26.26.jar
                                                                 [classpath] E:\environment\neo4j-community-5.26.26\lib\cypher-ast-factory-5.26.26.jar
                                                                 [classpath] E:\environment\neo4j-community-5.26.26\lib\parquet-hadoop-1.17.0.jar
                                                                 [classpath] E:\environment\neo4j-community-5.26.26\lib\jetty-http2-server-12.1.8.jar
                                                                 [classpath] E:\environment\neo4j-community-5.26.26\lib\jakarta.ws.rs-api-2.1.6.jar
                                                                 [classpath] E:\environment\neo4j-community-5.26.26\lib\netty-transport-native-epoll-4.1.133.Final-linux-x86_64.jar
                                                                 [classpath] E:\environment\neo4j-community-5.26.26\lib\jansi-2.4.0.jar
                                                                 [classpath] E:\environment\neo4j-community-5.26.26\lib\neo4j-rewriting-5.26.26.jar
                                                                 [classpath] E:\environment\neo4j-community-5.26.26\lib\neo4j-cypher-ast-factory-5.26.26.jar
                                                                 [classpath] E:\environment\neo4j-community-5.26.26\lib\neo4j-cypher-planner-spi-5.26.26.jar
                                                                 [classpath] E:\environment\neo4j-community-5.26.26\lib\neo4j-ast-5.26.26.jar
                                                                 [classpath] E:\environment\neo4j-community-5.26.26\lib\neo4j-cypher-rendering-5.26.26.jar
                                                                 [classpath] E:\environment\neo4j-community-5.26.26\lib\magnolia_2.13-1.1.8.jar
                                                                 [classpath] E:\environment\neo4j-community-5.26.26\lib\neo4j-collections-5.26.26.jar
                                                                 [classpath] E:\environment\neo4j-community-5.26.26\lib\neo4j-cypher-slotted-runtime-5.26.26.jar
                                                                 [classpath] E:\environment\neo4j-community-5.26.26\lib\reactor-core-3.7.12.jar
                                                                 [classpath] E:\environment\neo4j-community-5.26.26\lib\cypher-parser-ast-common-5.26.26.jar
                                                                 [classpath] E:\environment\neo4j-community-5.26.26\lib\neo4j-util-5.26.26.jar
                                                                 [classpath] E:\environment\neo4j-community-5.26.26\lib\jetty-ee8-webapp-12.1.8.jar
                                                                 [classpath] E:\environment\neo4j-community-5.26.26\lib\netty-buffer-4.1.133.Final.jar
                                                                 [classpath] E:\environment\neo4j-community-5.26.26\lib\cypher-v25-antlr-parser-5.26.26.jar
                                                                 [classpath] E:\environment\neo4j-community-5.26.26\lib\picocli-4.7.6.jar
                                                                 [classpath] E:\environment\neo4j-community-5.26.26\lib\neo4j-server-5.26.26.jar
                                                                 [classpath] E:\environment\neo4j-community-5.26.26\lib\netty-codec-4.1.133.Final.jar
                                                                 [classpath] E:\environment\neo4j-community-5.26.26\lib\jetty-xml-12.1.8.jar
                                                                 [classpath] E:\environment\neo4j-community-5.26.26\lib\neo4j-diagnostics-5.26.26.jar
                                                                 [classpath] E:\environment\neo4j-community-5.26.26\lib\parquet-encoding-1.17.0.jar
                                                                 [classpath] E:\environment\neo4j-community-5.26.26\lib\neo4j-java-driver-5.28.13.jar
                                                                 [classpath] E:\environment\neo4j-community-5.26.26\lib\neo4j-lucene-index-5.26.26.jar
                                                                 [classpath] E:\environment\neo4j-community-5.26.26\lib\eclipse-collections-api-11.1.0.jar
2026-05-27 09:05:20.265+0000 INFO  [o.n.i.d.DiagnosticsManager] 
                                                                 [classpath] E:\environment\neo4j-community-5.26.26\lib\neo4j-command-line-5.26.26.jar
                                                                 [classpath] E:\environment\neo4j-community-5.26.26\lib\parquet-common-1.17.0.jar
                                                                 [classpath] E:\environment\neo4j-community-5.26.26\lib\jetty-alpn-server-12.1.8.jar
                                                                 [classpath] E:\environment\neo4j-community-5.26.26\lib\jersey-container-servlet-core-2.46.jar
                                                                 [classpath] E:\environment\neo4j-community-5.26.26\lib\neo4j-index-5.26.26.jar
                                                                 [classpath] E:\environment\neo4j-community-5.26.26\lib\jetty-ee-webapp-12.1.8.jar
                                                                 [classpath] E:\environment\neo4j-community-5.26.26\lib\neo4j-cypher-expression-evaluator-5.26.26.jar
                                                                 [classpath] E:\environment\neo4j-community-5.26.26\lib\neo4j-cypher-macros-5.26.26.jar
                                                                 [classpath] E:\environment\neo4j-community-5.26.26\lib\neo4j-security-5.26.26.jar
                                                                 [classpath] E:\environment\neo4j-community-5.26.26\lib\jetty-ee8-nested-12.1.8.jar
                                                                 [classpath] E:\environment\neo4j-community-5.26.26\lib\neo4j-cypher-logical-plans-5.26.26.jar
                                                                 [classpath] E:\environment\neo4j-community-5.26.26\lib\cypher-parser-common-5.26.26.jar
                                                                 [classpath] E:\environment\neo4j-community-5.26.26\lib\shiro-event-2.1.0.jar
                                                                 [classpath] E:\environment\neo4j-community-5.26.26\lib\jakarta.validation-api-2.0.2.jar
                                                                 [classpath] E:\environment\neo4j-community-5.26.26\lib\cypher-v5-literal-interpreter-5.26.26.jar
                                                                 [classpath] E:\environment\neo4j-community-5.26.26\lib\commons-logging-1.3.4.jar
                                                                 [classpath] E:\environment\neo4j-community-5.26.26\lib\snappy-java-1.1.10.7.jar
                                                                 [classpath] E:\environment\neo4j-community-5.26.26\lib\javax.annotation-api-1.3.2.jar
                                                                 [classpath] E:\environment\neo4j-community-5.26.26\lib\netty-codec-http-4.1.133.Final.jar
                                                                 [classpath] E:\environment\neo4j-community-5.26.26\lib\neo4j-cypher-planner-5.26.26.jar
                                                                 [classpath] E:\environment\neo4j-community-5.26.26\lib\netty-transport-native-kqueue-4.1.133.Final-osx-aarch_64.jar
                                                                 [classpath] E:\environment\neo4j-community-5.26.26\lib\jetty-io-12.1.8.jar
                                                                 [classpath] E:\environment\neo4j-community-5.26.26\lib\netty-tcnative-classes-2.0.77.Final.jar
                                                                 [classpath] E:\environment\neo4j-community-5.26.26\lib\hk2-api-2.6.1.jar
                                                                 [classpath] E:\environment\neo4j-community-5.26.26\lib\commons-lang3-3.18.0.jar
                                                                 [classpath] E:\environment\neo4j-community-5.26.26\lib\neo4j-gql-status-5.26.26.jar
                                                                 [classpath] E:\environment\neo4j-community-5.26.26\lib\netty-transport-classes-epoll-4.1.133.Final.jar
                                                                 [classpath] E:\environment\neo4j-community-5.26.26\lib\neo4j-cypher-cache-5.26.26.jar
                                                                 [classpath] E:\environment\neo4j-community-5.26.26\lib\reactive-streams-1.0.4.jar
                                                                 [classpath] E:\environment\neo4j-community-5.26.26\lib\netty-transport-4.1.133.Final.jar
                                                                 [classpath] E:\environment\neo4j-community-5.26.26\lib\neo4j-monitoring-5.26.26.jar
                                                                 [classpath] E:\environment\neo4j-community-5.26.26\lib\jersey-client-2.46.jar
                                                                 [classpath] E:\environment\neo4j-community-5.26.26\lib\lucene-analysis-common-9.11.1.jar
                                                                 [classpath] E:\environment\neo4j-community-5.26.26\lib\scala-reflect-2.13.11.jar
                                                                 [classpath] E:\environment\neo4j-community-5.26.26\lib\jersey-hk2-2.46.jar
                                                                 [classpath] E:\environment\neo4j-community-5.26.26\lib\jetty-ee8-servlet-12.1.8.jar
                                                                 [classpath] E:\environment\neo4j-community-5.26.26\lib\jetty-servlet-api-4.0.9.jar
                                                                 [classpath] E:\environment\neo4j-community-5.26.26\lib\jaxb-runtime-2.3.2.jar
                                                                 [classpath] E:\environment\neo4j-community-5.26.26\lib\shiro-config-core-2.1.0.jar
                                                                 [classpath] E:\environment\neo4j-community-5.26.26\lib\jetty-server-12.1.8.jar
                                                                 [classpath] E:\environment\neo4j-community-5.26.26\lib\shiro-hashes-bcrypt-2.1.0.jar
                                                                 [classpath] E:\environment\neo4j-community-5.26.26\lib\neo4j-concurrent-5.26.26.jar
                                                                 [classpath] E:\environment\neo4j-community-5.26.26\lib\WMI4Java-1.6.3.jar
                                                                 [classpath] E:\environment\neo4j-community-5.26.26\lib\neo4j-spatial-index-5.26.26.jar
                                                                 [classpath] E:\environment\neo4j-community-5.26.26\lib\neo4j-record-storage-engine-5.26.26.jar
                                                                 [classpath] E:\environment\neo4j-community-5.26.26\lib\log4j-api-2.25.4.jar
                                                                 [classpath] E:\environment\neo4j-community-5.26.26\lib\cypher-shell-5.26.26.jar
                                                                 [classpath] E:\environment\neo4j-community-5.26.26\lib\jna-5.15.0.jar
                                                                 [classpath] E:\environment\neo4j-community-5.26.26\lib\netty-transport-classes-kqueue-4.1.133.Final.jar
                                                                 [classpath] E:\environment\neo4j-community-5.26.26\lib\cypher-v5-ast-factory-5.26.26.jar
2026-05-27 09:05:20.265+0000 INFO  [o.n.i.d.DiagnosticsManager] 
                                                                 [classpath] E:\environment\neo4j-community-5.26.26\lib\neo4j-bootcheck-5.26.26.jar
                                                                 [classpath] E:\environment\neo4j-community-5.26.26\lib\commons-compress-1.27.1.jar
                                                                 [classpath] E:\environment\neo4j-community-5.26.26\lib\cypher-v25-parser-listener-5.26.26.jar
                                                                 [classpath] E:\environment\neo4j-community-5.26.26\lib\shiro-lang-2.1.0.jar
                                                                 [classpath] E:\environment\neo4j-community-5.26.26\lib\jackson-core-2.21.1.jar
                                                                 [classpath] E:\environment\neo4j-community-5.26.26\lib\cypher-antlr-common-5.26.26.jar
                                                                 [classpath] E:\environment\neo4j-community-5.26.26\lib\shiro-cache-2.1.0.jar
                                                                 [classpath] E:\environment\neo4j-community-5.26.26\lib\neo4j-udc-5.26.26.jar
                                                                 [classpath] E:\environment\neo4j-community-5.26.26\lib\jakarta.inject-2.6.1.jar
                                                                 [classpath] E:\environment\neo4j-community-5.26.26\lib\neo4j-cypher-dsl-2024.2.0.jar
                                                                 [classpath] E:\environment\neo4j-community-5.26.26\lib\jersey-common-2.46.jar
                                                                 [classpath] E:\environment\neo4j-community-5.26.26\lib\jackson-databind-2.21.1.jar
                                                                 [classpath] E:\environment\neo4j-community-5.26.26\lib\netty-common-4.1.133.Final.jar
                                                                 [classpath] E:\environment\neo4j-community-5.26.26\lib\neo4j-5.26.26.jar
                                                                 [classpath] E:\environment\neo4j-community-5.26.26\lib\parquet-jackson-1.17.0.jar
                                                                 [classpath] E:\environment\neo4j-community-5.26.26\lib\neo4j-front-end-5.26.26.jar
                                                                 [classpath] E:\environment\neo4j-community-5.26.26\lib\neo4j-configuration-5.26.26.jar
                                                                 [classpath] E:\environment\neo4j-community-5.26.26\lib\eclipse-collections-11.1.0.jar
                                                                 [classpath] E:\environment\neo4j-community-5.26.26\lib\jetty-security-12.1.8.jar
                                                                 [classpath] E:\environment\neo4j-community-5.26.26\lib\jetty-alpn-java-server-12.1.8.jar
                                                                 [classpath] E:\environment\neo4j-community-5.26.26\lib\slf4j-api-2.0.9.jar
                                                                 [classpath] E:\environment\neo4j-community-5.26.26\lib\cypher-v5-parser-listener-5.26.26.jar
                                                                 [classpath] E:\environment\neo4j-community-5.26.26\lib\shiro-crypto-cipher-2.1.0.jar
                                                                 [classpath] E:\environment\neo4j-community-5.26.26\lib\jakarta.xml.bind-api-2.3.2.jar
                                                                 [classpath] E:\environment\neo4j-community-5.26.26\lib\cypher-v5-antlr-parser-5.26.26.jar
                                                                
2026-05-27 09:05:20.265+0000 INFO  [o.n.i.d.DiagnosticsManager] 
                                                                --------------------------------------------------------------------------------
                                                                                                [ Library path ]                                
                                                                --------------------------------------------------------------------------------
                                                                E:\environment\jdk21\bin
                                                                C:\Windows\Sun\Java\bin
                                                                C:\Windows\System32
                                                                C:\Windows
                                                                C:\Users\14609\.codex\tmp\arg0\codex-arg0Rty3lC
                                                                E:\environment\vmwareWorkstation176\bin
                                                                C:\Program Files\Common Files\Oracle\Java\javapath_target_16739812
                                                                C:\Program Files\NVIDIA GPU Computing Toolkit\CUDA\v12.5\bin
                                                                C:\Program Files\NVIDIA GPU Computing Toolkit\CUDA\v12.5\libnvvp
                                                                E:\environment\jdk21\bin
2026-05-27 09:05:20.265+0000 INFO  [o.n.i.d.DiagnosticsManager] 
                                                                --------------------------------------------------------------------------------
                                                                                             [ System properties ]                              
                                                                --------------------------------------------------------------------------------
                                                                sun.cpu.isalist = amd64
                                                                sun.jnu.encoding = GBK
                                                                sun.arch.data.model = 64
                                                                user.variant = 
                                                                user.timezone = Asia/Shanghai
                                                                sun.java.launcher = SUN_STANDARD
                                                                user.country = CN
                                                                sun.boot.library.path = E:\environment\jdk21\bin
                                                                sun.java.command = org.neo4j.server.CommunityEntryPoint --home-dir=E:\environment\neo4j-community-5.26.26 --config-dir=E:\workspacce\AI\ai_kefu\local_services --console-mode
                                                                jdk.debug = release
                                                                sun.cpu.endian = little
                                                                user.home = C:\Users\14609
                                                                user.language = zh
                                                                file.separator = \
                                                                user.script = 
                                                                sun.management.compiler = HotSpot 64-Bit Tiered Compilers
                                                                user.name = 14609
                                                                stdout.encoding = ms936
                                                                path.separator = ;
                                                                file.encoding = UTF-8
                                                                jnidispatch.path = C:\temp\jna-46855100\jna11058952627997567736.dll
                                                                jna.loaded = true
                                                                user.dir = E:\environment\neo4j-community-5.26.26
                                                                sun.os.patch.level = 
                                                                native.encoding = GBK
                                                                stderr.encoding = ms936
                                                                sun.io.unicode.encoding = UnicodeLittle
                                                                
2026-05-27 09:05:20.265+0000 INFO  [o.n.i.d.DiagnosticsManager] 
                                                                --------------------------------------------------------------------------------
                                                                                      [ (IANA) TimeZone database version ]                      
                                                                --------------------------------------------------------------------------------
                                                                  TimeZone version: 2025a (available for 603 zone identifiers)
                                                                
2026-05-27 09:05:20.265+0000 INFO  [o.n.i.d.DiagnosticsManager] 
                                                                --------------------------------------------------------------------------------
                                                                                            [ Network information ]                             
                                                                --------------------------------------------------------------------------------
                                                                Interface Hyper-V Virtual Switch Extension Adapter-Hyper-V Virtual Switch Extension Filter-0000:
                                                                Interface Hyper-V Virtual Ethernet Adapter-WFP Native MAC Layer LightWeight Filter-0000:
                                                                Interface Hyper-V Virtual Ethernet Adapter-QoS Packet Scheduler-0000:
                                                                Interface Hyper-V Virtual Ethernet Adapter-WFP 802.3 MAC Layer LightWeight Filter-0000:
                                                                Interface Hyper-V Virtual Switch Extension Adapter #2-Hyper-V Virtual Switch Extension Filter-0000:
                                                                Interface Hyper-V Virtual Switch Extension Adapter #2-Virtual Filtering Platform VMSwitch Extension-0000:
                                                                Interface Killer E2600 Gigabit Ethernet Controller-WFP Native MAC Layer LightWeight Filter-0000:
                                                                Interface Killer E2600 Gigabit Ethernet Controller-QoS Packet Scheduler-0000:
                                                                Interface Killer E2600 Gigabit Ethernet Controller-WFP 802.3 MAC Layer LightWeight Filter-0000:
                                                                Interface WAN Miniport (IP)-WFP Native MAC Layer LightWeight Filter-0000:
                                                                Interface WAN Miniport (IP)-QoS Packet Scheduler-0000:
                                                                Interface WAN Miniport (IPv6)-WFP Native MAC Layer LightWeight Filter-0000:
                                                                Interface WAN Miniport (IPv6)-QoS Packet Scheduler-0000:
                                                                Interface WAN Miniport (Network Monitor)-WFP Native MAC Layer LightWeight Filter-0000:
                                                                Interface WAN Miniport (Network Monitor)-QoS Packet Scheduler-0000:
                                                                Interface Microsoft Kernel Debug Network Adapter:
                                                                Interface Killer E2600 Gigabit Ethernet Controller:
                                                                    address: fe80:0:0:0:e80a:e4ff:a399:c282%ethernet_32769
                                                                Interface Bluetooth Device (Personal Area Network):
                                                                    address: fe80:0:0:0:b114:49f1:455c:195b%ethernet_32770
                                                                Interface Hyper-V Virtual Switch Extension Adapter:
                                                                Interface Hyper-V Virtual Ethernet Adapter:
                                                                    address: fe80:0:0:0:d89f:b6fa:23b5:8dab%ethernet_32772
                                                                    address: 172.25.0.1
                                                                Interface Hyper-V Virtual Switch Extension Adapter #2:
                                                                Interface VMware Virtual Ethernet Adapter for VMnet1:
                                                                    address: fe80:0:0:0:18b9:ad5:d6dc:de66%ethernet_32774
                                                                    address: 192.168.171.1
                                                                Interface VMware Virtual Ethernet Adapter for VMnet8:
                                                                    address: fe80:0:0:0:e705:ffa9:55f8:2a02%ethernet_32775
                                                                    address: 192.168.137.1
                                                                Interface WAN Miniport (IP):
                                                                Interface WAN Miniport (IPv6):
                                                                Interface WAN Miniport (Network Monitor):
                                                                Interface WAN Miniport (PPPOE):
                                                                Interface Software Loopback Interface 1:
                                                                    address: 0:0:0:0:0:0:0:1
                                                                    address: 127.0.0.1
                                                                Interface CheekyMonkey-TAP:
                                                                Interface Wintun Userspace Tunnel:
                                                                    address: fe80:0:0:0:ff8e:f2e9:f3f7:2e91%iftype53_32769
                                                                Interface Intel(R) Wi-Fi 6 AX201 160MHz-WFP Native MAC Layer LightWeight Filter-0000:
                                                                Interface Intel(R) Wi-Fi 6 AX201 160MHz-Virtual WiFi Filter Driver-0000:
                                                                Interface Intel(R) Wi-Fi 6 AX201 160MHz-Native WiFi Filter Driver-0000:
                                                                Interface Intel(R) Wi-Fi 6 AX201 160MHz-QoS Packet Scheduler-0000:
                                                                Interface Intel(R) Wi-Fi 6 AX201 160MHz-WFP 802.3 MAC Layer LightWeight Filter-0000:
                                                                Interface Microsoft Wi-Fi Direct Virtual Adapter #3-WFP Native MAC Layer LightWeight Filter-0000:
                                                                Interface Microsoft Wi-Fi Direct Virtual Adapter #3-Native WiFi Filter Driver-0000:
                                                                Interface Microsoft Wi-Fi Direct Virtual Adapter #3-QoS Packet Scheduler-0000:
                                                                Interface Microsoft Wi-Fi Direct Virtual Adapter #3-WFP 802.3 MAC Layer LightWeight Filter-0000:
                                                                Interface Microsoft Wi-Fi Direct Virtual Adapter #4-WFP Native MAC Layer LightWeight Filter-0000:
                                                                Interface Microsoft Wi-Fi Direct Virtual Adapter #4-Native WiFi Filter Driver-0000:
                                                                Interface Microsoft Wi-Fi Direct Virtual Adapter #4-QoS Packet Scheduler-0000:
                                                                Interface Microsoft Wi-Fi Direct Virtual Adapter #4-WFP 802.3 MAC Layer LightWeight Filter-0000:
                                                                Interface Intel(R) Wi-Fi 6 AX201 160MHz:
                                                                    address: fe80:0:0:0:8108:76e:bba7:1752%wireless_32768
                                                                    address: 192.168.161.192
                                                                Interface Microsoft Wi-Fi Direct Virtual Adapter:
                                                                Interface Microsoft Wi-Fi Direct Virtual Adapter #2:
                                                                Interface Microsoft Wi-Fi Direct Virtual Adapter #3:
                                                                    address: fe80:0:0:0:60c1:38d1:7709:e7b4%wireless_32771
                                                                Interface Microsoft Wi-Fi Direct Virtual Adapter #4:
                                                                    address: fe80:0:0:0:a77f:466d:be29:8451%wireless_32772
                                                                Interface Microsoft Teredo Tunneling Adapter:
                                                                Interface Microsoft IP-HTTPS Platform Adapter:
                                                                Interface Microsoft 6to4 Adapter:
                                                                Interface WAN Miniport (SSTP):
                                                                Interface WAN Miniport (IKEv2):
                                                                Interface WAN Miniport (L2TP):
                                                                Interface WAN Miniport (PPTP):
                                                                
2026-05-27 09:05:20.265+0000 INFO  [o.n.i.d.DiagnosticsManager] 
                                                                --------------------------------------------------------------------------------
                                                                                         [ Native access information ]                          
                                                                --------------------------------------------------------------------------------
                                                                Native access details: Native access is not available for current platform.
                                                                
2026-05-27 09:05:20.265+0000 INFO  [o.n.i.d.DiagnosticsManager] 
                                                                --------------------------------------------------------------------------------
                                                                                                [ DBMS config ]                                 
                                                                --------------------------------------------------------------------------------
                                                                DBMS provided settings:
                                                                dbms.security.auth_enabled=true
                                                                dbms.usage_report.enabled=false
                                                                initial.dbms.default_database=neo4j
                                                                server.bolt.enabled=true
                                                                server.bolt.listen_address=127.0.0.1:7687
                                                                server.default_advertised_address=localhost
                                                                server.default_listen_address=127.0.0.1
                                                                server.directories.data=E:\workspacce\AI\ai_kefu\.data\neo4j-win\data
                                                                server.directories.import=E:\workspacce\AI\ai_kefu\.data\neo4j-win\import
                                                                server.directories.lib=E:\environment\neo4j-community-5.26.26\lib
                                                                server.directories.logs=E:\workspacce\AI\ai_kefu\.data\logs\neo4j
                                                                server.directories.neo4j_home=E:\environment\neo4j-community-5.26.26
                                                                server.directories.plugins=E:\workspacce\AI\ai_kefu\.data\neo4j-win\plugins
                                                                server.directories.run=E:\workspacce\AI\ai_kefu\.data\run\neo4j
                                                                server.http.enabled=true
                                                                server.http.listen_address=127.0.0.1:7474
                                                                server.https.enabled=false
                                                                server.logs.config=E:\environment\neo4j-community-5.26.26\conf\server-logs.xml
                                                                server.logs.user.config=E:\environment\neo4j-community-5.26.26\conf\user-logs.xml
                                                                server.memory.heap.initial_size=512.00MiB
                                                                server.memory.heap.max_size=512.00MiB
                                                                server.memory.pagecache.size=512.00MiB
                                                                Directories in use:
                                                                server.directories.data=E:\workspacce\AI\ai_kefu\.data\neo4j-win\data
                                                                server.directories.dumps.root=E:\workspacce\AI\ai_kefu\.data\neo4j-win\data\dumps
                                                                server.directories.import=E:\workspacce\AI\ai_kefu\.data\neo4j-win\import
                                                                server.directories.lib=E:\environment\neo4j-community-5.26.26\lib
                                                                server.directories.licenses=E:\environment\neo4j-community-5.26.26\licenses
                                                                server.directories.logs=E:\workspacce\AI\ai_kefu\.data\logs\neo4j
                                                                server.directories.plugins=E:\workspacce\AI\ai_kefu\.data\neo4j-win\plugins
                                                                server.directories.run=E:\workspacce\AI\ai_kefu\.data\run\neo4j
                                                                server.directories.script.root=E:\workspacce\AI\ai_kefu\.data\neo4j-win\data\scripts
                                                                server.directories.transaction.logs.root=E:\workspacce\AI\ai_kefu\.data\neo4j-win\data\transactions
                                                                
2026-05-27 09:05:20.265+0000 INFO  [o.n.i.d.DiagnosticsManager] 
                                                                --------------------------------------------------------------------------------
                                                                                                 [ Packaging ]                                  
                                                                --------------------------------------------------------------------------------
                                                                Edition: Community
                                                                Package Type: tar
                                                                
2026-05-27 09:05:20.322+0000 INFO  [o.n.d.i.DefaultIdentityModule] Found ServerId on disk: ServerId{87a18c1d} (87a18c1d-6ad9-4de0-9534-03ff935dae9f)
2026-05-27 09:05:20.324+0000 INFO  [o.n.d.i.DefaultIdentityModule] This instance is ServerId{87a18c1d} (87a18c1d-6ad9-4de0-9534-03ff935dae9f)
2026-05-27 09:05:22.164+0000 INFO  [o.n.s.CommunityNeoWebServer] ======== Neo4j 5.26.26 ========
2026-05-27 09:05:22.188+0000 INFO  [o.n.d.d.DatabaseLifecycles] Creating 'DatabaseId{00000000[system]}'.
2026-05-27 09:05:22.548+0000 INFO  [o.n.b.BoltServer] Using connector transport NIO
2026-05-27 09:05:22.799+0000 INFO  [o.n.b.BoltServer] Configured external Bolt connector with listener address /127.0.0.1:7687
2026-05-27 09:05:22.800+0000 INFO  [o.n.b.BoltServer] Bolt server loaded
2026-05-27 09:05:22.832+0000 INFO  [o.n.d.d.DatabaseLifecycles] Starting 'DatabaseId{00000000[system]}'.
2026-05-27 09:05:23.731+0000 INFO  [o.n.k.i.t.l.f.c.CheckpointLogFile] [system/00000000] Scanning log file with version 0 for checkpoint entries
2026-05-27 09:05:23.786+0000 INFO  [o.n.k.i.s.f.RecordFormatSelector] [system/00000000] Selected RecordFormat:PageAlignedV5_0[aligned-1.1] record format from store E:\workspacce\AI\ai_kefu\.data\neo4j-win\data\databases\system
2026-05-27 09:05:23.786+0000 INFO  [o.n.k.i.s.f.RecordFormatSelector] [system/00000000] Selected format from the store files: RecordFormat:PageAlignedV5_0[aligned-1.1]
2026-05-27 09:05:24.440+0000 INFO  [o.n.i.d.DiagnosticsManager] [system/00000000] 
                                                                [system/00000000] ********************************************************************************
                                                                [system/00000000]                               [ Database: system ]                              
                                                                [system/00000000] ********************************************************************************
                                                                [system/00000000] --------------------------------------------------------------------------------
                                                                [system/00000000]                                   [ Version ]                                   
                                                                [system/00000000] --------------------------------------------------------------------------------
                                                                [system/00000000] DBMS: community record-aligned-1.1
                                                                [system/00000000] Kernel version: 5.26.26
                                                                [system/00000000] 
                                                                [system/00000000] --------------------------------------------------------------------------------
                                                                [system/00000000]                                 [ Store files ]                                 
                                                                [system/00000000] --------------------------------------------------------------------------------
                                                                [system/00000000] Disk space on partition (Total / Free / Free %): 952245415936 / 178834681856 / 18
                                                                [system/00000000] Storage files stored on file store: NTFS
                                                                [system/00000000] Storage files: (filename : modification date - size)
                                                                [system/00000000]   database_lock: 2026-05-13 09:29:13.050+0000 - 0B
                                                                [system/00000000]   id-buffer.tmp.0: 2026-05-27 08:44:47.446+0000 - 0B
                                                                [system/00000000]   neostore: 2026-05-13 09:29:12.849+0000 - 8.000KiB
                                                                [system/00000000]   neostore.counts.db: 2026-05-27 09:05:24.221+0000 - 48.00KiB
                                                                [system/00000000]   neostore.indexstats.db: 2026-05-27 09:05:24.268+0000 - 48.00KiB
                                                                [system/00000000]   neostore.labeltokenstore.db: 2026-05-13 09:44:13.709+0000 - 8.000KiB
                                                                [system/00000000]   neostore.labeltokenstore.db.id: 2026-05-27 09:05:24.125+0000 - 40.00KiB
                                                                [system/00000000]   neostore.labeltokenstore.db.names: 2026-05-13 09:44:13.708+0000 - 8.000KiB
                                                                [system/00000000]   neostore.labeltokenstore.db.names.id: 2026-05-27 09:05:24.108+0000 - 40.00KiB
                                                                [system/00000000]   neostore.nodestore.db: 2026-05-13 09:44:13.713+0000 - 8.000KiB
                                                                [system/00000000]   neostore.nodestore.db.id: 2026-05-27 09:05:23.928+0000 - 40.00KiB
                                                                [system/00000000]   neostore.nodestore.db.labels: 2026-05-13 09:29:12.798+0000 - 8.000KiB
                                                                [system/00000000]   neostore.nodestore.db.labels.id: 2026-05-27 09:05:23.895+0000 - 40.00KiB
                                                                [system/00000000]   neostore.propertystore.db: 2026-05-13 09:44:13.712+0000 - 8.000KiB
                                                                [system/00000000]   neostore.propertystore.db.arrays: 2026-05-13 09:29:12.817+0000 - 8.000KiB
                                                                [system/00000000]   neostore.propertystore.db.arrays.id: 2026-05-27 09:05:24.013+0000 - 40.00KiB
                                                                [system/00000000]   neostore.propertystore.db.id: 2026-05-27 09:05:24.033+0000 - 40.00KiB
                                                                [system/00000000]   neostore.propertystore.db.index: 2026-05-13 09:44:13.711+0000 - 8.000KiB
                                                                [system/00000000]   neostore.propertystore.db.index.id: 2026-05-27 09:05:23.973+0000 - 40.00KiB
                                                                [system/00000000]   neostore.propertystore.db.index.keys: 2026-05-13 09:44:13.707+0000 - 8.000KiB
                                                                [system/00000000]   neostore.propertystore.db.index.keys.id: 2026-05-27 09:05:23.948+0000 - 40.00KiB
                                                                [system/00000000]   neostore.propertystore.db.strings: 2026-05-13 09:44:13.713+0000 - 8.000KiB
                                                                [system/00000000]   neostore.propertystore.db.strings.id: 2026-05-27 09:05:23.995+0000 - 40.00KiB
                                                                [system/00000000]   neostore.relationshipgroupstore.db: 2026-05-13 09:29:12.840+0000 - 8.000KiB
                                                                [system/00000000]   neostore.relationshipgroupstore.db.id: 2026-05-27 09:05:24.172+0000 - 40.00KiB
                                                                [system/00000000]   neostore.relationshipgroupstore.degrees.db: 2026-05-27 09:05:24.251+0000 - 40.00KiB
                                                                [system/00000000]   neostore.relationshipstore.db: 2026-05-13 09:44:13.714+0000 - 8.000KiB
                                                                [system/00000000]   neostore.relationshipstore.db.id: 2026-05-27 09:05:24.051+0000 - 40.00KiB
                                                                [system/00000000]   neostore.relationshiptypestore.db: 2026-05-13 09:44:13.716+0000 - 8.000KiB
                                                                [system/00000000]   neostore.relationshiptypestore.db.id: 2026-05-27 09:05:24.089+0000 - 40.00KiB
                                                                [system/00000000]   neostore.relationshiptypestore.db.names: 2026-05-13 09:44:13.715+0000 - 8.000KiB
                                                                [system/00000000]   neostore.relationshiptypestore.db.names.id: 2026-05-27 09:05:24.071+0000 - 40.00KiB
                                                                [system/00000000]   neostore.schemastore.db: 2026-05-13 09:44:13.710+0000 - 8.000KiB
                                                                [system/00000000]   neostore.schemastore.db.id: 2026-05-27 09:05:24.147+0000 - 40.00KiB
                                                                [system/00000000]   schema:
                                                                [system/00000000]     index:
                                                                [system/00000000]       range-1.0:
                                                                [system/00000000]         3:
                                                                [system/00000000]           index-3: 2026-05-27 08:44:47.411+0000 - 48.00KiB
                                                                [system/00000000]         - Total: 2026-05-13 09:29:13.692+0000 - 48.00KiB
                                                                [system/00000000]         4:
                                                                [system/00000000]           index-4: 2026-05-27 08:44:47.415+0000 - 48.00KiB
                                                                [system/00000000]         - Total: 2026-05-13 09:29:13.767+0000 - 48.00KiB
                                                                [system/00000000]         7:
                                                                [system/00000000]           index-7: 2026-05-27 08:44:47.426+0000 - 48.00KiB
                                                                [system/00000000]         - Total: 2026-05-13 09:29:13.948+0000 - 48.00KiB
                                                                [system/00000000]         8:
                                                                [system/00000000]           index-8: 2026-05-27 08:44:47.427+0000 - 48.00KiB
                                                                [system/00000000]         - Total: 2026-05-13 09:29:13.977+0000 - 48.00KiB
                                                                [system/00000000]         9:
                                                                [system/00000000]           index-9: 2026-05-27 08:44:47.433+0000 - 48.00KiB
                                                                [system/00000000]         - Total: 2026-05-13 09:29:14.006+0000 - 48.00KiB
                                                                [system/00000000]       - Total: 2026-05-13 09:29:14.005+0000 - 240.0KiB
                                                                [system/00000000]       token-lookup-1.0:
                                                                [system/00000000]         1:
                                                                [system/00000000]           index-1: 2026-05-27 08:44:47.361+0000 - 48.00KiB
                                                                [system/00000000]         - Total: 2026-05-13 09:29:13.488+0000 - 48.00KiB
                                                                [system/00000000]         2:
                                                                [system/00000000]           index-2: 2026-05-27 08:44:47.379+0000 - 48.00KiB
                                                                [system/00000000]         - Total: 2026-05-13 09:29:13.407+0000 - 48.00KiB
                                                                [system/00000000]       - Total: 2026-05-13 09:29:13.487+0000 - 96.00KiB
                                                                [system/00000000]     - Total: 2026-05-13 09:29:13.691+0000 - 336.0KiB
                                                                [system/00000000]   - Total: 2026-05-13 09:29:13.403+0000 - 336.0KiB
                                                                [system/00000000] Storage summary: 
                                                                [system/00000000]   Total size of store: 1.125MiB
                                                                [system/00000000]   Total size of mapped files: 456.0KiB
                                                                [system/00000000] 
                                                                [system/00000000] --------------------------------------------------------------------------------
                                                                [system/00000000]                               [ Transaction log ]                               
                                                                [system/00000000] --------------------------------------------------------------------------------
                                                                [system/00000000] Transaction log files stored on file store: NTFS
                                                                [system/00000000] Transaction log metadata:
                                                                [system/00000000]  - current kernel version used in transactions: V5_25
                                                                [system/00000000]  - last committed transaction id: 41
                                                                [system/00000000] Transaction log files:
                                                                [system/00000000]  - existing transaction log versions: 0-0
                                                                [system/00000000]  - oldest append index 2 found in log with version 0
                                                                [system/00000000]  - files: (filename : creation date - size)
                                                                [system/00000000]      neostore.transaction.db.0: 2026-05-13 09:29:13.075+0000 - 23.46KiB
                                                                [system/00000000]  - total size of files: 23.46KiB
                                                                [system/00000000] Checkpoint log files:
                                                                [system/00000000]  - existing checkpoint log versions: 0-0
                                                                [system/00000000]  - last checkpoint: CheckpointInfo[oldestNotVisibleTransactionLogPosition=LogPosition{logVersion=0, byteOffset=24028}, transactionLogPosition=LogPosition{logVersion=0, byteOffset=24028}, storeId=StoreId{creationTime=1778664552847, random=443747364235947064, storageEngineName='record', formatName='aligned', majorVersion=1, minorVersion=1}, checkpointEntryPosition=LogPosition{logVersion=0, byteOffset=360}, channelPositionAfterCheckpoint=LogPosition{logVersion=0, byteOffset=592}, checkpointFilePostReadPosition=LogPosition{logVersion=0, byteOffset=592}, kernelVersion=KernelVersion{V5_25,version=20}, kernelVersionByte=20, transactionId=TransactionId[id=41, appendIndex=41, kernelVersion=KernelVersion{V5_25,version=20}, checksum=2070859732, commitTimestamp=1778664554062, consensusIndex=-1], appendIndex=41, reason=Checkpoint triggered by "Scheduled checkpoint for every 15 minutes threshol, consensusIndexInCheckpoint=true]
                                                                [system/00000000] 
                                                                [system/00000000] --------------------------------------------------------------------------------
                                                                [system/00000000]                                   [ Id usage ]                                  
                                                                [system/00000000] --------------------------------------------------------------------------------
                                                                [system/00000000] ArrayPropertyStore[neostore.nodestore.db.labels]: used=1 high=0
                                                                [system/00000000] NodeStore[neostore.nodestore.db]: used=7 high=6
                                                                [system/00000000] StringPropertyStore[neostore.propertystore.db.index.keys]: used=47 high=46
                                                                [system/00000000] PropertyIndexStore[neostore.propertystore.db.index]: used=33 high=32
                                                                [system/00000000] StringPropertyStore[neostore.propertystore.db.strings]: used=3 high=2
                                                                [system/00000000] ArrayPropertyStore[neostore.propertystore.db.arrays]: used=1 high=0
                                                                [system/00000000] PropertyStore[neostore.propertystore.db]: used=73 high=72
                                                                [system/00000000] RelationshipStore[neostore.relationshipstore.db]: used=3 high=2
                                                                [system/00000000] StringPropertyStore[neostore.relationshiptypestore.db.names]: used=3 high=2
                                                                [system/00000000] RelationshipTypeStore[neostore.relationshiptypestore.db]: used=2 high=1
                                                                [system/00000000] StringPropertyStore[neostore.labeltokenstore.db.names]: used=6 high=5
                                                                [system/00000000] LabelTokenStore[neostore.labeltokenstore.db]: used=5 high=4
                                                                [system/00000000] SchemaStore[neostore.schemastore.db]: used=13 high=12
                                                                [system/00000000] RelationshipGroupStore[neostore.relationshipgroupstore.db]: used=1 high=0
                                                                [system/00000000] NeoStore[neostore]: used=-1 high=-1
                                                                [system/00000000] 
                                                                [system/00000000] --------------------------------------------------------------------------------
                                                                [system/00000000]                                   [ Metadata ]                                  
                                                                [system/00000000] --------------------------------------------------------------------------------
                                                                [system/00000000] EXTERNAL_STORE_UUID (Database identifier exposed as external store identity. Generated on creation and never updated): 217e3372-6310-4559-be9c-9ae3e02966ee
                                                                [system/00000000] DATABASE_ID (The last used DatabaseId for this database): null
                                                                [system/00000000] LEGACY_STORE_VERSION (Legacy store format version. This field is used from 5.0 onwards only to distinguish non-migrated pre 5.0 metadata stores.): -3523014627327384477
                                                                [system/00000000] STORE_ID (Store ID): StoreId{creationTime=1778664552847, random=443747364235947064, storageEngineName='record', formatName='aligned', majorVersion=1, minorVersion=1}
                                                                [system/00000000] 
2026-05-27 09:05:24.616+0000 INFO  [o.n.k.i.i.s.TokenIndexProvider] [system/00000000] Schema index cleanup job registered: descriptor=Index( id=1, name='index_343aff4e', type='LOOKUP', schema=(:<any-labels>), indexProvider='token-lookup-1.0' ), indexFile=E:\workspacce\AI\ai_kefu\.data\neo4j-win\data\databases\system\schema\index\token-lookup-1.0\1\index-1
2026-05-27 09:05:24.617+0000 INFO  [o.n.k.i.i.s.TokenIndexProvider] [system/00000000] Schema index cleanup job started: descriptor=Index( id=1, name='index_343aff4e', type='LOOKUP', schema=(:<any-labels>), indexProvider='token-lookup-1.0' ), indexFile=E:\workspacce\AI\ai_kefu\.data\neo4j-win\data\databases\system\schema\index\token-lookup-1.0\1\index-1
2026-05-27 09:05:24.625+0000 INFO  [o.n.k.i.i.s.TokenIndexProvider] [system/00000000] Schema index cleanup job finished: descriptor=Index( id=1, name='index_343aff4e', type='LOOKUP', schema=(:<any-labels>), indexProvider='token-lookup-1.0' ), indexFile=E:\workspacce\AI\ai_kefu\.data\neo4j-win\data\databases\system\schema\index\token-lookup-1.0\1\index-1 Number of pages visited: 3, Number of tree nodes: 2, Number of cleaned crashed pointers: 0, Time spent: 1ms
2026-05-27 09:05:24.625+0000 INFO  [o.n.k.i.i.s.TokenIndexProvider] [system/00000000] Schema index cleanup job closed: descriptor=Index( id=1, name='index_343aff4e', type='LOOKUP', schema=(:<any-labels>), indexProvider='token-lookup-1.0' ), indexFile=E:\workspacce\AI\ai_kefu\.data\neo4j-win\data\databases\system\schema\index\token-lookup-1.0\1\index-1
2026-05-27 09:05:24.652+0000 INFO  [o.n.k.i.i.s.TokenIndexProvider] [system/00000000] Schema index cleanup job registered: descriptor=Index( id=2, name='index_f7700477', type='LOOKUP', schema=()-[:<any-types>]-(), indexProvider='token-lookup-1.0' ), indexFile=E:\workspacce\AI\ai_kefu\.data\neo4j-win\data\databases\system\schema\index\token-lookup-1.0\2\index-2
2026-05-27 09:05:24.653+0000 INFO  [o.n.k.i.i.s.TokenIndexProvider] [system/00000000] Schema index cleanup job started: descriptor=Index( id=2, name='index_f7700477', type='LOOKUP', schema=()-[:<any-types>]-(), indexProvider='token-lookup-1.0' ), indexFile=E:\workspacce\AI\ai_kefu\.data\neo4j-win\data\databases\system\schema\index\token-lookup-1.0\2\index-2
2026-05-27 09:05:24.655+0000 INFO  [o.n.k.i.i.s.TokenIndexProvider] [system/00000000] Schema index cleanup job finished: descriptor=Index( id=2, name='index_f7700477', type='LOOKUP', schema=()-[:<any-types>]-(), indexProvider='token-lookup-1.0' ), indexFile=E:\workspacce\AI\ai_kefu\.data\neo4j-win\data\databases\system\schema\index\token-lookup-1.0\2\index-2 Number of pages visited: 3, Number of tree nodes: 2, Number of cleaned crashed pointers: 0, Time spent: 1ms
2026-05-27 09:05:24.656+0000 INFO  [o.n.k.i.i.s.TokenIndexProvider] [system/00000000] Schema index cleanup job closed: descriptor=Index( id=2, name='index_f7700477', type='LOOKUP', schema=()-[:<any-types>]-(), indexProvider='token-lookup-1.0' ), indexFile=E:\workspacce\AI\ai_kefu\.data\neo4j-win\data\databases\system\schema\index\token-lookup-1.0\2\index-2
2026-05-27 09:05:24.714+0000 INFO  [o.n.k.i.i.s.RangeIndexProvider] [system/00000000] Schema index cleanup job registered: descriptor=Index( id=3, name='constraint_798238d6', type='RANGE', schema=(:Label[1] {PropertyKey[11], PropertyKey[12]}), indexProvider='range-1.0', owningConstraint=5 ), indexFile=E:\workspacce\AI\ai_kefu\.data\neo4j-win\data\databases\system\schema\index\range-1.0\3\index-3
2026-05-27 09:05:24.719+0000 INFO  [o.n.k.i.i.s.RangeIndexProvider] [system/00000000] Schema index cleanup job started: descriptor=Index( id=3, name='constraint_798238d6', type='RANGE', schema=(:Label[1] {PropertyKey[11], PropertyKey[12]}), indexProvider='range-1.0', owningConstraint=5 ), indexFile=E:\workspacce\AI\ai_kefu\.data\neo4j-win\data\databases\system\schema\index\range-1.0\3\index-3
2026-05-27 09:05:24.722+0000 INFO  [o.n.k.i.i.s.RangeIndexProvider] [system/00000000] Schema index cleanup job finished: descriptor=Index( id=3, name='constraint_798238d6', type='RANGE', schema=(:Label[1] {PropertyKey[11], PropertyKey[12]}), indexProvider='range-1.0', owningConstraint=5 ), indexFile=E:\workspacce\AI\ai_kefu\.data\neo4j-win\data\databases\system\schema\index\range-1.0\3\index-3 Number of pages visited: 3, Number of tree nodes: 2, Number of cleaned crashed pointers: 0, Time spent: 1ms
2026-05-27 09:05:24.722+0000 INFO  [o.n.k.i.i.s.RangeIndexProvider] [system/00000000] Schema index cleanup job closed: descriptor=Index( id=3, name='constraint_798238d6', type='RANGE', schema=(:Label[1] {PropertyKey[11], PropertyKey[12]}), indexProvider='range-1.0', owningConstraint=5 ), indexFile=E:\workspacce\AI\ai_kefu\.data\neo4j-win\data\databases\system\schema\index\range-1.0\3\index-3
2026-05-27 09:05:24.744+0000 INFO  [o.n.k.i.i.s.RangeIndexProvider] [system/00000000] Schema index cleanup job registered: descriptor=Index( id=4, name='constraint_8014b60a', type='RANGE', schema=(:Label[2] {PropertyKey[11]}), indexProvider='range-1.0', owningConstraint=6 ), indexFile=E:\workspacce\AI\ai_kefu\.data\neo4j-win\data\databases\system\schema\index\range-1.0\4\index-4
2026-05-27 09:05:24.745+0000 INFO  [o.n.k.i.i.s.RangeIndexProvider] [system/00000000] Schema index cleanup job started: descriptor=Index( id=4, name='constraint_8014b60a', type='RANGE', schema=(:Label[2] {PropertyKey[11]}), indexProvider='range-1.0', owningConstraint=6 ), indexFile=E:\workspacce\AI\ai_kefu\.data\neo4j-win\data\databases\system\schema\index\range-1.0\4\index-4
2026-05-27 09:05:24.747+0000 INFO  [o.n.k.i.i.s.RangeIndexProvider] [system/00000000] Schema index cleanup job finished: descriptor=Index( id=4, name='constraint_8014b60a', type='RANGE', schema=(:Label[2] {PropertyKey[11]}), indexProvider='range-1.0', owningConstraint=6 ), indexFile=E:\workspacce\AI\ai_kefu\.data\neo4j-win\data\databases\system\schema\index\range-1.0\4\index-4 Number of pages visited: 3, Number of tree nodes: 2, Number of cleaned crashed pointers: 0, Time spent: 0ms
2026-05-27 09:05:24.747+0000 INFO  [o.n.k.i.i.s.RangeIndexProvider] [system/00000000] Schema index cleanup job closed: descriptor=Index( id=4, name='constraint_8014b60a', type='RANGE', schema=(:Label[2] {PropertyKey[11]}), indexProvider='range-1.0', owningConstraint=6 ), indexFile=E:\workspacce\AI\ai_kefu\.data\neo4j-win\data\databases\system\schema\index\range-1.0\4\index-4
2026-05-27 09:05:24.773+0000 INFO  [o.n.k.i.i.s.RangeIndexProvider] [system/00000000] Schema index cleanup job registered: descriptor=Index( id=7, name='constraint_5789ae3', type='RANGE', schema=(:Label[3] {PropertyKey[11]}), indexProvider='range-1.0', owningConstraint=12 ), indexFile=E:\workspacce\AI\ai_kefu\.data\neo4j-win\data\databases\system\schema\index\range-1.0\7\index-7
2026-05-27 09:05:24.773+0000 INFO  [o.n.k.i.i.s.RangeIndexProvider] [system/00000000] Schema index cleanup job started: descriptor=Index( id=7, name='constraint_5789ae3', type='RANGE', schema=(:Label[3] {PropertyKey[11]}), indexProvider='range-1.0', owningConstraint=12 ), indexFile=E:\workspacce\AI\ai_kefu\.data\neo4j-win\data\databases\system\schema\index\range-1.0\7\index-7
2026-05-27 09:05:24.775+0000 INFO  [o.n.k.i.i.s.RangeIndexProvider] [system/00000000] Schema index cleanup job finished: descriptor=Index( id=7, name='constraint_5789ae3', type='RANGE', schema=(:Label[3] {PropertyKey[11]}), indexProvider='range-1.0', owningConstraint=12 ), indexFile=E:\workspacce\AI\ai_kefu\.data\neo4j-win\data\databases\system\schema\index\range-1.0\7\index-7 Number of pages visited: 3, Number of tree nodes: 2, Number of cleaned crashed pointers: 0, Time spent: 1ms
2026-05-27 09:05:24.776+0000 INFO  [o.n.k.i.i.s.RangeIndexProvider] [system/00000000] Schema index cleanup job closed: descriptor=Index( id=7, name='constraint_5789ae3', type='RANGE', schema=(:Label[3] {PropertyKey[11]}), indexProvider='range-1.0', owningConstraint=12 ), indexFile=E:\workspacce\AI\ai_kefu\.data\neo4j-win\data\databases\system\schema\index\range-1.0\7\index-7
2026-05-27 09:05:24.798+0000 INFO  [o.n.k.i.i.s.RangeIndexProvider] [system/00000000] Schema index cleanup job registered: descriptor=Index( id=8, name='constraint_74fad970', type='RANGE', schema=(:Label[3] {PropertyKey[27]}), indexProvider='range-1.0', owningConstraint=10 ), indexFile=E:\workspacce\AI\ai_kefu\.data\neo4j-win\data\databases\system\schema\index\range-1.0\8\index-8
2026-05-27 09:05:24.799+0000 INFO  [o.n.k.i.i.s.RangeIndexProvider] [system/00000000] Schema index cleanup job started: descriptor=Index( id=8, name='constraint_74fad970', type='RANGE', schema=(:Label[3] {PropertyKey[27]}), indexProvider='range-1.0', owningConstraint=10 ), indexFile=E:\workspacce\AI\ai_kefu\.data\neo4j-win\data\databases\system\schema\index\range-1.0\8\index-8
2026-05-27 09:05:24.801+0000 INFO  [o.n.k.i.i.s.RangeIndexProvider] [system/00000000] Schema index cleanup job finished: descriptor=Index( id=8, name='constraint_74fad970', type='RANGE', schema=(:Label[3] {PropertyKey[27]}), indexProvider='range-1.0', owningConstraint=10 ), indexFile=E:\workspacce\AI\ai_kefu\.data\neo4j-win\data\databases\system\schema\index\range-1.0\8\index-8 Number of pages visited: 3, Number of tree nodes: 2, Number of cleaned crashed pointers: 0, Time spent: 1ms
2026-05-27 09:05:24.802+0000 INFO  [o.n.k.i.i.s.RangeIndexProvider] [system/00000000] Schema index cleanup job closed: descriptor=Index( id=8, name='constraint_74fad970', type='RANGE', schema=(:Label[3] {PropertyKey[27]}), indexProvider='range-1.0', owningConstraint=10 ), indexFile=E:\workspacce\AI\ai_kefu\.data\neo4j-win\data\databases\system\schema\index\range-1.0\8\index-8
2026-05-27 09:05:24.823+0000 INFO  [o.n.k.i.i.s.RangeIndexProvider] [system/00000000] Schema index cleanup job registered: descriptor=Index( id=9, name='auth-constraint', type='RANGE', schema=(:Label[4] {PropertyKey[28], PropertyKey[27]}), indexProvider='range-1.0', owningConstraint=11 ), indexFile=E:\workspacce\AI\ai_kefu\.data\neo4j-win\data\databases\system\schema\index\range-1.0\9\index-9
2026-05-27 09:05:24.823+0000 INFO  [o.n.k.i.i.s.RangeIndexProvider] [system/00000000] Schema index cleanup job started: descriptor=Index( id=9, name='auth-constraint', type='RANGE', schema=(:Label[4] {PropertyKey[28], PropertyKey[27]}), indexProvider='range-1.0', owningConstraint=11 ), indexFile=E:\workspacce\AI\ai_kefu\.data\neo4j-win\data\databases\system\schema\index\range-1.0\9\index-9
2026-05-27 09:05:24.823+0000 INFO  [o.n.k.i.i.s.RangeIndexProvider] [system/00000000] Schema index cleanup job finished: descriptor=Index( id=9, name='auth-constraint', type='RANGE', schema=(:Label[4] {PropertyKey[28], PropertyKey[27]}), indexProvider='range-1.0', owningConstraint=11 ), indexFile=E:\workspacce\AI\ai_kefu\.data\neo4j-win\data\databases\system\schema\index\range-1.0\9\index-9 Number of pages visited: 3, Number of tree nodes: 2, Number of cleaned crashed pointers: 0, Time spent: 0ms
2026-05-27 09:05:24.823+0000 INFO  [o.n.k.i.a.i.IndexingService] [system/00000000] IndexingService.init: indexes not specifically mentioned above are ONLINE. Total 7 indexes. Processed in 270ms
2026-05-27 09:05:24.823+0000 INFO  [o.n.k.i.i.s.RangeIndexProvider] [system/00000000] Schema index cleanup job closed: descriptor=Index( id=9, name='auth-constraint', type='RANGE', schema=(:Label[4] {PropertyKey[28], PropertyKey[27]}), indexProvider='range-1.0', owningConstraint=11 ), indexFile=E:\workspacce\AI\ai_kefu\.data\neo4j-win\data\databases\system\schema\index\range-1.0\9\index-9
2026-05-27 09:05:24.833+0000 INFO  [o.n.k.a.DatabaseAvailabilityGuard] [system/00000000] Requirement `Database unavailable` makes database system unavailable.
2026-05-27 09:05:24.834+0000 INFO  [o.n.k.a.DatabaseAvailabilityGuard] [system/00000000] DatabaseId{00000000[system]} is unavailable.
2026-05-27 09:05:24.845+0000 INFO  [o.n.k.d.Database] [system/00000000] Starting transaction log [E:\workspacce\AI\ai_kefu\.data\neo4j-win\data\transactions\system\neostore.transaction.db.0] at version=0
2026-05-27 09:05:24.850+0000 INFO  [o.n.k.d.Database] [system/00000000] Starting transaction log [E:\workspacce\AI\ai_kefu\.data\neo4j-win\data\transactions\system\checkpoint.0] at version=0
2026-05-27 09:05:24.852+0000 INFO  [o.n.k.i.t.l.f.c.CheckpointLogFile] [system/00000000] Scanning log file with version 0 for checkpoint entries
2026-05-27 09:05:24.857+0000 INFO  [o.n.k.i.a.i.IndexingService] [system/00000000] IndexingService.start: indexes not specifically mentioned above are ONLINE. Total 7 indexes. Processed in 0ms
2026-05-27 09:05:24.873+0000 INFO  [o.n.k.a.DatabaseAvailabilityGuard] [system/00000000] Fulfilling of requirement 'Database unavailable' makes database system available.
2026-05-27 09:05:24.874+0000 INFO  [o.n.k.a.DatabaseAvailabilityGuard] [system/00000000] DatabaseId{00000000[system]} is ready.
2026-05-27 09:05:25.079+0000 INFO  [o.n.s.s.s.UserSecurityGraphComponent] Performing postInitialization step for component 'security-users' with version 5 and status CURRENT
2026-05-27 09:05:25.079+0000 INFO  [o.n.s.s.s.UserSecurityGraphComponent] Updating the initial password in component 'security-users'
2026-05-27 09:05:25.117+0000 INFO  [o.n.d.d.DatabaseLifecycles] Creating 'DatabaseId{0a5c9463[neo4j]}'.
2026-05-27 09:05:25.123+0000 INFO  [o.n.d.d.DatabaseLifecycles] Starting 'DatabaseId{0a5c9463[neo4j]}'.
2026-05-27 09:05:25.159+0000 INFO  [o.n.k.i.t.l.f.c.CheckpointLogFile] [neo4j/0a5c9463] Scanning log file with version 0 for checkpoint entries
2026-05-27 09:05:25.178+0000 INFO  [o.n.k.i.s.f.RecordFormatSelector] [neo4j/0a5c9463] Selected RecordFormat:PageAlignedV5_0[aligned-1.1] record format from store E:\workspacce\AI\ai_kefu\.data\neo4j-win\data\databases\neo4j
2026-05-27 09:05:25.179+0000 INFO  [o.n.k.i.s.f.RecordFormatSelector] [neo4j/0a5c9463] Selected format from the store files: RecordFormat:PageAlignedV5_0[aligned-1.1]
2026-05-27 09:05:25.589+0000 INFO  [o.n.i.d.DiagnosticsManager] [neo4j/0a5c9463] 
                                                                [neo4j/0a5c9463] ********************************************************************************
                                                                [neo4j/0a5c9463]                               [ Database: neo4j ]                               
                                                                [neo4j/0a5c9463] ********************************************************************************
                                                                [neo4j/0a5c9463] --------------------------------------------------------------------------------
                                                                [neo4j/0a5c9463]                                   [ Version ]                                   
                                                                [neo4j/0a5c9463] --------------------------------------------------------------------------------
                                                                [neo4j/0a5c9463] DBMS: community record-aligned-1.1
                                                                [neo4j/0a5c9463] Kernel version: 5.26.26
                                                                [neo4j/0a5c9463] 
                                                                [neo4j/0a5c9463] --------------------------------------------------------------------------------
                                                                [neo4j/0a5c9463]                                 [ Store files ]                                 
                                                                [neo4j/0a5c9463] --------------------------------------------------------------------------------
                                                                [neo4j/0a5c9463] Disk space on partition (Total / Free / Free %): 952245415936 / 178834518016 / 18
                                                                [neo4j/0a5c9463] Storage files stored on file store: NTFS
                                                                [neo4j/0a5c9463] Storage files: (filename : modification date - size)
                                                                [neo4j/0a5c9463]   database_lock: 2026-05-13 09:29:14.134+0000 - 0B
                                                                [neo4j/0a5c9463]   neostore: 2026-05-27 09:04:56.344+0000 - 8.000KiB
                                                                [neo4j/0a5c9463]   neostore.counts.db: 2026-05-27 09:05:25.548+0000 - 40.00KiB
                                                                [neo4j/0a5c9463]   neostore.indexstats.db: 2026-05-27 09:05:25.567+0000 - 0B
                                                                [neo4j/0a5c9463]   neostore.labeltokenstore.db: 2026-05-27 09:04:57.128+0000 - 8.000KiB
                                                                [neo4j/0a5c9463]   neostore.labeltokenstore.db.id: 2026-05-27 09:05:25.480+0000 - 40.00KiB
                                                                [neo4j/0a5c9463]   neostore.labeltokenstore.db.names: 2026-05-27 09:04:57.129+0000 - 8.000KiB
                                                                [neo4j/0a5c9463]   neostore.labeltokenstore.db.names.id: 2026-05-27 09:05:25.457+0000 - 40.00KiB
                                                                [neo4j/0a5c9463]   neostore.nodestore.db: 2026-05-27 09:04:58.934+0000 - 64.00KiB
                                                                [neo4j/0a5c9463]   neostore.nodestore.db.id: 2026-05-27 09:05:25.233+0000 - 40.00KiB
                                                                [neo4j/0a5c9463]   neostore.nodestore.db.labels: 2026-05-27 09:04:56.282+0000 - 8.000KiB
                                                                [neo4j/0a5c9463]   neostore.nodestore.db.labels.id: 2026-05-27 09:05:25.209+0000 - 40.00KiB
                                                                [neo4j/0a5c9463]   neostore.propertystore.db: 2026-05-27 09:04:58.934+0000 - 112.0KiB
                                                                [neo4j/0a5c9463]   neostore.propertystore.db.arrays: 2026-05-27 09:04:56.303+0000 - 8.000KiB
                                                                [neo4j/0a5c9463]   neostore.propertystore.db.arrays.id: 2026-05-27 09:05:25.334+0000 - 40.00KiB
                                                                [neo4j/0a5c9463]   neostore.propertystore.db.id: 2026-05-27 09:05:25.357+0000 - 40.00KiB
                                                                [neo4j/0a5c9463]   neostore.propertystore.db.index: 2026-05-27 09:04:58.934+0000 - 8.000KiB
                                                                [neo4j/0a5c9463]   neostore.propertystore.db.index.id: 2026-05-27 09:05:25.275+0000 - 40.00KiB
                                                                [neo4j/0a5c9463]   neostore.propertystore.db.index.keys: 2026-05-27 09:04:58.934+0000 - 8.000KiB
                                                                [neo4j/0a5c9463]   neostore.propertystore.db.index.keys.id: 2026-05-27 09:05:25.257+0000 - 40.00KiB
                                                                [neo4j/0a5c9463]   neostore.propertystore.db.strings: 2026-05-27 09:04:57.256+0000 - 96.00KiB
                                                                [neo4j/0a5c9463]   neostore.propertystore.db.strings.id: 2026-05-27 09:05:25.305+0000 - 40.00KiB
                                                                [neo4j/0a5c9463]   neostore.relationshipgroupstore.db: 2026-05-27 09:04:56.336+0000 - 8.000KiB
                                                                [neo4j/0a5c9463]   neostore.relationshipgroupstore.db.id: 2026-05-27 09:05:25.530+0000 - 40.00KiB
                                                                [neo4j/0a5c9463]   neostore.relationshipgroupstore.degrees.db: 2026-05-27 09:05:25.565+0000 - 40.00KiB
                                                                [neo4j/0a5c9463]   neostore.relationshipstore.db: 2026-05-27 09:04:58.934+0000 - 72.00KiB
                                                                [neo4j/0a5c9463]   neostore.relationshipstore.db.id: 2026-05-27 09:05:25.384+0000 - 40.00KiB
                                                                [neo4j/0a5c9463]   neostore.relationshiptypestore.db: 2026-05-27 09:04:57.765+0000 - 8.000KiB
                                                                [neo4j/0a5c9463]   neostore.relationshiptypestore.db.id: 2026-05-27 09:05:25.435+0000 - 40.00KiB
                                                                [neo4j/0a5c9463]   neostore.relationshiptypestore.db.names: 2026-05-27 09:04:57.764+0000 - 8.000KiB
                                                                [neo4j/0a5c9463]   neostore.relationshiptypestore.db.names.id: 2026-05-27 09:05:25.409+0000 - 40.00KiB
                                                                [neo4j/0a5c9463]   neostore.schemastore.db: 2026-05-27 09:04:58.934+0000 - 8.000KiB
                                                                [neo4j/0a5c9463]   neostore.schemastore.db.id: 2026-05-27 09:05:25.507+0000 - 40.00KiB
                                                                [neo4j/0a5c9463]   schema:
                                                                [neo4j/0a5c9463]     index:
                                                                [neo4j/0a5c9463]       token-lookup-1.0:
                                                                [neo4j/0a5c9463]         1:
                                                                [neo4j/0a5c9463]           index-1: 2026-05-27 09:04:58.822+0000 - 40.00KiB
                                                                [neo4j/0a5c9463]         - Total: 2026-05-27 09:04:58.763+0000 - 40.00KiB
                                                                [neo4j/0a5c9463]         2:
                                                                [neo4j/0a5c9463]           index-2: 2026-05-27 09:04:58.898+0000 - 40.00KiB
                                                                [neo4j/0a5c9463]         - Total: 2026-05-27 09:04:58.859+0000 - 40.00KiB
                                                                [neo4j/0a5c9463]       - Total: 2026-05-27 09:04:58.859+0000 - 80.00KiB
                                                                [neo4j/0a5c9463]     - Total: 2026-05-27 09:04:58.752+0000 - 80.00KiB
                                                                [neo4j/0a5c9463]   - Total: 2026-05-27 09:04:58.751+0000 - 80.00KiB
                                                                [neo4j/0a5c9463] Storage summary: 
                                                                [neo4j/0a5c9463]   Total size of store: 1.125MiB
                                                                [neo4j/0a5c9463]   Total size of mapped files: 512.0KiB
                                                                [neo4j/0a5c9463] 
                                                                [neo4j/0a5c9463] --------------------------------------------------------------------------------
                                                                [neo4j/0a5c9463]                               [ Transaction log ]                               
                                                                [neo4j/0a5c9463] --------------------------------------------------------------------------------
                                                                [neo4j/0a5c9463] Transaction log files stored on file store: NTFS
                                                                [neo4j/0a5c9463] Transaction log metadata:
                                                                [neo4j/0a5c9463]  - current kernel version used in transactions: V5_25
                                                                [neo4j/0a5c9463]  - last committed transaction id: 2
                                                                [neo4j/0a5c9463] Transaction log files:
                                                                [neo4j/0a5c9463]  - existing transaction log versions: 0-0
                                                                [neo4j/0a5c9463]  - oldest append index 2 found in log with version 0
                                                                [neo4j/0a5c9463]  - files: (filename : creation date - size)
                                                                [neo4j/0a5c9463]      neostore.transaction.db.0: 2026-05-27 09:04:58.467+0000 - 184B
                                                                [neo4j/0a5c9463]  - total size of files: 184B
                                                                [neo4j/0a5c9463] Checkpoint log files:
                                                                [neo4j/0a5c9463]  - existing checkpoint log versions: 0-0
                                                                [neo4j/0a5c9463]  - last checkpoint: CheckpointInfo[oldestNotVisibleTransactionLogPosition=LogPosition{logVersion=0, byteOffset=184}, transactionLogPosition=LogPosition{logVersion=0, byteOffset=184}, storeId=StoreId{creationTime=1779872696342, random=-6912127355772180954, storageEngineName='record', formatName='aligned', majorVersion=1, minorVersion=1}, checkpointEntryPosition=LogPosition{logVersion=0, byteOffset=128}, channelPositionAfterCheckpoint=LogPosition{logVersion=0, byteOffset=360}, checkpointFilePostReadPosition=LogPosition{logVersion=0, byteOffset=360}, kernelVersion=KernelVersion{V5_25,version=20}, kernelVersionByte=20, transactionId=TransactionId[id=2, appendIndex=2, kernelVersion=KernelVersion{V5_25,version=20}, checksum=1265832560, commitTimestamp=0, consensusIndex=-1], appendIndex=2, reason=Batch importer checkpoint., consensusIndexInCheckpoint=true]
                                                                [neo4j/0a5c9463] 
                                                                [neo4j/0a5c9463] --------------------------------------------------------------------------------
                                                                [neo4j/0a5c9463]                                   [ Id usage ]                                  
                                                                [neo4j/0a5c9463] --------------------------------------------------------------------------------
                                                                [neo4j/0a5c9463] ArrayPropertyStore[neostore.nodestore.db.labels]: used=1 high=0
                                                                [neo4j/0a5c9463] NodeStore[neostore.nodestore.db]: used=4368 high=4367
                                                                [neo4j/0a5c9463] StringPropertyStore[neostore.propertystore.db.index.keys]: used=78 high=77
                                                                [neo4j/0a5c9463] PropertyIndexStore[neostore.propertystore.db.index]: used=68 high=67
                                                                [neo4j/0a5c9463] StringPropertyStore[neostore.propertystore.db.strings]: used=769 high=768
                                                                [neo4j/0a5c9463] ArrayPropertyStore[neostore.propertystore.db.arrays]: used=1 high=0
                                                                [neo4j/0a5c9463] PropertyStore[neostore.propertystore.db]: used=2596 high=2595
                                                                [neo4j/0a5c9463] RelationshipStore[neostore.relationshipstore.db]: used=2160 high=2159
                                                                [neo4j/0a5c9463] StringPropertyStore[neostore.relationshiptypestore.db.names]: used=10 high=9
                                                                [neo4j/0a5c9463] RelationshipTypeStore[neostore.relationshiptypestore.db]: used=9 high=8
                                                                [neo4j/0a5c9463] StringPropertyStore[neostore.labeltokenstore.db.names]: used=9 high=8
                                                                [neo4j/0a5c9463] LabelTokenStore[neostore.labeltokenstore.db]: used=8 high=7
                                                                [neo4j/0a5c9463] SchemaStore[neostore.schemastore.db]: used=3 high=2
                                                                [neo4j/0a5c9463] RelationshipGroupStore[neostore.relationshipgroupstore.db]: used=1 high=0
                                                                [neo4j/0a5c9463] NeoStore[neostore]: used=-1 high=-1
                                                                [neo4j/0a5c9463] 
                                                                [neo4j/0a5c9463] --------------------------------------------------------------------------------
                                                                [neo4j/0a5c9463]                                   [ Metadata ]                                  
                                                                [neo4j/0a5c9463] --------------------------------------------------------------------------------
                                                                [neo4j/0a5c9463] EXTERNAL_STORE_UUID (Database identifier exposed as external store identity. Generated on creation and never updated): 7346b50d-acbb-4b35-b845-55b9e9cda1cd
                                                                [neo4j/0a5c9463] DATABASE_ID (The last used DatabaseId for this database): null
                                                                [neo4j/0a5c9463] LEGACY_STORE_VERSION (Legacy store format version. This field is used from 5.0 onwards only to distinguish non-migrated pre 5.0 metadata stores.): -3523014627327384477
                                                                [neo4j/0a5c9463] STORE_ID (Store ID): StoreId{creationTime=1779872696342, random=-6912127355772180954, storageEngineName='record', formatName='aligned', majorVersion=1, minorVersion=1}
                                                                [neo4j/0a5c9463] 
2026-05-27 09:05:25.632+0000 INFO  [o.n.k.i.a.i.IndexingService] [neo4j/0a5c9463] IndexingService.init: indexes not specifically mentioned above are ONLINE. Total 2 indexes. Processed in 38ms
2026-05-27 09:05:25.633+0000 INFO  [o.n.k.a.DatabaseAvailabilityGuard] [neo4j/0a5c9463] Requirement `Database unavailable` makes database neo4j unavailable.
2026-05-27 09:05:25.633+0000 INFO  [o.n.k.a.DatabaseAvailabilityGuard] [neo4j/0a5c9463] DatabaseId{0a5c9463[neo4j]} is unavailable.
2026-05-27 09:05:25.636+0000 INFO  [o.n.k.d.Database] [neo4j/0a5c9463] Starting transaction log [E:\workspacce\AI\ai_kefu\.data\neo4j-win\data\transactions\neo4j\neostore.transaction.db.0] at version=0
2026-05-27 09:05:25.638+0000 INFO  [o.n.k.d.Database] [neo4j/0a5c9463] Starting transaction log [E:\workspacce\AI\ai_kefu\.data\neo4j-win\data\transactions\neo4j\checkpoint.0] at version=0
2026-05-27 09:05:25.639+0000 INFO  [o.n.k.i.t.l.f.c.CheckpointLogFile] [neo4j/0a5c9463] Scanning log file with version 0 for checkpoint entries
2026-05-27 09:05:25.642+0000 INFO  [o.n.k.i.a.i.IndexingService] [neo4j/0a5c9463] IndexingService.start: indexes not specifically mentioned above are ONLINE. Total 2 indexes. Processed in 0ms
2026-05-27 09:05:25.644+0000 INFO  [o.n.k.a.DatabaseAvailabilityGuard] [neo4j/0a5c9463] Fulfilling of requirement 'Database unavailable' makes database neo4j available.
2026-05-27 09:05:25.644+0000 INFO  [o.n.k.a.DatabaseAvailabilityGuard] [neo4j/0a5c9463] DatabaseId{0a5c9463[neo4j]} is ready.
2026-05-27 09:05:25.708+0000 INFO  [o.n.b.p.c.c.n.SocketNettyConnector] Bolt enabled on 127.0.0.1:7687.
2026-05-27 09:05:25.710+0000 WARN  [i.n.b.ServerBootstrap] Unknown channel option 'SO_REUSEADDR' for channel '[id: 0x1fea4686]' of type 'class io.netty.channel.local.LocalServerChannel'
2026-05-27 09:05:25.720+0000 INFO  [o.n.b.BoltServer] Bolt server started
2026-05-27 09:05:25.721+0000 INFO  [o.n.s.A.ServerComponentsLifecycleAdapter] Starting web server
2026-05-27 09:05:29.684+0000 INFO  [o.n.s.CommunityNeoWebServer] HTTP enabled on 127.0.0.1:7474.
2026-05-27 09:05:29.684+0000 INFO  [o.n.s.CommunityNeoWebServer] Remote interface available at http://localhost:7474/
2026-05-27 09:05:29.684+0000 INFO  [o.n.s.A.ServerComponentsLifecycleAdapter] Web server started.
2026-05-27 09:05:29.698+0000 INFO  [o.n.g.f.DatabaseManagementServiceFactory] id: FB3B039A7857AC973A9E3B82A4DF286D16BC87314DB14D9088A1FB069A158A18
2026-05-27 09:05:29.699+0000 INFO  [o.n.g.f.DatabaseManagementServiceFactory] name: system
2026-05-27 09:05:29.699+0000 INFO  [o.n.g.f.DatabaseManagementServiceFactory] creationDate: 2026-05-13T09:29:12.847Z
2026-05-27 11:06:19.471+0000 ERROR [o.n.b.p.c.h.HouseKeeperHandler] Fatal error occurred when handling a client connection: [id: 0x17675989, L:/127.0.0.1:7687 - R:/127.0.0.1:13051]
java.net.SocketException: Connection reset
	at java.base/sun.nio.ch.SocketChannelImpl.throwConnectionReset(SocketChannelImpl.java:401)
	at java.base/sun.nio.ch.SocketChannelImpl.read(SocketChannelImpl.java:434)
	at io.netty.buffer.PooledByteBuf.setBytes(PooledByteBuf.java:255)
	at io.netty.buffer.AbstractByteBuf.writeBytes(AbstractByteBuf.java:1132)
	at io.netty.channel.socket.nio.NioSocketChannel.doReadBytes(NioSocketChannel.java:356)
	at io.netty.channel.nio.AbstractNioByteChannel$NioByteUnsafe.read(AbstractNioByteChannel.java:156)
	at io.netty.channel.nio.NioEventLoop.processSelectedKey(NioEventLoop.java:796)
	at io.netty.channel.nio.NioEventLoop.processSelectedKeysOptimized(NioEventLoop.java:732)
	at io.netty.channel.nio.NioEventLoop.processSelectedKeys(NioEventLoop.java:658)
	at io.netty.channel.nio.NioEventLoop.run(NioEventLoop.java:562)
	at io.netty.util.concurrent.SingleThreadEventExecutor$4.run(SingleThreadEventExecutor.java:998)
	at io.netty.util.internal.ThreadExecutorMap$2.run(ThreadExecutorMap.java:74)
	at io.netty.util.concurrent.FastThreadLocalRunnable.run(FastThreadLocalRunnable.java:30)
	at java.base/java.lang.Thread.run(Thread.java:1583)
2026-05-27 11:18:55.304+0000 ERROR [o.n.b.p.c.h.HouseKeeperHandler] Fatal error occurred when handling a client connection: [id: 0x8b1d2b35, L:/127.0.0.1:7687 - R:/127.0.0.1:14911]
java.net.SocketException: Connection reset
	at java.base/sun.nio.ch.SocketChannelImpl.throwConnectionReset(SocketChannelImpl.java:401)
	at java.base/sun.nio.ch.SocketChannelImpl.read(SocketChannelImpl.java:434)
	at io.netty.buffer.PooledByteBuf.setBytes(PooledByteBuf.java:255)
	at io.netty.buffer.AbstractByteBuf.writeBytes(AbstractByteBuf.java:1132)
	at io.netty.channel.socket.nio.NioSocketChannel.doReadBytes(NioSocketChannel.java:356)
	at io.netty.channel.nio.AbstractNioByteChannel$NioByteUnsafe.read(AbstractNioByteChannel.java:156)
	at io.netty.channel.nio.NioEventLoop.processSelectedKey(NioEventLoop.java:796)
	at io.netty.channel.nio.NioEventLoop.processSelectedKeysOptimized(NioEventLoop.java:732)
	at io.netty.channel.nio.NioEventLoop.processSelectedKeys(NioEventLoop.java:658)
	at io.netty.channel.nio.NioEventLoop.run(NioEventLoop.java:562)
	at io.netty.util.concurrent.SingleThreadEventExecutor$4.run(SingleThreadEventExecutor.java:998)
	at io.netty.util.internal.ThreadExecutorMap$2.run(ThreadExecutorMap.java:74)
	at io.netty.util.concurrent.FastThreadLocalRunnable.run(FastThreadLocalRunnable.java:30)
	at java.base/java.lang.Thread.run(Thread.java:1583)
2026-05-28 07:58:01.598+0000 INFO  [o.n.g.f.m.GlobalModule] Logging config in use: File 'E:\environment\neo4j-community-5.26.26\conf\server-logs.xml'
2026-05-28 07:58:01.943+0000 WARN  [o.n.i.p.PageCache] Reflection access to java.nio.DirectByteBuffer is not available, using fallback mode. This could have negative impact on performance and memory usage. Consider adding --add-opens=java.base/java.nio=ALL-UNNAMED to VM options.
2026-05-28 07:58:02.162+0000 ERROR [o.n.i.d.DiagnosticsManager] Failure while logging diagnostics for LIBRARY_PATH
java.nio.file.InvalidPathException: Illegal char <"> at index 0: "E:\environment\jdk21\jre\bin
	at java.base/sun.nio.fs.WindowsPathParser.normalize(WindowsPathParser.java:204)
	at java.base/sun.nio.fs.WindowsPathParser.parse(WindowsPathParser.java:175)
	at java.base/sun.nio.fs.WindowsPathParser.parse(WindowsPathParser.java:77)
	at java.base/sun.nio.fs.WindowsPath.parse(WindowsPath.java:92)
	at java.base/sun.nio.fs.WindowsFileSystem.getPath(WindowsFileSystem.java:231)
	at java.base/java.nio.file.Path.of(Path.java:148)
	at org.neo4j.kernel.diagnostics.providers.SystemDiagnostics.canonicalize(SystemDiagnostics.java:270)
	at org.neo4j.kernel.diagnostics.providers.SystemDiagnostics$6.dump(SystemDiagnostics.java:185)
	at org.neo4j.internal.diagnostics.DiagnosticsManager.dump(DiagnosticsManager.java:49)
	at org.neo4j.kernel.diagnostics.providers.DbmsDiagnosticsManager.lambda$dumpSystemDiagnostics$7(DbmsDiagnosticsManager.java:158)
	at org.neo4j.kernel.diagnostics.providers.DbmsDiagnosticsManager.dumpAsSingleMessageWithPrefix(DbmsDiagnosticsManager.java:231)
	at org.neo4j.kernel.diagnostics.providers.DbmsDiagnosticsManager.dumpAsSingleMessage(DbmsDiagnosticsManager.java:217)
	at org.neo4j.kernel.diagnostics.providers.DbmsDiagnosticsManager.dumpSystemDiagnostics(DbmsDiagnosticsManager.java:152)
	at org.neo4j.kernel.diagnostics.providers.DbmsDiagnosticsManager.dumpSystemDiagnostics(DbmsDiagnosticsManager.java:79)
	at org.neo4j.graphdb.factory.module.GlobalModule.<init>(GlobalModule.java:249)
	at org.neo4j.graphdb.facade.DatabaseManagementServiceFactory.createGlobalModule(DatabaseManagementServiceFactory.java:325)
	at org.neo4j.graphdb.facade.DatabaseManagementServiceFactory.build(DatabaseManagementServiceFactory.java:144)
	at org.neo4j.server.CommunityBootstrapper.createNeo(CommunityBootstrapper.java:38)
	at org.neo4j.server.NeoBootstrapper.start(NeoBootstrapper.java:185)
	at org.neo4j.server.NeoBootstrapper.start(NeoBootstrapper.java:100)
	at org.neo4j.server.CommunityEntryPoint.main(CommunityEntryPoint.java:30)
2026-05-28 07:58:02.224+0000 INFO  [o.n.i.d.DiagnosticsManager] 
                                                                ********************************************************************************
                                                                                             [ System diagnostics ]                             
                                                                ********************************************************************************
2026-05-28 07:58:02.224+0000 INFO  [o.n.i.d.DiagnosticsManager] 
                                                                --------------------------------------------------------------------------------
                                                                                         [ System memory information ]                          
                                                                --------------------------------------------------------------------------------
                                                                Total Physical memory: 15.78GiB
                                                                Free Physical memory: 2.134GiB
                                                                Committed virtual memory: 675.0MiB
                                                                Total swap space: 32.78GiB
                                                                Free swap space: 13.68GiB
                                                                
2026-05-28 07:58:02.224+0000 INFO  [o.n.i.d.DiagnosticsManager] 
                                                                --------------------------------------------------------------------------------
                                                                                           [ JVM memory information ]                           
                                                                --------------------------------------------------------------------------------
                                                                Free  memory: 486.3MiB
                                                                Total memory: 512.0MiB
                                                                Max   memory: 512.0MiB
                                                                Garbage Collector: G1 Young Generation: [G1 Eden Space, G1 Survivor Space, G1 Old Gen]
                                                                Garbage Collector: G1 Concurrent GC: [G1 Old Gen]
                                                                Garbage Collector: G1 Old Generation: [G1 Eden Space, G1 Survivor Space, G1 Old Gen]
                                                                Memory Pool: CodeHeap 'non-nmethods' (Non-heap memory): committed=3.250MiB, used=3.144MiB, max=7.313MiB, threshold=0B
                                                                Memory Pool: Metaspace (Non-heap memory): committed=22.00MiB, used=21.73MiB, max=-1B, threshold=0B
                                                                Memory Pool: CodeHeap 'profiled nmethods' (Non-heap memory): committed=5.375MiB, used=5.325MiB, max=116.3MiB, threshold=0B
                                                                Memory Pool: Compressed Class Space (Non-heap memory): committed=2.375MiB, used=2.244MiB, max=1.000GiB, threshold=0B
                                                                Memory Pool: G1 Eden Space (Heap memory): committed=317.0MiB, used=5.000MiB, max=-1B, threshold=?
                                                                Memory Pool: G1 Old Gen (Heap memory): committed=189.0MiB, used=14.05MiB, max=512.0MiB, threshold=0B
                                                                Memory Pool: G1 Survivor Space (Heap memory): committed=6.000MiB, used=5.774MiB, max=-1B, threshold=?
                                                                Memory Pool: CodeHeap 'non-profiled nmethods' (Non-heap memory): committed=2.438MiB, used=1.235MiB, max=116.4MiB, threshold=0B
                                                                
2026-05-28 07:58:02.224+0000 INFO  [o.n.i.d.DiagnosticsManager] 
                                                                --------------------------------------------------------------------------------
                                                                                        [ Operating system information ]                        
                                                                --------------------------------------------------------------------------------
                                                                Operating System: Windows 11; version: 10.0; arch: amd64; cpus: 16
                                                                Process id: 17044
                                                                Byte order: LITTLE_ENDIAN
                                                                Local timezone: Asia/Shanghai
                                                                Memory page size: 4096
                                                                Unaligned memory access allowed: true
                                                                
2026-05-28 07:58:02.224+0000 INFO  [o.n.i.d.DiagnosticsManager] 
                                                                --------------------------------------------------------------------------------
                                                                                              [ JVM information ]                               
                                                                --------------------------------------------------------------------------------
                                                                VM Name: Java HotSpot(TM) 64-Bit Server VM
                                                                VM Vendor: Oracle Corporation
                                                                VM Version: 21.0.7+8-LTS-245
                                                                JIT compiler: HotSpot 64-Bit Tiered Compilers
                                                                VM Arguments: [-Dfile.encoding=UTF-8, -Xms524288k, -Xmx524288k]
                                                                
2026-05-28 07:58:02.224+0000 INFO  [o.n.i.d.DiagnosticsManager] 

                                                                --------------------------------------------------------------------------------
                                                                                               [ Java classpath ]                               
                                                                --------------------------------------------------------------------------------
                                                                 [classpath] E:\environment\neo4j-community-5.26.26\lib\neo4j-import-util-5.26.26.jar
                                                                 [classpath] E:\environment\neo4j-community-5.26.26\lib\jaxb-api-2.2.12.jar
                                                                 [classpath] E:\environment\neo4j-community-5.26.26\lib\jetty-http2-common-12.1.8.jar
                                                                 [classpath] E:\environment\neo4j-community-5.26.26\lib\neo4j-bolt-connection-routed-11.0.1.jar
                                                                 [classpath] E:\environment\neo4j-community-5.26.26\lib\jettison-1.5.4.jar
                                                                 [classpath] E:\environment\neo4j-community-5.26.26\lib\neo4j-procedure-api-5.26.26.jar
                                                                 [classpath] E:\environment\neo4j-community-5.26.26\lib\shiro-core-2.1.0.jar
                                                                 [classpath] E:\environment\neo4j-community-5.26.26\lib\neo4j-resource-5.26.26.jar
                                                                 [classpath] E:\environment\neo4j-community-5.26.26\lib\jetty-http2-hpack-12.1.8.jar
                                                                 [classpath] E:\environment\neo4j-community-5.26.26\lib\neo4j-unsafe-5.26.26.jar
                                                                 [classpath] E:\environment\neo4j-community-5.26.26\lib\jPowerShell-3.0.jar
                                                                 [classpath] E:\environment\neo4j-community-5.26.26\lib\jline-terminal-3.21.0.jar
                                                                 [classpath] E:\environment\neo4j-community-5.26.26\lib\neo4j-cypher-physical-planning-5.26.26.jar
                                                                 [classpath] E:\environment\neo4j-community-5.26.26\lib\netty-transport-native-unix-common-4.1.133.Final.jar
                                                                 [classpath] E:\environment\neo4j-community-5.26.26\lib\jackson-jaxrs-json-provider-2.21.1.jar
                                                                 [classpath] E:\environment\neo4j-community-5.26.26\lib\shiro-crypto-core-2.1.0.jar
                                                                 [classpath] E:\environment\neo4j-community-5.26.26\lib\neo4j-cypher-javacc-parser-5.26.26.jar
                                                                 [classpath] E:\environment\neo4j-community-5.26.26\lib\jProcesses-1.6.5.jar
                                                                 [classpath] E:\environment\neo4j-community-5.26.26\lib\neo4j-import-tool-5.26.26.jar
                                                                 [classpath] E:\environment\neo4j-community-5.26.26\lib\commons-codec-1.17.1.jar
                                                                 [classpath] E:\environment\neo4j-community-5.26.26\lib\jackson-module-jaxb-annotations-2.21.1.jar
                                                                 [classpath] E:\environment\neo4j-community-5.26.26\lib\argparse4j-0.9.0.jar
                                                                 [classpath] E:\environment\neo4j-community-5.26.26\lib\istack-commons-runtime-3.0.8.jar
                                                                 [classpath] E:\environment\neo4j-community-5.26.26\lib\neo4j-logging-5.26.26.jar
                                                                 [classpath] E:\environment\neo4j-community-5.26.26\lib\cypher-v25-ast-factory-5.26.26.jar
                                                                 [classpath] E:\environment\neo4j-community-5.26.26\lib\netty-handler-4.1.133.Final.jar
                                                                 [classpath] E:\environment\neo4j-community-5.26.26\lib\jersey-server-2.46.jar
                                                                 [classpath] E:\environment\neo4j-community-5.26.26\lib\neo4j-import-api-5.26.26.jar
                                                                 [classpath] E:\environment\neo4j-community-5.26.26\lib\neo4j-cypher-config-5.26.26.jar
                                                                 [classpath] E:\environment\neo4j-community-5.26.26\lib\neo4j-kernel-api-5.26.26.jar
                                                                 [classpath] E:\environment\neo4j-community-5.26.26\lib\neo4j-cypher-runtime-util-5.26.26.jar
                                                                 [classpath] E:\environment\neo4j-community-5.26.26\lib\neo4j-common-5.26.26.jar
                                                                 [classpath] E:\environment\neo4j-community-5.26.26\lib\commons-text-1.12.0.jar
                                                                 [classpath] E:\environment\neo4j-community-5.26.26\lib\zstd-jni-1.5.6-6.jar
                                                                 [classpath] E:\environment\neo4j-community-5.26.26\lib\lucene-backward-codecs-9.11.1.jar
                                                                 [classpath] E:\environment\neo4j-community-5.26.26\lib\parquet-floor-1.62.jar
                                                                 [classpath] E:\environment\neo4j-community-5.26.26\lib\neo4j-graphdb-api-5.26.26.jar
                                                                 [classpath] E:\environment\neo4j-community-5.26.26\lib\neo4j-csv-5.26.26.jar
                                                                 [classpath] E:\environment\neo4j-community-5.26.26\lib\kiama_2.13-2.5.1.jar
                                                                 [classpath] E:\environment\neo4j-community-5.26.26\lib\hk2-utils-2.6.1.jar
                                                                 [classpath] E:\environment\neo4j-community-5.26.26\lib\FastInfoset-1.2.16.jar
                                                                 [classpath] E:\environment\neo4j-community-5.26.26\lib\neo4j-query-router-5.26.26.jar
                                                                 [classpath] E:\environment\neo4j-community-5.26.26\lib\scala-library-2.13.11.jar
                                                                 [classpath] E:\environment\neo4j-community-5.26.26\lib\neo4j-cypher-ir-5.26.26.jar
                                                                 [classpath] E:\environment\neo4j-community-5.26.26\lib\netty-resolver-4.1.133.Final.jar
                                                                 [classpath] E:\environment\neo4j-community-5.26.26\lib\caffeine-3.1.8.jar
2026-05-28 07:58:02.224+0000 INFO  [o.n.i.d.DiagnosticsManager] 
                                                                 [classpath] E:\environment\neo4j-community-5.26.26\lib\commons-io-2.17.0.jar
                                                                 [classpath] E:\environment\neo4j-community-5.26.26\lib\neo4j-procedure-5.26.26.jar
                                                                 [classpath] E:\environment\neo4j-community-5.26.26\lib\jakarta.activation-api-1.2.2.jar
                                                                 [classpath] E:\environment\neo4j-community-5.26.26\lib\jetty-session-12.1.8.jar
                                                                 [classpath] E:\environment\neo4j-community-5.26.26\lib\neo4j-data-collector-5.26.26.jar
                                                                 [classpath] E:\environment\neo4j-community-5.26.26\lib\jline-terminal-jansi-3.21.0.jar
                                                                 [classpath] E:\environment\neo4j-community-5.26.26\lib\neo4j-dbms-5.26.26.jar
                                                                 [classpath] E:\environment\neo4j-community-5.26.26\lib\javassist-3.30.2-GA.jar
                                                                 [classpath] E:\environment\neo4j-community-5.26.26\lib\shiro-crypto-hash-2.1.0.jar
                                                                 [classpath] E:\environment\neo4j-community-5.26.26\lib\shiro-hashes-argon2-2.1.0.jar
                                                                 [classpath] E:\environment\neo4j-community-5.26.26\lib\neo4j-slf4j-provider-5.26.26.jar
                                                                 [classpath] E:\environment\neo4j-community-5.26.26\lib\neo4j-lock-5.26.26.jar
                                                                 [classpath] E:\workspacce\AI\ai_kefu\local_services\*
                                                                 [classpath] E:\environment\neo4j-community-5.26.26\lib\neo4j-cloud-5.26.26.jar
                                                                 [classpath] E:\environment\neo4j-community-5.26.26\lib\neo4j-cypher-interpreted-runtime-5.26.26.jar
                                                                 [classpath] E:\environment\neo4j-community-5.26.26\lib\neo4j-push-to-cloud-5.26.26.jar
                                                                 [classpath] E:\environment\neo4j-community-5.26.26\lib\jctools-core-4.0.5.jar
                                                                 [classpath] E:\environment\neo4j-community-5.26.26\lib\txw2-2.3.2.jar
                                                                 [classpath] E:\environment\neo4j-community-5.26.26\lib\commons-configuration2-2.11.0.jar
                                                                 [classpath] E:\environment\neo4j-community-5.26.26\lib\neo4j-native-5.26.26.jar
                                                                 [classpath] E:\environment\neo4j-community-5.26.26\lib\neo4j-expressions-5.26.26.jar
                                                                 [classpath] E:\environment\neo4j-community-5.26.26\lib\neo4j-consistency-check-5.26.26.jar
                                                                 [classpath] E:\environment\neo4j-community-5.26.26\lib\netty-transport-native-epoll-4.1.133.Final-linux-aarch_64.jar
                                                                 [classpath] E:\environment\neo4j-community-5.26.26\lib\neo4j-notifications-5.26.26.jar
                                                                 [classpath] E:\environment\neo4j-community-5.26.26\lib\neo4j-exceptions-5.26.26.jar
                                                                 [classpath] E:\environment\neo4j-community-5.26.26\lib\neo4j-values-5.26.26.jar
                                                                 [classpath] E:\environment\neo4j-community-5.26.26\lib\neo4j-ssl-5.26.26.jar
                                                                 [classpath] E:\environment\neo4j-community-5.26.26\lib\jakarta.annotation-api-1.3.5.jar
                                                                 [classpath] E:\environment\neo4j-community-5.26.26\lib\neo4j-wal-5.26.26.jar
                                                                 [classpath] E:\environment\neo4j-community-5.26.26\lib\jline-reader-3.21.0.jar
                                                                 [classpath] E:\environment\neo4j-community-5.26.26\lib\annotations-5.26.26.jar
                                                                 [classpath] E:\environment\neo4j-community-5.26.26\lib\neo4j-fulltext-index-5.26.26.jar
                                                                 [classpath] E:\environment\neo4j-community-5.26.26\lib\lucene-core-9.11.1.jar
                                                                 [classpath] E:\environment\neo4j-community-5.26.26\lib\neo4j-token-api-5.26.26.jar
                                                                 [classpath] E:\environment\neo4j-community-5.26.26\lib\parquet-column-1.17.0.jar
                                                                 [classpath] E:\environment\neo4j-community-5.26.26\lib\neo4j-io-5.26.26.jar
                                                                 [classpath] E:\environment\neo4j-community-5.26.26\lib\jackson-jaxrs-base-2.21.1.jar
                                                                 [classpath] E:\environment\neo4j-community-5.26.26\lib\neo4j-codegen-5.26.26.jar
                                                                 [classpath] E:\environment\neo4j-community-5.26.26\lib\jetty-ee8-security-12.1.8.jar
                                                                 [classpath] E:\environment\neo4j-community-5.26.26\lib\jetty-util-12.1.8.jar
                                                                 [classpath] E:\environment\neo4j-community-5.26.26\lib\jetty-http-12.1.8.jar
                                                                 [classpath] E:\environment\neo4j-community-5.26.26\lib\neo4j-fabric-5.26.26.jar
                                                                 [classpath] E:\environment\neo4j-community-5.26.26\lib\antlr4-runtime-4.13.2.jar
                                                                 [classpath] E:\environment\neo4j-community-5.26.26\lib\neo4j-kernel-5.26.26.jar
                                                                 [classpath] E:\environment\neo4j-community-5.26.26\lib\jackson-annotations-2.21.jar
                                                                 [classpath] E:\environment\neo4j-community-5.26.26\lib\scala-collection-contrib_2.13-0.3.0.jar
                                                                 [classpath] E:\environment\neo4j-community-5.26.26\lib\jersey-container-servlet-2.46.jar
                                                                 [classpath] E:\environment\neo4j-community-5.26.26\lib\netty-transport-native-kqueue-4.1.133.Final-osx-x86_64.jar
                                                                 [classpath] E:\environment\neo4j-community-5.26.26\lib\neo4j-bolt-connection-netty-11.0.1.jar
                                                                 [classpath] E:\environment\neo4j-community-5.26.26\lib\neo4j-layout-5.26.26.jar
2026-05-28 07:58:02.224+0000 INFO  [o.n.i.d.DiagnosticsManager] 
                                                                 [classpath] E:\environment\neo4j-community-5.26.26\lib\neo4j-id-generator-5.26.26.jar
                                                                 [classpath] E:\environment\neo4j-community-5.26.26\lib\lucene-queryparser-9.11.1.jar
                                                                 [classpath] E:\environment\neo4j-community-5.26.26\lib\neo4j-bolt-5.26.26.jar
                                                                 [classpath] E:\environment\neo4j-community-5.26.26\lib\jts-core-1.20.0.jar
                                                                 [classpath] E:\environment\neo4j-community-5.26.26\lib\neo4j-cypher-5.26.26.jar
                                                                 [classpath] E:\environment\neo4j-community-5.26.26\lib\neo4j-bolt-connection-pooled-11.0.1.jar
                                                                 [classpath] E:\environment\neo4j-community-5.26.26\lib\ipaddress-5.5.1.jar
                                                                 [classpath] E:\environment\neo4j-community-5.26.26\lib\stax-ex-1.8.1.jar
                                                                 [classpath] E:\environment\neo4j-community-5.26.26\lib\neo4j-storage-engine-util-5.26.26.jar
                                                                 [classpath] E:\environment\neo4j-community-5.26.26\lib\server-api-5.26.26.jar
                                                                 [classpath] E:\environment\neo4j-community-5.26.26\lib\zstd-proxy-5.26.26.jar
                                                                 [classpath] E:\environment\neo4j-community-5.26.26\lib\log4j-layout-template-json-2.25.4.jar
                                                                 [classpath] E:\environment\neo4j-community-5.26.26\lib\cypher-parser-factory-5.26.26.jar
                                                                 [classpath] E:\environment\neo4j-community-5.26.26\lib\neo4j-schema-5.26.26.jar
                                                                 [classpath] E:\environment\neo4j-community-5.26.26\lib\log4j-core-2.25.4.jar
                                                                 [classpath] E:\environment\neo4j-community-5.26.26\lib\neo4j-bolt-connection-11.0.1.jar
                                                                 [classpath] E:\environment\neo4j-community-5.26.26\lib\parquet-format-structures-1.17.0.jar
                                                                 [classpath] E:\environment\neo4j-community-5.26.26\lib\neo4j-capabilities-5.26.26.jar
                                                                 [classpath] E:\environment\neo4j-community-5.26.26\lib\hk2-locator-2.6.1.jar
                                                                 [classpath] E:\environment\neo4j-community-5.26.26\lib\neo4j-graph-algo-5.26.26.jar
                                                                 [classpath] E:\environment\neo4j-community-5.26.26\lib\cypher-antlr-ast-common-5.26.26.jar
                                                                 [classpath] E:\environment\neo4j-community-5.26.26\lib\cypher-ast-factory-5.26.26.jar
                                                                 [classpath] E:\environment\neo4j-community-5.26.26\lib\parquet-hadoop-1.17.0.jar
                                                                 [classpath] E:\environment\neo4j-community-5.26.26\lib\jetty-http2-server-12.1.8.jar
                                                                 [classpath] E:\environment\neo4j-community-5.26.26\lib\jakarta.ws.rs-api-2.1.6.jar
                                                                 [classpath] E:\environment\neo4j-community-5.26.26\lib\netty-transport-native-epoll-4.1.133.Final-linux-x86_64.jar
                                                                 [classpath] E:\environment\neo4j-community-5.26.26\lib\jansi-2.4.0.jar
                                                                 [classpath] E:\environment\neo4j-community-5.26.26\lib\neo4j-rewriting-5.26.26.jar
                                                                 [classpath] E:\environment\neo4j-community-5.26.26\lib\neo4j-cypher-ast-factory-5.26.26.jar
                                                                 [classpath] E:\environment\neo4j-community-5.26.26\lib\neo4j-cypher-planner-spi-5.26.26.jar
                                                                 [classpath] E:\environment\neo4j-community-5.26.26\lib\neo4j-ast-5.26.26.jar
                                                                 [classpath] E:\environment\neo4j-community-5.26.26\lib\neo4j-cypher-rendering-5.26.26.jar
                                                                 [classpath] E:\environment\neo4j-community-5.26.26\lib\magnolia_2.13-1.1.8.jar
                                                                 [classpath] E:\environment\neo4j-community-5.26.26\lib\neo4j-collections-5.26.26.jar
                                                                 [classpath] E:\environment\neo4j-community-5.26.26\lib\neo4j-cypher-slotted-runtime-5.26.26.jar
                                                                 [classpath] E:\environment\neo4j-community-5.26.26\lib\reactor-core-3.7.12.jar
                                                                 [classpath] E:\environment\neo4j-community-5.26.26\lib\cypher-parser-ast-common-5.26.26.jar
                                                                 [classpath] E:\environment\neo4j-community-5.26.26\lib\neo4j-util-5.26.26.jar
                                                                 [classpath] E:\environment\neo4j-community-5.26.26\lib\jetty-ee8-webapp-12.1.8.jar
                                                                 [classpath] E:\environment\neo4j-community-5.26.26\lib\netty-buffer-4.1.133.Final.jar
                                                                 [classpath] E:\environment\neo4j-community-5.26.26\lib\cypher-v25-antlr-parser-5.26.26.jar
                                                                 [classpath] E:\environment\neo4j-community-5.26.26\lib\picocli-4.7.6.jar
                                                                 [classpath] E:\environment\neo4j-community-5.26.26\lib\neo4j-server-5.26.26.jar
                                                                 [classpath] E:\environment\neo4j-community-5.26.26\lib\netty-codec-4.1.133.Final.jar
                                                                 [classpath] E:\environment\neo4j-community-5.26.26\lib\jetty-xml-12.1.8.jar
                                                                 [classpath] E:\environment\neo4j-community-5.26.26\lib\neo4j-diagnostics-5.26.26.jar
                                                                 [classpath] E:\environment\neo4j-community-5.26.26\lib\parquet-encoding-1.17.0.jar
                                                                 [classpath] E:\environment\neo4j-community-5.26.26\lib\neo4j-java-driver-5.28.13.jar
                                                                 [classpath] E:\environment\neo4j-community-5.26.26\lib\neo4j-lucene-index-5.26.26.jar
                                                                 [classpath] E:\environment\neo4j-community-5.26.26\lib\eclipse-collections-api-11.1.0.jar
2026-05-28 07:58:02.224+0000 INFO  [o.n.i.d.DiagnosticsManager] 
                                                                 [classpath] E:\environment\neo4j-community-5.26.26\lib\neo4j-command-line-5.26.26.jar
                                                                 [classpath] E:\environment\neo4j-community-5.26.26\lib\parquet-common-1.17.0.jar
                                                                 [classpath] E:\environment\neo4j-community-5.26.26\lib\jetty-alpn-server-12.1.8.jar
                                                                 [classpath] E:\environment\neo4j-community-5.26.26\lib\jersey-container-servlet-core-2.46.jar
                                                                 [classpath] E:\environment\neo4j-community-5.26.26\lib\neo4j-index-5.26.26.jar
                                                                 [classpath] E:\environment\neo4j-community-5.26.26\lib\jetty-ee-webapp-12.1.8.jar
                                                                 [classpath] E:\environment\neo4j-community-5.26.26\lib\neo4j-cypher-expression-evaluator-5.26.26.jar
                                                                 [classpath] E:\environment\neo4j-community-5.26.26\lib\neo4j-cypher-macros-5.26.26.jar
                                                                 [classpath] E:\environment\neo4j-community-5.26.26\lib\neo4j-security-5.26.26.jar
                                                                 [classpath] E:\environment\neo4j-community-5.26.26\lib\jetty-ee8-nested-12.1.8.jar
                                                                 [classpath] E:\environment\neo4j-community-5.26.26\lib\neo4j-cypher-logical-plans-5.26.26.jar
                                                                 [classpath] E:\environment\neo4j-community-5.26.26\lib\cypher-parser-common-5.26.26.jar
                                                                 [classpath] E:\environment\neo4j-community-5.26.26\lib\shiro-event-2.1.0.jar
                                                                 [classpath] E:\environment\neo4j-community-5.26.26\lib\jakarta.validation-api-2.0.2.jar
                                                                 [classpath] E:\environment\neo4j-community-5.26.26\lib\cypher-v5-literal-interpreter-5.26.26.jar
                                                                 [classpath] E:\environment\neo4j-community-5.26.26\lib\commons-logging-1.3.4.jar
                                                                 [classpath] E:\environment\neo4j-community-5.26.26\lib\snappy-java-1.1.10.7.jar
                                                                 [classpath] E:\environment\neo4j-community-5.26.26\lib\javax.annotation-api-1.3.2.jar
                                                                 [classpath] E:\environment\neo4j-community-5.26.26\lib\netty-codec-http-4.1.133.Final.jar
                                                                 [classpath] E:\environment\neo4j-community-5.26.26\lib\neo4j-cypher-planner-5.26.26.jar
                                                                 [classpath] E:\environment\neo4j-community-5.26.26\lib\netty-transport-native-kqueue-4.1.133.Final-osx-aarch_64.jar
                                                                 [classpath] E:\environment\neo4j-community-5.26.26\lib\jetty-io-12.1.8.jar
                                                                 [classpath] E:\environment\neo4j-community-5.26.26\lib\netty-tcnative-classes-2.0.77.Final.jar
                                                                 [classpath] E:\environment\neo4j-community-5.26.26\lib\hk2-api-2.6.1.jar
                                                                 [classpath] E:\environment\neo4j-community-5.26.26\lib\commons-lang3-3.18.0.jar
                                                                 [classpath] E:\environment\neo4j-community-5.26.26\lib\neo4j-gql-status-5.26.26.jar
                                                                 [classpath] E:\environment\neo4j-community-5.26.26\lib\netty-transport-classes-epoll-4.1.133.Final.jar
                                                                 [classpath] E:\environment\neo4j-community-5.26.26\lib\neo4j-cypher-cache-5.26.26.jar
                                                                 [classpath] E:\environment\neo4j-community-5.26.26\lib\reactive-streams-1.0.4.jar
                                                                 [classpath] E:\environment\neo4j-community-5.26.26\lib\netty-transport-4.1.133.Final.jar
                                                                 [classpath] E:\environment\neo4j-community-5.26.26\lib\neo4j-monitoring-5.26.26.jar
                                                                 [classpath] E:\environment\neo4j-community-5.26.26\lib\jersey-client-2.46.jar
                                                                 [classpath] E:\environment\neo4j-community-5.26.26\lib\lucene-analysis-common-9.11.1.jar
                                                                 [classpath] E:\environment\neo4j-community-5.26.26\lib\scala-reflect-2.13.11.jar
                                                                 [classpath] E:\environment\neo4j-community-5.26.26\lib\jersey-hk2-2.46.jar
                                                                 [classpath] E:\environment\neo4j-community-5.26.26\lib\jetty-ee8-servlet-12.1.8.jar
                                                                 [classpath] E:\environment\neo4j-community-5.26.26\lib\jetty-servlet-api-4.0.9.jar
                                                                 [classpath] E:\environment\neo4j-community-5.26.26\lib\jaxb-runtime-2.3.2.jar
                                                                 [classpath] E:\environment\neo4j-community-5.26.26\lib\shiro-config-core-2.1.0.jar
                                                                 [classpath] E:\environment\neo4j-community-5.26.26\lib\jetty-server-12.1.8.jar
                                                                 [classpath] E:\environment\neo4j-community-5.26.26\lib\shiro-hashes-bcrypt-2.1.0.jar
                                                                 [classpath] E:\environment\neo4j-community-5.26.26\lib\neo4j-concurrent-5.26.26.jar
                                                                 [classpath] E:\environment\neo4j-community-5.26.26\lib\WMI4Java-1.6.3.jar
                                                                 [classpath] E:\environment\neo4j-community-5.26.26\lib\neo4j-spatial-index-5.26.26.jar
                                                                 [classpath] E:\environment\neo4j-community-5.26.26\lib\neo4j-record-storage-engine-5.26.26.jar
                                                                 [classpath] E:\environment\neo4j-community-5.26.26\lib\log4j-api-2.25.4.jar
                                                                 [classpath] E:\environment\neo4j-community-5.26.26\lib\cypher-shell-5.26.26.jar
                                                                 [classpath] E:\environment\neo4j-community-5.26.26\lib\jna-5.15.0.jar
                                                                 [classpath] E:\environment\neo4j-community-5.26.26\lib\netty-transport-classes-kqueue-4.1.133.Final.jar
                                                                 [classpath] E:\environment\neo4j-community-5.26.26\lib\cypher-v5-ast-factory-5.26.26.jar
2026-05-28 07:58:02.224+0000 INFO  [o.n.i.d.DiagnosticsManager] 
                                                                 [classpath] E:\environment\neo4j-community-5.26.26\lib\neo4j-bootcheck-5.26.26.jar
                                                                 [classpath] E:\environment\neo4j-community-5.26.26\lib\commons-compress-1.27.1.jar
                                                                 [classpath] E:\environment\neo4j-community-5.26.26\lib\cypher-v25-parser-listener-5.26.26.jar
                                                                 [classpath] E:\environment\neo4j-community-5.26.26\lib\shiro-lang-2.1.0.jar
                                                                 [classpath] E:\environment\neo4j-community-5.26.26\lib\jackson-core-2.21.1.jar
                                                                 [classpath] E:\environment\neo4j-community-5.26.26\lib\cypher-antlr-common-5.26.26.jar
                                                                 [classpath] E:\environment\neo4j-community-5.26.26\lib\shiro-cache-2.1.0.jar
                                                                 [classpath] E:\environment\neo4j-community-5.26.26\lib\neo4j-udc-5.26.26.jar
                                                                 [classpath] E:\environment\neo4j-community-5.26.26\lib\jakarta.inject-2.6.1.jar
                                                                 [classpath] E:\environment\neo4j-community-5.26.26\lib\neo4j-cypher-dsl-2024.2.0.jar
                                                                 [classpath] E:\environment\neo4j-community-5.26.26\lib\jersey-common-2.46.jar
                                                                 [classpath] E:\environment\neo4j-community-5.26.26\lib\jackson-databind-2.21.1.jar
                                                                 [classpath] E:\environment\neo4j-community-5.26.26\lib\netty-common-4.1.133.Final.jar
                                                                 [classpath] E:\environment\neo4j-community-5.26.26\lib\neo4j-5.26.26.jar
                                                                 [classpath] E:\environment\neo4j-community-5.26.26\lib\parquet-jackson-1.17.0.jar
                                                                 [classpath] E:\environment\neo4j-community-5.26.26\lib\neo4j-front-end-5.26.26.jar
                                                                 [classpath] E:\environment\neo4j-community-5.26.26\lib\neo4j-configuration-5.26.26.jar
                                                                 [classpath] E:\environment\neo4j-community-5.26.26\lib\eclipse-collections-11.1.0.jar
                                                                 [classpath] E:\environment\neo4j-community-5.26.26\lib\jetty-security-12.1.8.jar
                                                                 [classpath] E:\environment\neo4j-community-5.26.26\lib\jetty-alpn-java-server-12.1.8.jar
                                                                 [classpath] E:\environment\neo4j-community-5.26.26\lib\slf4j-api-2.0.9.jar
                                                                 [classpath] E:\environment\neo4j-community-5.26.26\lib\cypher-v5-parser-listener-5.26.26.jar
                                                                 [classpath] E:\environment\neo4j-community-5.26.26\lib\shiro-crypto-cipher-2.1.0.jar
                                                                 [classpath] E:\environment\neo4j-community-5.26.26\lib\jakarta.xml.bind-api-2.3.2.jar
                                                                 [classpath] E:\environment\neo4j-community-5.26.26\lib\cypher-v5-antlr-parser-5.26.26.jar
                                                                
2026-05-28 07:58:02.224+0000 INFO  [o.n.i.d.DiagnosticsManager] 
                                                                --------------------------------------------------------------------------------
                                                                                                [ Library path ]                                
                                                                --------------------------------------------------------------------------------
                                                                E:\environment\jdk21\bin
                                                                C:\Windows\Sun\Java\bin
                                                                C:\Windows\System32
                                                                C:\Windows
                                                                C:\Users\14609\AppData\Roaming\Code\User\globalStorage\github.copilot-chat\debugCommand
                                                                C:\Users\14609\AppData\Roaming\Code\User\globalStorage\github.copilot-chat\copilotCli
                                                                E:\environment\vmwareWorkstation176\bin
                                                                C:\Program Files\Common Files\Oracle\Java\javapath_target_16739812
                                                                C:\Program Files\NVIDIA GPU Computing Toolkit\CUDA\v12.5\bin
                                                                C:\Program Files\NVIDIA GPU Computing Toolkit\CUDA\v12.5\libnvvp
                                                                E:\environment\jdk21\bin
2026-05-28 07:58:02.224+0000 INFO  [o.n.i.d.DiagnosticsManager] 
                                                                --------------------------------------------------------------------------------
                                                                                             [ System properties ]                              
                                                                --------------------------------------------------------------------------------
                                                                sun.cpu.isalist = amd64
                                                                sun.jnu.encoding = GBK
                                                                sun.arch.data.model = 64
                                                                user.variant = 
                                                                user.timezone = Asia/Shanghai
                                                                sun.java.launcher = SUN_STANDARD
                                                                user.country = CN
                                                                sun.boot.library.path = E:\environment\jdk21\bin
                                                                sun.java.command = org.neo4j.server.CommunityEntryPoint --home-dir=E:\environment\neo4j-community-5.26.26 --config-dir=E:\workspacce\AI\ai_kefu\local_services --console-mode
                                                                jdk.debug = release
                                                                sun.cpu.endian = little
                                                                user.home = C:\Users\14609
                                                                user.language = zh
                                                                file.separator = \
                                                                user.script = 
                                                                sun.management.compiler = HotSpot 64-Bit Tiered Compilers
                                                                user.name = 14609
                                                                stdout.encoding = ms936
                                                                path.separator = ;
                                                                file.encoding = UTF-8
                                                                jnidispatch.path = C:\temp\jna-46855100\jna10692294613116877519.dll
                                                                jna.loaded = true
                                                                user.dir = E:\environment\neo4j-community-5.26.26
                                                                sun.os.patch.level = 
                                                                native.encoding = GBK
                                                                stderr.encoding = ms936
                                                                sun.io.unicode.encoding = UnicodeLittle
                                                                
2026-05-28 07:58:02.224+0000 INFO  [o.n.i.d.DiagnosticsManager] 
                                                                --------------------------------------------------------------------------------
                                                                                      [ (IANA) TimeZone database version ]                      
                                                                --------------------------------------------------------------------------------
                                                                  TimeZone version: 2025a (available for 603 zone identifiers)
                                                                
2026-05-28 07:58:02.224+0000 INFO  [o.n.i.d.DiagnosticsManager] 
                                                                --------------------------------------------------------------------------------
                                                                                            [ Network information ]                             
                                                                --------------------------------------------------------------------------------
                                                                Interface Hyper-V Virtual Switch Extension Adapter-Hyper-V Virtual Switch Extension Filter-0000:
                                                                Interface Hyper-V Virtual Ethernet Adapter-WFP Native MAC Layer LightWeight Filter-0000:
                                                                Interface Hyper-V Virtual Ethernet Adapter-QoS Packet Scheduler-0000:
                                                                Interface Hyper-V Virtual Ethernet Adapter-WFP 802.3 MAC Layer LightWeight Filter-0000:
                                                                Interface Hyper-V Virtual Switch Extension Adapter #2-Hyper-V Virtual Switch Extension Filter-0000:
                                                                Interface Hyper-V Virtual Switch Extension Adapter #2-Virtual Filtering Platform VMSwitch Extension-0000:
                                                                Interface Killer E2600 Gigabit Ethernet Controller-WFP Native MAC Layer LightWeight Filter-0000:
                                                                Interface Killer E2600 Gigabit Ethernet Controller-QoS Packet Scheduler-0000:
                                                                Interface Killer E2600 Gigabit Ethernet Controller-WFP 802.3 MAC Layer LightWeight Filter-0000:
                                                                Interface WAN Miniport (IP)-WFP Native MAC Layer LightWeight Filter-0000:
                                                                Interface WAN Miniport (IP)-QoS Packet Scheduler-0000:
                                                                Interface WAN Miniport (IPv6)-WFP Native MAC Layer LightWeight Filter-0000:
                                                                Interface WAN Miniport (IPv6)-QoS Packet Scheduler-0000:
                                                                Interface WAN Miniport (Network Monitor)-WFP Native MAC Layer LightWeight Filter-0000:
                                                                Interface WAN Miniport (Network Monitor)-QoS Packet Scheduler-0000:
                                                                Interface Microsoft Kernel Debug Network Adapter:
                                                                Interface Killer E2600 Gigabit Ethernet Controller:
                                                                    address: fe80:0:0:0:e80a:e4ff:a399:c282%ethernet_32769
                                                                Interface Bluetooth Device (Personal Area Network):
                                                                    address: fe80:0:0:0:b114:49f1:455c:195b%ethernet_32770
                                                                Interface Hyper-V Virtual Switch Extension Adapter:
                                                                Interface Hyper-V Virtual Ethernet Adapter:
                                                                    address: fe80:0:0:0:30ed:d8f7:7793:5a54%ethernet_32772
                                                                    address: 172.17.32.1
                                                                Interface Hyper-V Virtual Switch Extension Adapter #2:
                                                                Interface VMware Virtual Ethernet Adapter for VMnet1:
                                                                    address: fe80:0:0:0:18b9:ad5:d6dc:de66%ethernet_32774
                                                                    address: 192.168.171.1
                                                                Interface VMware Virtual Ethernet Adapter for VMnet8:
                                                                    address: fe80:0:0:0:e705:ffa9:55f8:2a02%ethernet_32775
                                                                    address: 192.168.137.1
                                                                Interface WAN Miniport (IP):
                                                                Interface WAN Miniport (IPv6):
                                                                Interface WAN Miniport (Network Monitor):
                                                                Interface WAN Miniport (PPPOE):
                                                                Interface Software Loopback Interface 1:
                                                                    address: 0:0:0:0:0:0:0:1
                                                                    address: 127.0.0.1
                                                                Interface CheekyMonkey-TAP:
                                                                Interface Wintun Userspace Tunnel:
                                                                    address: fe80:0:0:0:ff8e:f2e9:f3f7:2e91%iftype53_32769
                                                                Interface Intel(R) Wi-Fi 6 AX201 160MHz-WFP Native MAC Layer LightWeight Filter-0000:
                                                                Interface Intel(R) Wi-Fi 6 AX201 160MHz-Virtual WiFi Filter Driver-0000:
                                                                Interface Intel(R) Wi-Fi 6 AX201 160MHz-Native WiFi Filter Driver-0000:
                                                                Interface Intel(R) Wi-Fi 6 AX201 160MHz-QoS Packet Scheduler-0000:
                                                                Interface Intel(R) Wi-Fi 6 AX201 160MHz-WFP 802.3 MAC Layer LightWeight Filter-0000:
                                                                Interface Microsoft Wi-Fi Direct Virtual Adapter #3-WFP Native MAC Layer LightWeight Filter-0000:
                                                                Interface Microsoft Wi-Fi Direct Virtual Adapter #3-Native WiFi Filter Driver-0000:
                                                                Interface Microsoft Wi-Fi Direct Virtual Adapter #3-QoS Packet Scheduler-0000:
                                                                Interface Microsoft Wi-Fi Direct Virtual Adapter #3-WFP 802.3 MAC Layer LightWeight Filter-0000:
                                                                Interface Microsoft Wi-Fi Direct Virtual Adapter #4-WFP Native MAC Layer LightWeight Filter-0000:
                                                                Interface Microsoft Wi-Fi Direct Virtual Adapter #4-Native WiFi Filter Driver-0000:
                                                                Interface Microsoft Wi-Fi Direct Virtual Adapter #4-QoS Packet Scheduler-0000:
                                                                Interface Microsoft Wi-Fi Direct Virtual Adapter #4-WFP 802.3 MAC Layer LightWeight Filter-0000:
                                                                Interface Intel(R) Wi-Fi 6 AX201 160MHz:
                                                                    address: fe80:0:0:0:8108:76e:bba7:1752%wireless_32768
                                                                    address: 100.70.214.83
                                                                Interface Microsoft Wi-Fi Direct Virtual Adapter:
                                                                Interface Microsoft Wi-Fi Direct Virtual Adapter #2:
                                                                Interface Microsoft Wi-Fi Direct Virtual Adapter #3:
                                                                    address: fe80:0:0:0:60c1:38d1:7709:e7b4%wireless_32771
                                                                Interface Microsoft Wi-Fi Direct Virtual Adapter #4:
                                                                    address: fe80:0:0:0:a77f:466d:be29:8451%wireless_32772
                                                                Interface Microsoft Teredo Tunneling Adapter:
                                                                Interface Microsoft IP-HTTPS Platform Adapter:
                                                                Interface Microsoft 6to4 Adapter:
                                                                Interface WAN Miniport (SSTP):
                                                                Interface WAN Miniport (IKEv2):
                                                                Interface WAN Miniport (L2TP):
                                                                Interface WAN Miniport (PPTP):
                                                                
2026-05-28 07:58:02.224+0000 INFO  [o.n.i.d.DiagnosticsManager] 
                                                                --------------------------------------------------------------------------------
                                                                                         [ Native access information ]                          
                                                                --------------------------------------------------------------------------------
                                                                Native access details: Native access is not available for current platform.
                                                                
2026-05-28 07:58:02.224+0000 INFO  [o.n.i.d.DiagnosticsManager] 
                                                                --------------------------------------------------------------------------------
                                                                                                [ DBMS config ]                                 
                                                                --------------------------------------------------------------------------------
                                                                DBMS provided settings:
                                                                dbms.security.auth_enabled=true
                                                                dbms.usage_report.enabled=false
                                                                initial.dbms.default_database=neo4j
                                                                server.bolt.enabled=true
                                                                server.bolt.listen_address=127.0.0.1:7687
                                                                server.default_advertised_address=localhost
                                                                server.default_listen_address=127.0.0.1
                                                                server.directories.data=E:\workspacce\AI\ai_kefu\.data\neo4j-win\data
                                                                server.directories.import=E:\workspacce\AI\ai_kefu\.data\neo4j-win\import
                                                                server.directories.lib=E:\environment\neo4j-community-5.26.26\lib
                                                                server.directories.logs=E:\workspacce\AI\ai_kefu\.data\logs\neo4j
                                                                server.directories.neo4j_home=E:\environment\neo4j-community-5.26.26
                                                                server.directories.plugins=E:\workspacce\AI\ai_kefu\.data\neo4j-win\plugins
                                                                server.directories.run=E:\workspacce\AI\ai_kefu\.data\run\neo4j
                                                                server.http.enabled=true
                                                                server.http.listen_address=127.0.0.1:7474
                                                                server.https.enabled=false
                                                                server.logs.config=E:\environment\neo4j-community-5.26.26\conf\server-logs.xml
                                                                server.logs.user.config=E:\environment\neo4j-community-5.26.26\conf\user-logs.xml
                                                                server.memory.heap.initial_size=512.00MiB
                                                                server.memory.heap.max_size=512.00MiB
                                                                server.memory.pagecache.size=512.00MiB
                                                                Directories in use:
                                                                server.directories.data=E:\workspacce\AI\ai_kefu\.data\neo4j-win\data
                                                                server.directories.dumps.root=E:\workspacce\AI\ai_kefu\.data\neo4j-win\data\dumps
                                                                server.directories.import=E:\workspacce\AI\ai_kefu\.data\neo4j-win\import
                                                                server.directories.lib=E:\environment\neo4j-community-5.26.26\lib
                                                                server.directories.licenses=E:\environment\neo4j-community-5.26.26\licenses
                                                                server.directories.logs=E:\workspacce\AI\ai_kefu\.data\logs\neo4j
                                                                server.directories.plugins=E:\workspacce\AI\ai_kefu\.data\neo4j-win\plugins
                                                                server.directories.run=E:\workspacce\AI\ai_kefu\.data\run\neo4j
                                                                server.directories.script.root=E:\workspacce\AI\ai_kefu\.data\neo4j-win\data\scripts
                                                                server.directories.transaction.logs.root=E:\workspacce\AI\ai_kefu\.data\neo4j-win\data\transactions
                                                                
2026-05-28 07:58:02.224+0000 INFO  [o.n.i.d.DiagnosticsManager] 
                                                                --------------------------------------------------------------------------------
                                                                                                 [ Packaging ]                                  
                                                                --------------------------------------------------------------------------------
                                                                Edition: Community
                                                                Package Type: tar
                                                                
2026-05-28 07:58:02.281+0000 INFO  [o.n.d.i.DefaultIdentityModule] Found ServerId on disk: ServerId{87a18c1d} (87a18c1d-6ad9-4de0-9534-03ff935dae9f)
2026-05-28 07:58:02.281+0000 INFO  [o.n.d.i.DefaultIdentityModule] This instance is ServerId{87a18c1d} (87a18c1d-6ad9-4de0-9534-03ff935dae9f)
2026-05-28 07:58:03.832+0000 INFO  [o.n.s.CommunityNeoWebServer] ======== Neo4j 5.26.26 ========
2026-05-28 07:58:03.855+0000 INFO  [o.n.d.d.DatabaseLifecycles] Creating 'DatabaseId{00000000[system]}'.
2026-05-28 07:58:04.239+0000 INFO  [o.n.b.BoltServer] Using connector transport NIO
2026-05-28 07:58:04.406+0000 INFO  [o.n.b.BoltServer] Configured external Bolt connector with listener address /127.0.0.1:7687
2026-05-28 07:58:04.406+0000 INFO  [o.n.b.BoltServer] Bolt server loaded
2026-05-28 07:58:04.439+0000 INFO  [o.n.d.d.DatabaseLifecycles] Starting 'DatabaseId{00000000[system]}'.
2026-05-28 07:58:05.168+0000 INFO  [o.n.k.i.t.l.f.c.CheckpointLogFile] [system/00000000] Scanning log file with version 0 for checkpoint entries
2026-05-28 07:58:05.216+0000 INFO  [o.n.k.i.s.f.RecordFormatSelector] [system/00000000] Selected RecordFormat:PageAlignedV5_0[aligned-1.1] record format from store E:\workspacce\AI\ai_kefu\.data\neo4j-win\data\databases\system
2026-05-28 07:58:05.216+0000 INFO  [o.n.k.i.s.f.RecordFormatSelector] [system/00000000] Selected format from the store files: RecordFormat:PageAlignedV5_0[aligned-1.1]
2026-05-28 07:58:05.847+0000 INFO  [o.n.i.d.DiagnosticsManager] [system/00000000] 
                                                                [system/00000000] ********************************************************************************
                                                                [system/00000000]                               [ Database: system ]                              
                                                                [system/00000000] ********************************************************************************
                                                                [system/00000000] --------------------------------------------------------------------------------
                                                                [system/00000000]                                   [ Version ]                                   
                                                                [system/00000000] --------------------------------------------------------------------------------
                                                                [system/00000000] DBMS: community record-aligned-1.1
                                                                [system/00000000] Kernel version: 5.26.26
                                                                [system/00000000] 
                                                                [system/00000000] --------------------------------------------------------------------------------
                                                                [system/00000000]                                 [ Store files ]                                 
                                                                [system/00000000] --------------------------------------------------------------------------------
                                                                [system/00000000] Disk space on partition (Total / Free / Free %): 952245415936 / 177904926720 / 18
                                                                [system/00000000] Storage files stored on file store: NTFS
                                                                [system/00000000] Storage files: (filename : modification date - size)
                                                                [system/00000000]   database_lock: 2026-05-13 09:29:13.050+0000 - 0B
                                                                [system/00000000]   id-buffer.tmp.0: 2026-05-27 09:05:24.833+0000 - 0B
                                                                [system/00000000]   neostore: 2026-05-13 09:29:12.849+0000 - 8.000KiB
                                                                [system/00000000]   neostore.counts.db: 2026-05-28 07:58:05.656+0000 - 48.00KiB
                                                                [system/00000000]   neostore.indexstats.db: 2026-05-28 07:58:05.704+0000 - 48.00KiB
                                                                [system/00000000]   neostore.labeltokenstore.db: 2026-05-13 09:44:13.709+0000 - 8.000KiB
                                                                [system/00000000]   neostore.labeltokenstore.db.id: 2026-05-28 07:58:05.571+0000 - 40.00KiB
                                                                [system/00000000]   neostore.labeltokenstore.db.names: 2026-05-13 09:44:13.708+0000 - 8.000KiB
                                                                [system/00000000]   neostore.labeltokenstore.db.names.id: 2026-05-28 07:58:05.545+0000 - 40.00KiB
                                                                [system/00000000]   neostore.nodestore.db: 2026-05-13 09:44:13.713+0000 - 8.000KiB
                                                                [system/00000000]   neostore.nodestore.db.id: 2026-05-28 07:58:05.339+0000 - 40.00KiB
                                                                [system/00000000]   neostore.nodestore.db.labels: 2026-05-13 09:29:12.798+0000 - 8.000KiB
                                                                [system/00000000]   neostore.nodestore.db.labels.id: 2026-05-28 07:58:05.292+0000 - 40.00KiB
                                                                [system/00000000]   neostore.propertystore.db: 2026-05-13 09:44:13.712+0000 - 8.000KiB
                                                                [system/00000000]   neostore.propertystore.db.arrays: 2026-05-13 09:29:12.817+0000 - 8.000KiB
                                                                [system/00000000]   neostore.propertystore.db.arrays.id: 2026-05-28 07:58:05.434+0000 - 40.00KiB
                                                                [system/00000000]   neostore.propertystore.db.id: 2026-05-28 07:58:05.456+0000 - 40.00KiB
                                                                [system/00000000]   neostore.propertystore.db.index: 2026-05-13 09:44:13.711+0000 - 8.000KiB
                                                                [system/00000000]   neostore.propertystore.db.index.id: 2026-05-28 07:58:05.386+0000 - 40.00KiB
                                                                [system/00000000]   neostore.propertystore.db.index.keys: 2026-05-13 09:44:13.707+0000 - 8.000KiB
                                                                [system/00000000]   neostore.propertystore.db.index.keys.id: 2026-05-28 07:58:05.365+0000 - 40.00KiB
                                                                [system/00000000]   neostore.propertystore.db.strings: 2026-05-13 09:44:13.713+0000 - 8.000KiB
                                                                [system/00000000]   neostore.propertystore.db.strings.id: 2026-05-28 07:58:05.402+0000 - 40.00KiB
                                                                [system/00000000]   neostore.relationshipgroupstore.db: 2026-05-13 09:29:12.840+0000 - 8.000KiB
                                                                [system/00000000]   neostore.relationshipgroupstore.db.id: 2026-05-28 07:58:05.608+0000 - 40.00KiB
                                                                [system/00000000]   neostore.relationshipgroupstore.degrees.db: 2026-05-28 07:58:05.681+0000 - 40.00KiB
                                                                [system/00000000]   neostore.relationshipstore.db: 2026-05-13 09:44:13.714+0000 - 8.000KiB
                                                                [system/00000000]   neostore.relationshipstore.db.id: 2026-05-28 07:58:05.478+0000 - 40.00KiB
                                                                [system/00000000]   neostore.relationshiptypestore.db: 2026-05-13 09:44:13.716+0000 - 8.000KiB
                                                                [system/00000000]   neostore.relationshiptypestore.db.id: 2026-05-28 07:58:05.524+0000 - 40.00KiB
                                                                [system/00000000]   neostore.relationshiptypestore.db.names: 2026-05-13 09:44:13.715+0000 - 8.000KiB
                                                                [system/00000000]   neostore.relationshiptypestore.db.names.id: 2026-05-28 07:58:05.501+0000 - 40.00KiB
                                                                [system/00000000]   neostore.schemastore.db: 2026-05-13 09:44:13.710+0000 - 8.000KiB
                                                                [system/00000000]   neostore.schemastore.db.id: 2026-05-28 07:58:05.592+0000 - 40.00KiB
                                                                [system/00000000]   schema:
                                                                [system/00000000]     index:
                                                                [system/00000000]       range-1.0:
                                                                [system/00000000]         3:
                                                                [system/00000000]           index-3: 2026-05-27 09:05:24.714+0000 - 48.00KiB
                                                                [system/00000000]         - Total: 2026-05-13 09:29:13.692+0000 - 48.00KiB
                                                                [system/00000000]         4:
                                                                [system/00000000]           index-4: 2026-05-27 09:05:24.742+0000 - 48.00KiB
                                                                [system/00000000]         - Total: 2026-05-13 09:29:13.767+0000 - 48.00KiB
                                                                [system/00000000]         7:
                                                                [system/00000000]           index-7: 2026-05-27 09:05:24.771+0000 - 48.00KiB
                                                                [system/00000000]         - Total: 2026-05-13 09:29:13.948+0000 - 48.00KiB
                                                                [system/00000000]         8:
                                                                [system/00000000]           index-8: 2026-05-27 09:05:24.797+0000 - 48.00KiB
                                                                [system/00000000]         - Total: 2026-05-13 09:29:13.977+0000 - 48.00KiB
                                                                [system/00000000]         9:
                                                                [system/00000000]           index-9: 2026-05-27 09:05:24.821+0000 - 48.00KiB
                                                                [system/00000000]         - Total: 2026-05-13 09:29:14.006+0000 - 48.00KiB
                                                                [system/00000000]       - Total: 2026-05-13 09:29:14.005+0000 - 240.0KiB
                                                                [system/00000000]       token-lookup-1.0:
                                                                [system/00000000]         1:
                                                                [system/00000000]           index-1: 2026-05-27 09:05:24.611+0000 - 48.00KiB
                                                                [system/00000000]         - Total: 2026-05-13 09:29:13.488+0000 - 48.00KiB
                                                                [system/00000000]         2:
                                                                [system/00000000]           index-2: 2026-05-27 09:05:24.650+0000 - 48.00KiB
                                                                [system/00000000]         - Total: 2026-05-13 09:29:13.407+0000 - 48.00KiB
                                                                [system/00000000]       - Total: 2026-05-13 09:29:13.487+0000 - 96.00KiB
                                                                [system/00000000]     - Total: 2026-05-13 09:29:13.691+0000 - 336.0KiB
                                                                [system/00000000]   - Total: 2026-05-13 09:29:13.403+0000 - 336.0KiB
                                                                [system/00000000] Storage summary: 
                                                                [system/00000000]   Total size of store: 1.125MiB
                                                                [system/00000000]   Total size of mapped files: 456.0KiB
                                                                [system/00000000] 
                                                                [system/00000000] --------------------------------------------------------------------------------
                                                                [system/00000000]                               [ Transaction log ]                               
                                                                [system/00000000] --------------------------------------------------------------------------------
                                                                [system/00000000] Transaction log files stored on file store: NTFS
                                                                [system/00000000] Transaction log metadata:
                                                                [system/00000000]  - current kernel version used in transactions: V5_25
                                                                [system/00000000]  - last committed transaction id: 41
                                                                [system/00000000] Transaction log files:
                                                                [system/00000000]  - existing transaction log versions: 0-0
                                                                [system/00000000]  - oldest append index 2 found in log with version 0
                                                                [system/00000000]  - files: (filename : creation date - size)
                                                                [system/00000000]      neostore.transaction.db.0: 2026-05-13 09:29:13.075+0000 - 23.46KiB
                                                                [system/00000000]  - total size of files: 23.46KiB
                                                                [system/00000000] Checkpoint log files:
                                                                [system/00000000]  - existing checkpoint log versions: 0-0
                                                                [system/00000000]  - last checkpoint: CheckpointInfo[oldestNotVisibleTransactionLogPosition=LogPosition{logVersion=0, byteOffset=24028}, transactionLogPosition=LogPosition{logVersion=0, byteOffset=24028}, storeId=StoreId{creationTime=1778664552847, random=443747364235947064, storageEngineName='record', formatName='aligned', majorVersion=1, minorVersion=1}, checkpointEntryPosition=LogPosition{logVersion=0, byteOffset=360}, channelPositionAfterCheckpoint=LogPosition{logVersion=0, byteOffset=592}, checkpointFilePostReadPosition=LogPosition{logVersion=0, byteOffset=592}, kernelVersion=KernelVersion{V5_25,version=20}, kernelVersionByte=20, transactionId=TransactionId[id=41, appendIndex=41, kernelVersion=KernelVersion{V5_25,version=20}, checksum=2070859732, commitTimestamp=1778664554062, consensusIndex=-1], appendIndex=41, reason=Checkpoint triggered by "Scheduled checkpoint for every 15 minutes threshol, consensusIndexInCheckpoint=true]
                                                                [system/00000000] 
                                                                [system/00000000] --------------------------------------------------------------------------------
                                                                [system/00000000]                                   [ Id usage ]                                  
                                                                [system/00000000] --------------------------------------------------------------------------------
                                                                [system/00000000] ArrayPropertyStore[neostore.nodestore.db.labels]: used=1 high=0
                                                                [system/00000000] NodeStore[neostore.nodestore.db]: used=7 high=6
                                                                [system/00000000] StringPropertyStore[neostore.propertystore.db.index.keys]: used=47 high=46
                                                                [system/00000000] PropertyIndexStore[neostore.propertystore.db.index]: used=33 high=32
                                                                [system/00000000] StringPropertyStore[neostore.propertystore.db.strings]: used=3 high=2
                                                                [system/00000000] ArrayPropertyStore[neostore.propertystore.db.arrays]: used=1 high=0
                                                                [system/00000000] PropertyStore[neostore.propertystore.db]: used=73 high=72
                                                                [system/00000000] RelationshipStore[neostore.relationshipstore.db]: used=3 high=2
                                                                [system/00000000] StringPropertyStore[neostore.relationshiptypestore.db.names]: used=3 high=2
                                                                [system/00000000] RelationshipTypeStore[neostore.relationshiptypestore.db]: used=2 high=1
                                                                [system/00000000] StringPropertyStore[neostore.labeltokenstore.db.names]: used=6 high=5
                                                                [system/00000000] LabelTokenStore[neostore.labeltokenstore.db]: used=5 high=4
                                                                [system/00000000] SchemaStore[neostore.schemastore.db]: used=13 high=12
                                                                [system/00000000] RelationshipGroupStore[neostore.relationshipgroupstore.db]: used=1 high=0
                                                                [system/00000000] NeoStore[neostore]: used=-1 high=-1
                                                                [system/00000000] 
                                                                [system/00000000] --------------------------------------------------------------------------------
                                                                [system/00000000]                                   [ Metadata ]                                  
                                                                [system/00000000] --------------------------------------------------------------------------------
                                                                [system/00000000] EXTERNAL_STORE_UUID (Database identifier exposed as external store identity. Generated on creation and never updated): 217e3372-6310-4559-be9c-9ae3e02966ee
                                                                [system/00000000] DATABASE_ID (The last used DatabaseId for this database): null
                                                                [system/00000000] LEGACY_STORE_VERSION (Legacy store format version. This field is used from 5.0 onwards only to distinguish non-migrated pre 5.0 metadata stores.): -3523014627327384477
                                                                [system/00000000] STORE_ID (Store ID): StoreId{creationTime=1778664552847, random=443747364235947064, storageEngineName='record', formatName='aligned', majorVersion=1, minorVersion=1}
                                                                [system/00000000] 
2026-05-28 07:58:05.942+0000 INFO  [o.n.k.i.i.s.TokenIndexProvider] [system/00000000] Schema index cleanup job registered: descriptor=Index( id=1, name='index_343aff4e', type='LOOKUP', schema=(:<any-labels>), indexProvider='token-lookup-1.0' ), indexFile=E:\workspacce\AI\ai_kefu\.data\neo4j-win\data\databases\system\schema\index\token-lookup-1.0\1\index-1
2026-05-28 07:58:05.942+0000 INFO  [o.n.k.i.i.s.TokenIndexProvider] [system/00000000] Schema index cleanup job started: descriptor=Index( id=1, name='index_343aff4e', type='LOOKUP', schema=(:<any-labels>), indexProvider='token-lookup-1.0' ), indexFile=E:\workspacce\AI\ai_kefu\.data\neo4j-win\data\databases\system\schema\index\token-lookup-1.0\1\index-1
2026-05-28 07:58:05.942+0000 INFO  [o.n.k.i.i.s.TokenIndexProvider] [system/00000000] Schema index cleanup job finished: descriptor=Index( id=1, name='index_343aff4e', type='LOOKUP', schema=(:<any-labels>), indexProvider='token-lookup-1.0' ), indexFile=E:\workspacce\AI\ai_kefu\.data\neo4j-win\data\databases\system\schema\index\token-lookup-1.0\1\index-1 Number of pages visited: 3, Number of tree nodes: 2, Number of cleaned crashed pointers: 0, Time spent: 0ms
2026-05-28 07:58:05.942+0000 INFO  [o.n.k.i.i.s.TokenIndexProvider] [system/00000000] Schema index cleanup job closed: descriptor=Index( id=1, name='index_343aff4e', type='LOOKUP', schema=(:<any-labels>), indexProvider='token-lookup-1.0' ), indexFile=E:\workspacce\AI\ai_kefu\.data\neo4j-win\data\databases\system\schema\index\token-lookup-1.0\1\index-1
2026-05-28 07:58:05.958+0000 INFO  [o.n.k.i.i.s.TokenIndexProvider] [system/00000000] Schema index cleanup job registered: descriptor=Index( id=2, name='index_f7700477', type='LOOKUP', schema=()-[:<any-types>]-(), indexProvider='token-lookup-1.0' ), indexFile=E:\workspacce\AI\ai_kefu\.data\neo4j-win\data\databases\system\schema\index\token-lookup-1.0\2\index-2
2026-05-28 07:58:05.958+0000 INFO  [o.n.k.i.i.s.TokenIndexProvider] [system/00000000] Schema index cleanup job started: descriptor=Index( id=2, name='index_f7700477', type='LOOKUP', schema=()-[:<any-types>]-(), indexProvider='token-lookup-1.0' ), indexFile=E:\workspacce\AI\ai_kefu\.data\neo4j-win\data\databases\system\schema\index\token-lookup-1.0\2\index-2
2026-05-28 07:58:05.958+0000 INFO  [o.n.k.i.i.s.TokenIndexProvider] [system/00000000] Schema index cleanup job finished: descriptor=Index( id=2, name='index_f7700477', type='LOOKUP', schema=()-[:<any-types>]-(), indexProvider='token-lookup-1.0' ), indexFile=E:\workspacce\AI\ai_kefu\.data\neo4j-win\data\databases\system\schema\index\token-lookup-1.0\2\index-2 Number of pages visited: 3, Number of tree nodes: 2, Number of cleaned crashed pointers: 0, Time spent: 0ms
2026-05-28 07:58:05.958+0000 INFO  [o.n.k.i.i.s.TokenIndexProvider] [system/00000000] Schema index cleanup job closed: descriptor=Index( id=2, name='index_f7700477', type='LOOKUP', schema=()-[:<any-types>]-(), indexProvider='token-lookup-1.0' ), indexFile=E:\workspacce\AI\ai_kefu\.data\neo4j-win\data\databases\system\schema\index\token-lookup-1.0\2\index-2
2026-05-28 07:58:06.001+0000 INFO  [o.n.k.i.i.s.RangeIndexProvider] [system/00000000] Schema index cleanup job registered: descriptor=Index( id=3, name='constraint_798238d6', type='RANGE', schema=(:Label[1] {PropertyKey[11], PropertyKey[12]}), indexProvider='range-1.0', owningConstraint=5 ), indexFile=E:\workspacce\AI\ai_kefu\.data\neo4j-win\data\databases\system\schema\index\range-1.0\3\index-3
2026-05-28 07:58:06.001+0000 INFO  [o.n.k.i.i.s.RangeIndexProvider] [system/00000000] Schema index cleanup job started: descriptor=Index( id=3, name='constraint_798238d6', type='RANGE', schema=(:Label[1] {PropertyKey[11], PropertyKey[12]}), indexProvider='range-1.0', owningConstraint=5 ), indexFile=E:\workspacce\AI\ai_kefu\.data\neo4j-win\data\databases\system\schema\index\range-1.0\3\index-3
2026-05-28 07:58:06.001+0000 INFO  [o.n.k.i.i.s.RangeIndexProvider] [system/00000000] Schema index cleanup job finished: descriptor=Index( id=3, name='constraint_798238d6', type='RANGE', schema=(:Label[1] {PropertyKey[11], PropertyKey[12]}), indexProvider='range-1.0', owningConstraint=5 ), indexFile=E:\workspacce\AI\ai_kefu\.data\neo4j-win\data\databases\system\schema\index\range-1.0\3\index-3 Number of pages visited: 3, Number of tree nodes: 2, Number of cleaned crashed pointers: 0, Time spent: 0ms
2026-05-28 07:58:06.001+0000 INFO  [o.n.k.i.i.s.RangeIndexProvider] [system/00000000] Schema index cleanup job closed: descriptor=Index( id=3, name='constraint_798238d6', type='RANGE', schema=(:Label[1] {PropertyKey[11], PropertyKey[12]}), indexProvider='range-1.0', owningConstraint=5 ), indexFile=E:\workspacce\AI\ai_kefu\.data\neo4j-win\data\databases\system\schema\index\range-1.0\3\index-3
2026-05-28 07:58:06.014+0000 INFO  [o.n.k.i.i.s.RangeIndexProvider] [system/00000000] Schema index cleanup job registered: descriptor=Index( id=4, name='constraint_8014b60a', type='RANGE', schema=(:Label[2] {PropertyKey[11]}), indexProvider='range-1.0', owningConstraint=6 ), indexFile=E:\workspacce\AI\ai_kefu\.data\neo4j-win\data\databases\system\schema\index\range-1.0\4\index-4
2026-05-28 07:58:06.014+0000 INFO  [o.n.k.i.i.s.RangeIndexProvider] [system/00000000] Schema index cleanup job started: descriptor=Index( id=4, name='constraint_8014b60a', type='RANGE', schema=(:Label[2] {PropertyKey[11]}), indexProvider='range-1.0', owningConstraint=6 ), indexFile=E:\workspacce\AI\ai_kefu\.data\neo4j-win\data\databases\system\schema\index\range-1.0\4\index-4
2026-05-28 07:58:06.014+0000 INFO  [o.n.k.i.i.s.RangeIndexProvider] [system/00000000] Schema index cleanup job finished: descriptor=Index( id=4, name='constraint_8014b60a', type='RANGE', schema=(:Label[2] {PropertyKey[11]}), indexProvider='range-1.0', owningConstraint=6 ), indexFile=E:\workspacce\AI\ai_kefu\.data\neo4j-win\data\databases\system\schema\index\range-1.0\4\index-4 Number of pages visited: 3, Number of tree nodes: 2, Number of cleaned crashed pointers: 0, Time spent: 0ms
2026-05-28 07:58:06.021+0000 INFO  [o.n.k.i.i.s.RangeIndexProvider] [system/00000000] Schema index cleanup job closed: descriptor=Index( id=4, name='constraint_8014b60a', type='RANGE', schema=(:Label[2] {PropertyKey[11]}), indexProvider='range-1.0', owningConstraint=6 ), indexFile=E:\workspacce\AI\ai_kefu\.data\neo4j-win\data\databases\system\schema\index\range-1.0\4\index-4
2026-05-28 07:58:06.021+0000 INFO  [o.n.k.i.i.s.RangeIndexProvider] [system/00000000] Schema index cleanup job registered: descriptor=Index( id=7, name='constraint_5789ae3', type='RANGE', schema=(:Label[3] {PropertyKey[11]}), indexProvider='range-1.0', owningConstraint=12 ), indexFile=E:\workspacce\AI\ai_kefu\.data\neo4j-win\data\databases\system\schema\index\range-1.0\7\index-7
2026-05-28 07:58:06.021+0000 INFO  [o.n.k.i.i.s.RangeIndexProvider] [system/00000000] Schema index cleanup job started: descriptor=Index( id=7, name='constraint_5789ae3', type='RANGE', schema=(:Label[3] {PropertyKey[11]}), indexProvider='range-1.0', owningConstraint=12 ), indexFile=E:\workspacce\AI\ai_kefu\.data\neo4j-win\data\databases\system\schema\index\range-1.0\7\index-7
2026-05-28 07:58:06.021+0000 INFO  [o.n.k.i.i.s.RangeIndexProvider] [system/00000000] Schema index cleanup job finished: descriptor=Index( id=7, name='constraint_5789ae3', type='RANGE', schema=(:Label[3] {PropertyKey[11]}), indexProvider='range-1.0', owningConstraint=12 ), indexFile=E:\workspacce\AI\ai_kefu\.data\neo4j-win\data\databases\system\schema\index\range-1.0\7\index-7 Number of pages visited: 3, Number of tree nodes: 2, Number of cleaned crashed pointers: 0, Time spent: 0ms
2026-05-28 07:58:06.021+0000 INFO  [o.n.k.i.i.s.RangeIndexProvider] [system/00000000] Schema index cleanup job closed: descriptor=Index( id=7, name='constraint_5789ae3', type='RANGE', schema=(:Label[3] {PropertyKey[11]}), indexProvider='range-1.0', owningConstraint=12 ), indexFile=E:\workspacce\AI\ai_kefu\.data\neo4j-win\data\databases\system\schema\index\range-1.0\7\index-7
2026-05-28 07:58:06.051+0000 INFO  [o.n.k.i.i.s.RangeIndexProvider] [system/00000000] Schema index cleanup job registered: descriptor=Index( id=8, name='constraint_74fad970', type='RANGE', schema=(:Label[3] {PropertyKey[27]}), indexProvider='range-1.0', owningConstraint=10 ), indexFile=E:\workspacce\AI\ai_kefu\.data\neo4j-win\data\databases\system\schema\index\range-1.0\8\index-8
2026-05-28 07:58:06.051+0000 INFO  [o.n.k.i.i.s.RangeIndexProvider] [system/00000000] Schema index cleanup job started: descriptor=Index( id=8, name='constraint_74fad970', type='RANGE', schema=(:Label[3] {PropertyKey[27]}), indexProvider='range-1.0', owningConstraint=10 ), indexFile=E:\workspacce\AI\ai_kefu\.data\neo4j-win\data\databases\system\schema\index\range-1.0\8\index-8
2026-05-28 07:58:06.051+0000 INFO  [o.n.k.i.i.s.RangeIndexProvider] [system/00000000] Schema index cleanup job finished: descriptor=Index( id=8, name='constraint_74fad970', type='RANGE', schema=(:Label[3] {PropertyKey[27]}), indexProvider='range-1.0', owningConstraint=10 ), indexFile=E:\workspacce\AI\ai_kefu\.data\neo4j-win\data\databases\system\schema\index\range-1.0\8\index-8 Number of pages visited: 3, Number of tree nodes: 2, Number of cleaned crashed pointers: 0, Time spent: 0ms
2026-05-28 07:58:06.051+0000 INFO  [o.n.k.i.i.s.RangeIndexProvider] [system/00000000] Schema index cleanup job closed: descriptor=Index( id=8, name='constraint_74fad970', type='RANGE', schema=(:Label[3] {PropertyKey[27]}), indexProvider='range-1.0', owningConstraint=10 ), indexFile=E:\workspacce\AI\ai_kefu\.data\neo4j-win\data\databases\system\schema\index\range-1.0\8\index-8
2026-05-28 07:58:06.053+0000 INFO  [o.n.k.i.i.s.RangeIndexProvider] [system/00000000] Schema index cleanup job registered: descriptor=Index( id=9, name='auth-constraint', type='RANGE', schema=(:Label[4] {PropertyKey[28], PropertyKey[27]}), indexProvider='range-1.0', owningConstraint=11 ), indexFile=E:\workspacce\AI\ai_kefu\.data\neo4j-win\data\databases\system\schema\index\range-1.0\9\index-9
2026-05-28 07:58:06.053+0000 INFO  [o.n.k.i.i.s.RangeIndexProvider] [system/00000000] Schema index cleanup job started: descriptor=Index( id=9, name='auth-constraint', type='RANGE', schema=(:Label[4] {PropertyKey[28], PropertyKey[27]}), indexProvider='range-1.0', owningConstraint=11 ), indexFile=E:\workspacce\AI\ai_kefu\.data\neo4j-win\data\databases\system\schema\index\range-1.0\9\index-9
2026-05-28 07:58:06.053+0000 INFO  [o.n.k.i.i.s.RangeIndexProvider] [system/00000000] Schema index cleanup job finished: descriptor=Index( id=9, name='auth-constraint', type='RANGE', schema=(:Label[4] {PropertyKey[28], PropertyKey[27]}), indexProvider='range-1.0', owningConstraint=11 ), indexFile=E:\workspacce\AI\ai_kefu\.data\neo4j-win\data\databases\system\schema\index\range-1.0\9\index-9 Number of pages visited: 3, Number of tree nodes: 2, Number of cleaned crashed pointers: 0, Time spent: 0ms
2026-05-28 07:58:06.053+0000 INFO  [o.n.k.i.a.i.IndexingService] [system/00000000] IndexingService.init: indexes not specifically mentioned above are ONLINE. Total 7 indexes. Processed in 151ms
2026-05-28 07:58:06.053+0000 INFO  [o.n.k.i.i.s.RangeIndexProvider] [system/00000000] Schema index cleanup job closed: descriptor=Index( id=9, name='auth-constraint', type='RANGE', schema=(:Label[4] {PropertyKey[28], PropertyKey[27]}), indexProvider='range-1.0', owningConstraint=11 ), indexFile=E:\workspacce\AI\ai_kefu\.data\neo4j-win\data\databases\system\schema\index\range-1.0\9\index-9
2026-05-28 07:58:06.069+0000 INFO  [o.n.k.a.DatabaseAvailabilityGuard] [system/00000000] Requirement `Database unavailable` makes database system unavailable.
2026-05-28 07:58:06.069+0000 INFO  [o.n.k.a.DatabaseAvailabilityGuard] [system/00000000] DatabaseId{00000000[system]} is unavailable.
2026-05-28 07:58:06.081+0000 INFO  [o.n.k.d.Database] [system/00000000] Starting transaction log [E:\workspacce\AI\ai_kefu\.data\neo4j-win\data\transactions\system\neostore.transaction.db.0] at version=0
2026-05-28 07:58:06.085+0000 INFO  [o.n.k.d.Database] [system/00000000] Starting transaction log [E:\workspacce\AI\ai_kefu\.data\neo4j-win\data\transactions\system\checkpoint.0] at version=0
2026-05-28 07:58:06.085+0000 INFO  [o.n.k.i.t.l.f.c.CheckpointLogFile] [system/00000000] Scanning log file with version 0 for checkpoint entries
2026-05-28 07:58:06.085+0000 INFO  [o.n.k.i.a.i.IndexingService] [system/00000000] IndexingService.start: indexes not specifically mentioned above are ONLINE. Total 7 indexes. Processed in 0ms
2026-05-28 07:58:06.100+0000 INFO  [o.n.k.a.DatabaseAvailabilityGuard] [system/00000000] Fulfilling of requirement 'Database unavailable' makes database system available.
2026-05-28 07:58:06.100+0000 INFO  [o.n.k.a.DatabaseAvailabilityGuard] [system/00000000] DatabaseId{00000000[system]} is ready.
2026-05-28 07:58:06.227+0000 INFO  [o.n.s.s.s.UserSecurityGraphComponent] Performing postInitialization step for component 'security-users' with version 5 and status CURRENT
2026-05-28 07:58:06.227+0000 INFO  [o.n.s.s.s.UserSecurityGraphComponent] Updating the initial password in component 'security-users'
2026-05-28 07:58:06.273+0000 INFO  [o.n.d.d.DatabaseLifecycles] Creating 'DatabaseId{0a5c9463[neo4j]}'.
2026-05-28 07:58:06.275+0000 INFO  [o.n.d.d.DatabaseLifecycles] Starting 'DatabaseId{0a5c9463[neo4j]}'.
2026-05-28 07:58:06.303+0000 INFO  [o.n.k.i.t.l.f.c.CheckpointLogFile] [neo4j/0a5c9463] Scanning log file with version 0 for checkpoint entries
2026-05-28 07:58:06.321+0000 INFO  [o.n.k.i.s.f.RecordFormatSelector] [neo4j/0a5c9463] Selected RecordFormat:PageAlignedV5_0[aligned-1.1] record format from store E:\workspacce\AI\ai_kefu\.data\neo4j-win\data\databases\neo4j
2026-05-28 07:58:06.321+0000 INFO  [o.n.k.i.s.f.RecordFormatSelector] [neo4j/0a5c9463] Selected format from the store files: RecordFormat:PageAlignedV5_0[aligned-1.1]
2026-05-28 07:58:06.619+0000 INFO  [o.n.i.d.DiagnosticsManager] [neo4j/0a5c9463] 
                                                                [neo4j/0a5c9463] ********************************************************************************
                                                                [neo4j/0a5c9463]                               [ Database: neo4j ]                               
                                                                [neo4j/0a5c9463] ********************************************************************************
                                                                [neo4j/0a5c9463] --------------------------------------------------------------------------------
                                                                [neo4j/0a5c9463]                                   [ Version ]                                   
                                                                [neo4j/0a5c9463] --------------------------------------------------------------------------------
                                                                [neo4j/0a5c9463] DBMS: community record-aligned-1.1
                                                                [neo4j/0a5c9463] Kernel version: 5.26.26
                                                                [neo4j/0a5c9463] 
                                                                [neo4j/0a5c9463] --------------------------------------------------------------------------------
                                                                [neo4j/0a5c9463]                                 [ Store files ]                                 
                                                                [neo4j/0a5c9463] --------------------------------------------------------------------------------
                                                                [neo4j/0a5c9463] Disk space on partition (Total / Free / Free %): 952245415936 / 177904918528 / 18
                                                                [neo4j/0a5c9463] Storage files stored on file store: NTFS
                                                                [neo4j/0a5c9463] Storage files: (filename : modification date - size)
                                                                [neo4j/0a5c9463]   database_lock: 2026-05-13 09:29:14.134+0000 - 0B
                                                                [neo4j/0a5c9463]   id-buffer.tmp.0: 2026-05-27 09:05:25.633+0000 - 0B
                                                                [neo4j/0a5c9463]   neostore: 2026-05-27 09:04:56.344+0000 - 8.000KiB
                                                                [neo4j/0a5c9463]   neostore.counts.db: 2026-05-28 07:58:06.587+0000 - 40.00KiB
                                                                [neo4j/0a5c9463]   neostore.indexstats.db: 2026-05-27 09:05:25.567+0000 - 0B
                                                                [neo4j/0a5c9463]   neostore.labeltokenstore.db: 2026-05-27 09:04:57.128+0000 - 8.000KiB
                                                                [neo4j/0a5c9463]   neostore.labeltokenstore.db.id: 2026-05-28 07:58:06.549+0000 - 40.00KiB
                                                                [neo4j/0a5c9463]   neostore.labeltokenstore.db.names: 2026-05-27 09:04:57.129+0000 - 8.000KiB
                                                                [neo4j/0a5c9463]   neostore.labeltokenstore.db.names.id: 2026-05-28 07:58:06.524+0000 - 40.00KiB
                                                                [neo4j/0a5c9463]   neostore.nodestore.db: 2026-05-27 09:04:58.934+0000 - 64.00KiB
                                                                [neo4j/0a5c9463]   neostore.nodestore.db.id: 2026-05-28 07:58:06.349+0000 - 40.00KiB
                                                                [neo4j/0a5c9463]   neostore.nodestore.db.labels: 2026-05-27 09:04:56.282+0000 - 8.000KiB
                                                                [neo4j/0a5c9463]   neostore.nodestore.db.labels.id: 2026-05-28 07:58:06.333+0000 - 40.00KiB
                                                                [neo4j/0a5c9463]   neostore.propertystore.db: 2026-05-27 09:04:58.934+0000 - 112.0KiB
                                                                [neo4j/0a5c9463]   neostore.propertystore.db.arrays: 2026-05-27 09:04:56.303+0000 - 8.000KiB
                                                                [neo4j/0a5c9463]   neostore.propertystore.db.arrays.id: 2026-05-28 07:58:06.424+0000 - 40.00KiB
                                                                [neo4j/0a5c9463]   neostore.propertystore.db.id: 2026-05-28 07:58:06.444+0000 - 40.00KiB
                                                                [neo4j/0a5c9463]   neostore.propertystore.db.index: 2026-05-27 09:04:58.934+0000 - 8.000KiB
                                                                [neo4j/0a5c9463]   neostore.propertystore.db.index.id: 2026-05-28 07:58:06.380+0000 - 40.00KiB
                                                                [neo4j/0a5c9463]   neostore.propertystore.db.index.keys: 2026-05-27 09:04:58.934+0000 - 8.000KiB
                                                                [neo4j/0a5c9463]   neostore.propertystore.db.index.keys.id: 2026-05-28 07:58:06.364+0000 - 40.00KiB
                                                                [neo4j/0a5c9463]   neostore.propertystore.db.strings: 2026-05-27 09:04:57.256+0000 - 96.00KiB
                                                                [neo4j/0a5c9463]   neostore.propertystore.db.strings.id: 2026-05-28 07:58:06.405+0000 - 40.00KiB
                                                                [neo4j/0a5c9463]   neostore.relationshipgroupstore.db: 2026-05-27 09:04:56.336+0000 - 8.000KiB
                                                                [neo4j/0a5c9463]   neostore.relationshipgroupstore.db.id: 2026-05-28 07:58:06.585+0000 - 40.00KiB
                                                                [neo4j/0a5c9463]   neostore.relationshipgroupstore.degrees.db: 2026-05-28 07:58:06.603+0000 - 40.00KiB
                                                                [neo4j/0a5c9463]   neostore.relationshipstore.db: 2026-05-27 09:04:58.934+0000 - 72.00KiB
                                                                [neo4j/0a5c9463]   neostore.relationshipstore.db.id: 2026-05-28 07:58:06.460+0000 - 40.00KiB
                                                                [neo4j/0a5c9463]   neostore.relationshiptypestore.db: 2026-05-27 09:04:57.765+0000 - 8.000KiB
                                                                [neo4j/0a5c9463]   neostore.relationshiptypestore.db.id: 2026-05-28 07:58:06.493+0000 - 40.00KiB
                                                                [neo4j/0a5c9463]   neostore.relationshiptypestore.db.names: 2026-05-27 09:04:57.764+0000 - 8.000KiB
                                                                [neo4j/0a5c9463]   neostore.relationshiptypestore.db.names.id: 2026-05-28 07:58:06.478+0000 - 40.00KiB
                                                                [neo4j/0a5c9463]   neostore.schemastore.db: 2026-05-27 09:04:58.934+0000 - 8.000KiB
                                                                [neo4j/0a5c9463]   neostore.schemastore.db.id: 2026-05-28 07:58:06.556+0000 - 40.00KiB
                                                                [neo4j/0a5c9463]   schema:
                                                                [neo4j/0a5c9463]     index:
                                                                [neo4j/0a5c9463]       token-lookup-1.0:
                                                                [neo4j/0a5c9463]         1:
                                                                [neo4j/0a5c9463]           index-1: 2026-05-27 09:05:25.610+0000 - 40.00KiB
                                                                [neo4j/0a5c9463]         - Total: 2026-05-27 09:04:58.763+0000 - 40.00KiB
                                                                [neo4j/0a5c9463]         2:
                                                                [neo4j/0a5c9463]           index-2: 2026-05-27 09:05:25.631+0000 - 40.00KiB
                                                                [neo4j/0a5c9463]         - Total: 2026-05-27 09:04:58.859+0000 - 40.00KiB
                                                                [neo4j/0a5c9463]       - Total: 2026-05-27 09:04:58.859+0000 - 80.00KiB
                                                                [neo4j/0a5c9463]     - Total: 2026-05-27 09:04:58.752+0000 - 80.00KiB
                                                                [neo4j/0a5c9463]   - Total: 2026-05-27 09:04:58.751+0000 - 80.00KiB
                                                                [neo4j/0a5c9463] Storage summary: 
                                                                [neo4j/0a5c9463]   Total size of store: 1.125MiB
                                                                [neo4j/0a5c9463]   Total size of mapped files: 512.0KiB
                                                                [neo4j/0a5c9463] 
                                                                [neo4j/0a5c9463] --------------------------------------------------------------------------------
                                                                [neo4j/0a5c9463]                               [ Transaction log ]                               
                                                                [neo4j/0a5c9463] --------------------------------------------------------------------------------
                                                                [neo4j/0a5c9463] Transaction log files stored on file store: NTFS
                                                                [neo4j/0a5c9463] Transaction log metadata:
                                                                [neo4j/0a5c9463]  - current kernel version used in transactions: V5_25
                                                                [neo4j/0a5c9463]  - last committed transaction id: 2
                                                                [neo4j/0a5c9463] Transaction log files:
                                                                [neo4j/0a5c9463]  - existing transaction log versions: 0-0
                                                                [neo4j/0a5c9463]  - oldest append index 2 found in log with version 0
                                                                [neo4j/0a5c9463]  - files: (filename : creation date - size)
                                                                [neo4j/0a5c9463]      neostore.transaction.db.0: 2026-05-27 09:04:58.467+0000 - 184B
                                                                [neo4j/0a5c9463]  - total size of files: 184B
                                                                [neo4j/0a5c9463] Checkpoint log files:
                                                                [neo4j/0a5c9463]  - existing checkpoint log versions: 0-0
                                                                [neo4j/0a5c9463]  - last checkpoint: CheckpointInfo[oldestNotVisibleTransactionLogPosition=LogPosition{logVersion=0, byteOffset=184}, transactionLogPosition=LogPosition{logVersion=0, byteOffset=184}, storeId=StoreId{creationTime=1779872696342, random=-6912127355772180954, storageEngineName='record', formatName='aligned', majorVersion=1, minorVersion=1}, checkpointEntryPosition=LogPosition{logVersion=0, byteOffset=128}, channelPositionAfterCheckpoint=LogPosition{logVersion=0, byteOffset=360}, checkpointFilePostReadPosition=LogPosition{logVersion=0, byteOffset=360}, kernelVersion=KernelVersion{V5_25,version=20}, kernelVersionByte=20, transactionId=TransactionId[id=2, appendIndex=2, kernelVersion=KernelVersion{V5_25,version=20}, checksum=1265832560, commitTimestamp=0, consensusIndex=-1], appendIndex=2, reason=Batch importer checkpoint., consensusIndexInCheckpoint=true]
                                                                [neo4j/0a5c9463] 
                                                                [neo4j/0a5c9463] --------------------------------------------------------------------------------
                                                                [neo4j/0a5c9463]                                   [ Id usage ]                                  
                                                                [neo4j/0a5c9463] --------------------------------------------------------------------------------
                                                                [neo4j/0a5c9463] ArrayPropertyStore[neostore.nodestore.db.labels]: used=1 high=0
                                                                [neo4j/0a5c9463] NodeStore[neostore.nodestore.db]: used=4368 high=4367
                                                                [neo4j/0a5c9463] StringPropertyStore[neostore.propertystore.db.index.keys]: used=78 high=77
                                                                [neo4j/0a5c9463] PropertyIndexStore[neostore.propertystore.db.index]: used=68 high=67
                                                                [neo4j/0a5c9463] StringPropertyStore[neostore.propertystore.db.strings]: used=769 high=768
                                                                [neo4j/0a5c9463] ArrayPropertyStore[neostore.propertystore.db.arrays]: used=1 high=0
                                                                [neo4j/0a5c9463] PropertyStore[neostore.propertystore.db]: used=2596 high=2595
                                                                [neo4j/0a5c9463] RelationshipStore[neostore.relationshipstore.db]: used=2160 high=2159
                                                                [neo4j/0a5c9463] StringPropertyStore[neostore.relationshiptypestore.db.names]: used=10 high=9
                                                                [neo4j/0a5c9463] RelationshipTypeStore[neostore.relationshiptypestore.db]: used=9 high=8
                                                                [neo4j/0a5c9463] StringPropertyStore[neostore.labeltokenstore.db.names]: used=9 high=8
                                                                [neo4j/0a5c9463] LabelTokenStore[neostore.labeltokenstore.db]: used=8 high=7
                                                                [neo4j/0a5c9463] SchemaStore[neostore.schemastore.db]: used=3 high=2
                                                                [neo4j/0a5c9463] RelationshipGroupStore[neostore.relationshipgroupstore.db]: used=1 high=0
                                                                [neo4j/0a5c9463] NeoStore[neostore]: used=-1 high=-1
                                                                [neo4j/0a5c9463] 
                                                                [neo4j/0a5c9463] --------------------------------------------------------------------------------
                                                                [neo4j/0a5c9463]                                   [ Metadata ]                                  
                                                                [neo4j/0a5c9463] --------------------------------------------------------------------------------
                                                                [neo4j/0a5c9463] EXTERNAL_STORE_UUID (Database identifier exposed as external store identity. Generated on creation and never updated): 7346b50d-acbb-4b35-b845-55b9e9cda1cd
                                                                [neo4j/0a5c9463] DATABASE_ID (The last used DatabaseId for this database): null
                                                                [neo4j/0a5c9463] LEGACY_STORE_VERSION (Legacy store format version. This field is used from 5.0 onwards only to distinguish non-migrated pre 5.0 metadata stores.): -3523014627327384477
                                                                [neo4j/0a5c9463] STORE_ID (Store ID): StoreId{creationTime=1779872696342, random=-6912127355772180954, storageEngineName='record', formatName='aligned', majorVersion=1, minorVersion=1}
                                                                [neo4j/0a5c9463] 
2026-05-28 07:58:06.635+0000 INFO  [o.n.k.i.i.s.TokenIndexProvider] [neo4j/0a5c9463] Schema index cleanup job registered: descriptor=Index( id=1, name='index_343aff4e', type='LOOKUP', schema=(:<any-labels>), indexProvider='token-lookup-1.0' ), indexFile=E:\workspacce\AI\ai_kefu\.data\neo4j-win\data\databases\neo4j\schema\index\token-lookup-1.0\1\index-1
2026-05-28 07:58:06.635+0000 INFO  [o.n.k.i.i.s.TokenIndexProvider] [neo4j/0a5c9463] Schema index cleanup job started: descriptor=Index( id=1, name='index_343aff4e', type='LOOKUP', schema=(:<any-labels>), indexProvider='token-lookup-1.0' ), indexFile=E:\workspacce\AI\ai_kefu\.data\neo4j-win\data\databases\neo4j\schema\index\token-lookup-1.0\1\index-1
2026-05-28 07:58:06.635+0000 INFO  [o.n.k.i.i.s.TokenIndexProvider] [neo4j/0a5c9463] Schema index cleanup job finished: descriptor=Index( id=1, name='index_343aff4e', type='LOOKUP', schema=(:<any-labels>), indexProvider='token-lookup-1.0' ), indexFile=E:\workspacce\AI\ai_kefu\.data\neo4j-win\data\databases\neo4j\schema\index\token-lookup-1.0\1\index-1 Number of pages visited: 2, Number of tree nodes: 1, Number of cleaned crashed pointers: 0, Time spent: 0ms
2026-05-28 07:58:06.635+0000 INFO  [o.n.k.i.i.s.TokenIndexProvider] [neo4j/0a5c9463] Schema index cleanup job closed: descriptor=Index( id=1, name='index_343aff4e', type='LOOKUP', schema=(:<any-labels>), indexProvider='token-lookup-1.0' ), indexFile=E:\workspacce\AI\ai_kefu\.data\neo4j-win\data\databases\neo4j\schema\index\token-lookup-1.0\1\index-1
2026-05-28 07:58:06.654+0000 INFO  [o.n.k.i.i.s.TokenIndexProvider] [neo4j/0a5c9463] Schema index cleanup job registered: descriptor=Index( id=2, name='index_f7700477', type='LOOKUP', schema=()-[:<any-types>]-(), indexProvider='token-lookup-1.0' ), indexFile=E:\workspacce\AI\ai_kefu\.data\neo4j-win\data\databases\neo4j\schema\index\token-lookup-1.0\2\index-2
2026-05-28 07:58:06.654+0000 INFO  [o.n.k.i.a.i.IndexingService] [neo4j/0a5c9463] IndexingService.init: indexes not specifically mentioned above are ONLINE. Total 2 indexes. Processed in 23ms
2026-05-28 07:58:06.654+0000 INFO  [o.n.k.i.i.s.TokenIndexProvider] [neo4j/0a5c9463] Schema index cleanup job started: descriptor=Index( id=2, name='index_f7700477', type='LOOKUP', schema=()-[:<any-types>]-(), indexProvider='token-lookup-1.0' ), indexFile=E:\workspacce\AI\ai_kefu\.data\neo4j-win\data\databases\neo4j\schema\index\token-lookup-1.0\2\index-2
2026-05-28 07:58:06.657+0000 INFO  [o.n.k.i.i.s.TokenIndexProvider] [neo4j/0a5c9463] Schema index cleanup job finished: descriptor=Index( id=2, name='index_f7700477', type='LOOKUP', schema=()-[:<any-types>]-(), indexProvider='token-lookup-1.0' ), indexFile=E:\workspacce\AI\ai_kefu\.data\neo4j-win\data\databases\neo4j\schema\index\token-lookup-1.0\2\index-2 Number of pages visited: 2, Number of tree nodes: 1, Number of cleaned crashed pointers: 0, Time spent: 0ms
2026-05-28 07:58:06.657+0000 INFO  [o.n.k.i.i.s.TokenIndexProvider] [neo4j/0a5c9463] Schema index cleanup job closed: descriptor=Index( id=2, name='index_f7700477', type='LOOKUP', schema=()-[:<any-types>]-(), indexProvider='token-lookup-1.0' ), indexFile=E:\workspacce\AI\ai_kefu\.data\neo4j-win\data\databases\neo4j\schema\index\token-lookup-1.0\2\index-2
2026-05-28 07:58:06.657+0000 INFO  [o.n.k.a.DatabaseAvailabilityGuard] [neo4j/0a5c9463] Requirement `Database unavailable` makes database neo4j unavailable.
2026-05-28 07:58:06.657+0000 INFO  [o.n.k.a.DatabaseAvailabilityGuard] [neo4j/0a5c9463] DatabaseId{0a5c9463[neo4j]} is unavailable.
2026-05-28 07:58:06.657+0000 INFO  [o.n.k.d.Database] [neo4j/0a5c9463] Starting transaction log [E:\workspacce\AI\ai_kefu\.data\neo4j-win\data\transactions\neo4j\neostore.transaction.db.0] at version=0
2026-05-28 07:58:06.657+0000 INFO  [o.n.k.d.Database] [neo4j/0a5c9463] Starting transaction log [E:\workspacce\AI\ai_kefu\.data\neo4j-win\data\transactions\neo4j\checkpoint.0] at version=0
2026-05-28 07:58:06.663+0000 INFO  [o.n.k.i.t.l.f.c.CheckpointLogFile] [neo4j/0a5c9463] Scanning log file with version 0 for checkpoint entries
2026-05-28 07:58:06.663+0000 INFO  [o.n.k.i.a.i.IndexingService] [neo4j/0a5c9463] IndexingService.start: indexes not specifically mentioned above are ONLINE. Total 2 indexes. Processed in 0ms
2026-05-28 07:58:06.663+0000 INFO  [o.n.k.a.DatabaseAvailabilityGuard] [neo4j/0a5c9463] Fulfilling of requirement 'Database unavailable' makes database neo4j available.
2026-05-28 07:58:06.663+0000 INFO  [o.n.k.a.DatabaseAvailabilityGuard] [neo4j/0a5c9463] DatabaseId{0a5c9463[neo4j]} is ready.
2026-05-28 07:58:06.718+0000 INFO  [o.n.b.p.c.c.n.SocketNettyConnector] Bolt enabled on 127.0.0.1:7687.
2026-05-28 07:58:06.718+0000 WARN  [i.n.b.ServerBootstrap] Unknown channel option 'SO_REUSEADDR' for channel '[id: 0x92b1786d]' of type 'class io.netty.channel.local.LocalServerChannel'
2026-05-28 07:58:06.718+0000 INFO  [o.n.b.BoltServer] Bolt server started
2026-05-28 07:58:06.718+0000 INFO  [o.n.s.A.ServerComponentsLifecycleAdapter] Starting web server
2026-05-28 07:58:09.138+0000 INFO  [o.n.s.CommunityNeoWebServer] HTTP enabled on 127.0.0.1:7474.
2026-05-28 07:58:09.139+0000 INFO  [o.n.s.CommunityNeoWebServer] Remote interface available at http://localhost:7474/
2026-05-28 07:58:09.139+0000 INFO  [o.n.s.A.ServerComponentsLifecycleAdapter] Web server started.
2026-05-28 07:58:09.145+0000 INFO  [o.n.g.f.DatabaseManagementServiceFactory] id: FB3B039A7857AC973A9E3B82A4DF286D16BC87314DB14D9088A1FB069A158A18
2026-05-28 07:58:09.145+0000 INFO  [o.n.g.f.DatabaseManagementServiceFactory] name: system
2026-05-28 07:58:09.145+0000 INFO  [o.n.g.f.DatabaseManagementServiceFactory] creationDate: 2026-05-13T09:29:12.847Z
2026-05-28 13:37:42.273+0000 ERROR [o.n.b.p.c.h.HouseKeeperHandler] Fatal error occurred when handling a client connection: [id: 0xe0076e69, L:/127.0.0.1:7687 - R:/127.0.0.1:5275]
java.net.SocketException: Connection reset
	at java.base/sun.nio.ch.SocketChannelImpl.throwConnectionReset(SocketChannelImpl.java:401)
	at java.base/sun.nio.ch.SocketChannelImpl.read(SocketChannelImpl.java:434)
	at io.netty.buffer.PooledByteBuf.setBytes(PooledByteBuf.java:255)
	at io.netty.buffer.AbstractByteBuf.writeBytes(AbstractByteBuf.java:1132)
	at io.netty.channel.socket.nio.NioSocketChannel.doReadBytes(NioSocketChannel.java:356)
	at io.netty.channel.nio.AbstractNioByteChannel$NioByteUnsafe.read(AbstractNioByteChannel.java:156)
	at io.netty.channel.nio.NioEventLoop.processSelectedKey(NioEventLoop.java:796)
	at io.netty.channel.nio.NioEventLoop.processSelectedKeysOptimized(NioEventLoop.java:732)
	at io.netty.channel.nio.NioEventLoop.processSelectedKeys(NioEventLoop.java:658)
	at io.netty.channel.nio.NioEventLoop.run(NioEventLoop.java:562)
	at io.netty.util.concurrent.SingleThreadEventExecutor$4.run(SingleThreadEventExecutor.java:998)
	at io.netty.util.internal.ThreadExecutorMap$2.run(ThreadExecutorMap.java:74)
	at io.netty.util.concurrent.FastThreadLocalRunnable.run(FastThreadLocalRunnable.java:30)
	at java.base/java.lang.Thread.run(Thread.java:1583)
2026-05-28 13:37:42.273+0000 ERROR [o.n.b.p.c.h.HouseKeeperHandler] Fatal error occurred when handling a client connection: [id: 0x95a04d24, L:/127.0.0.1:7687 - R:/127.0.0.1:2030]
java.net.SocketException: Connection reset
	at java.base/sun.nio.ch.SocketChannelImpl.throwConnectionReset(SocketChannelImpl.java:401)
	at java.base/sun.nio.ch.SocketChannelImpl.read(SocketChannelImpl.java:434)
	at io.netty.buffer.PooledByteBuf.setBytes(PooledByteBuf.java:255)
	at io.netty.buffer.AbstractByteBuf.writeBytes(AbstractByteBuf.java:1132)
	at io.netty.channel.socket.nio.NioSocketChannel.doReadBytes(NioSocketChannel.java:356)
	at io.netty.channel.nio.AbstractNioByteChannel$NioByteUnsafe.read(AbstractNioByteChannel.java:156)
	at io.netty.channel.nio.NioEventLoop.processSelectedKey(NioEventLoop.java:796)
	at io.netty.channel.nio.NioEventLoop.processSelectedKeysOptimized(NioEventLoop.java:732)
	at io.netty.channel.nio.NioEventLoop.processSelectedKeys(NioEventLoop.java:658)
	at io.netty.channel.nio.NioEventLoop.run(NioEventLoop.java:562)
	at io.netty.util.concurrent.SingleThreadEventExecutor$4.run(SingleThreadEventExecutor.java:998)
	at io.netty.util.internal.ThreadExecutorMap$2.run(ThreadExecutorMap.java:74)
	at io.netty.util.concurrent.FastThreadLocalRunnable.run(FastThreadLocalRunnable.java:30)
	at java.base/java.lang.Thread.run(Thread.java:1583)
2026-05-29 02:28:28.399+0000 INFO  [o.n.g.f.m.GlobalModule] Logging config in use: File 'E:\environment\neo4j-community-5.26.26\conf\server-logs.xml'
2026-05-29 02:28:28.825+0000 WARN  [o.n.i.p.PageCache] Reflection access to java.nio.DirectByteBuffer is not available, using fallback mode. This could have negative impact on performance and memory usage. Consider adding --add-opens=java.base/java.nio=ALL-UNNAMED to VM options.
2026-05-29 02:28:29.072+0000 ERROR [o.n.i.d.DiagnosticsManager] Failure while logging diagnostics for LIBRARY_PATH
java.nio.file.InvalidPathException: Illegal char <"> at index 0: "E:\environment\jdk21\jre\bin
	at java.base/sun.nio.fs.WindowsPathParser.normalize(WindowsPathParser.java:204)
	at java.base/sun.nio.fs.WindowsPathParser.parse(WindowsPathParser.java:175)
	at java.base/sun.nio.fs.WindowsPathParser.parse(WindowsPathParser.java:77)
	at java.base/sun.nio.fs.WindowsPath.parse(WindowsPath.java:92)
	at java.base/sun.nio.fs.WindowsFileSystem.getPath(WindowsFileSystem.java:231)
	at java.base/java.nio.file.Path.of(Path.java:148)
	at org.neo4j.kernel.diagnostics.providers.SystemDiagnostics.canonicalize(SystemDiagnostics.java:270)
	at org.neo4j.kernel.diagnostics.providers.SystemDiagnostics$6.dump(SystemDiagnostics.java:185)
	at org.neo4j.internal.diagnostics.DiagnosticsManager.dump(DiagnosticsManager.java:49)
	at org.neo4j.kernel.diagnostics.providers.DbmsDiagnosticsManager.lambda$dumpSystemDiagnostics$7(DbmsDiagnosticsManager.java:158)
	at org.neo4j.kernel.diagnostics.providers.DbmsDiagnosticsManager.dumpAsSingleMessageWithPrefix(DbmsDiagnosticsManager.java:231)
	at org.neo4j.kernel.diagnostics.providers.DbmsDiagnosticsManager.dumpAsSingleMessage(DbmsDiagnosticsManager.java:217)
	at org.neo4j.kernel.diagnostics.providers.DbmsDiagnosticsManager.dumpSystemDiagnostics(DbmsDiagnosticsManager.java:152)
	at org.neo4j.kernel.diagnostics.providers.DbmsDiagnosticsManager.dumpSystemDiagnostics(DbmsDiagnosticsManager.java:79)
	at org.neo4j.graphdb.factory.module.GlobalModule.<init>(GlobalModule.java:249)
	at org.neo4j.graphdb.facade.DatabaseManagementServiceFactory.createGlobalModule(DatabaseManagementServiceFactory.java:325)
	at org.neo4j.graphdb.facade.DatabaseManagementServiceFactory.build(DatabaseManagementServiceFactory.java:144)
	at org.neo4j.server.CommunityBootstrapper.createNeo(CommunityBootstrapper.java:38)
	at org.neo4j.server.NeoBootstrapper.start(NeoBootstrapper.java:185)
	at org.neo4j.server.NeoBootstrapper.start(NeoBootstrapper.java:100)
	at org.neo4j.server.CommunityEntryPoint.main(CommunityEntryPoint.java:30)
2026-05-29 02:28:29.142+0000 INFO  [o.n.i.d.DiagnosticsManager] 
                                                                ********************************************************************************
                                                                                             [ System diagnostics ]                             
                                                                ********************************************************************************
2026-05-29 02:28:29.142+0000 INFO  [o.n.i.d.DiagnosticsManager] 
                                                                --------------------------------------------------------------------------------
                                                                                         [ System memory information ]                          
                                                                --------------------------------------------------------------------------------
                                                                Total Physical memory: 15.78GiB
                                                                Free Physical memory: 1.786GiB
                                                                Committed virtual memory: 674.4MiB
                                                                Total swap space: 32.78GiB
                                                                Free swap space: 16.32GiB
                                                                
2026-05-29 02:28:29.143+0000 INFO  [o.n.i.d.DiagnosticsManager] 
                                                                --------------------------------------------------------------------------------
                                                                                           [ JVM memory information ]                           
                                                                --------------------------------------------------------------------------------
                                                                Free  memory: 486.4MiB
                                                                Total memory: 512.0MiB
                                                                Max   memory: 512.0MiB
                                                                Garbage Collector: G1 Young Generation: [G1 Eden Space, G1 Survivor Space, G1 Old Gen]
                                                                Garbage Collector: G1 Concurrent GC: [G1 Old Gen]
                                                                Garbage Collector: G1 Old Generation: [G1 Eden Space, G1 Survivor Space, G1 Old Gen]
                                                                Memory Pool: CodeHeap 'non-nmethods' (Non-heap memory): committed=3.188MiB, used=3.149MiB, max=7.313MiB, threshold=0B
                                                                Memory Pool: Metaspace (Non-heap memory): committed=22.06MiB, used=21.74MiB, max=-1B, threshold=0B
                                                                Memory Pool: CodeHeap 'profiled nmethods' (Non-heap memory): committed=5.375MiB, used=5.364MiB, max=116.3MiB, threshold=0B
                                                                Memory Pool: Compressed Class Space (Non-heap memory): committed=2.375MiB, used=2.246MiB, max=1.000GiB, threshold=0B
                                                                Memory Pool: G1 Eden Space (Heap memory): committed=317.0MiB, used=5.000MiB, max=-1B, threshold=?
                                                                Memory Pool: G1 Old Gen (Heap memory): committed=189.0MiB, used=14.09MiB, max=512.0MiB, threshold=0B
                                                                Memory Pool: G1 Survivor Space (Heap memory): committed=6.000MiB, used=5.507MiB, max=-1B, threshold=?
                                                                Memory Pool: CodeHeap 'non-profiled nmethods' (Non-heap memory): committed=2.438MiB, used=1.242MiB, max=116.4MiB, threshold=0B
                                                                
2026-05-29 02:28:29.143+0000 INFO  [o.n.i.d.DiagnosticsManager] 
                                                                --------------------------------------------------------------------------------
                                                                                        [ Operating system information ]                        
                                                                --------------------------------------------------------------------------------
                                                                Operating System: Windows 11; version: 10.0; arch: amd64; cpus: 16
                                                                Process id: 24608
                                                                Byte order: LITTLE_ENDIAN
                                                                Local timezone: Asia/Shanghai
                                                                Memory page size: 4096
                                                                Unaligned memory access allowed: true
                                                                
2026-05-29 02:28:29.143+0000 INFO  [o.n.i.d.DiagnosticsManager] 
                                                                --------------------------------------------------------------------------------
                                                                                              [ JVM information ]                               
                                                                --------------------------------------------------------------------------------
                                                                VM Name: Java HotSpot(TM) 64-Bit Server VM
                                                                VM Vendor: Oracle Corporation
                                                                VM Version: 21.0.7+8-LTS-245
                                                                JIT compiler: HotSpot 64-Bit Tiered Compilers
                                                                VM Arguments: [-Dfile.encoding=UTF-8, -Xms524288k, -Xmx524288k]
                                                                
2026-05-29 02:28:29.143+0000 INFO  [o.n.i.d.DiagnosticsManager] 

                                                                --------------------------------------------------------------------------------
                                                                                               [ Java classpath ]                               
                                                                --------------------------------------------------------------------------------
                                                                 [classpath] E:\environment\neo4j-community-5.26.26\lib\neo4j-import-util-5.26.26.jar
                                                                 [classpath] E:\environment\neo4j-community-5.26.26\lib\jaxb-api-2.2.12.jar
                                                                 [classpath] E:\environment\neo4j-community-5.26.26\lib\jetty-http2-common-12.1.8.jar
                                                                 [classpath] E:\environment\neo4j-community-5.26.26\lib\neo4j-bolt-connection-routed-11.0.1.jar
                                                                 [classpath] E:\environment\neo4j-community-5.26.26\lib\jettison-1.5.4.jar
                                                                 [classpath] E:\environment\neo4j-community-5.26.26\lib\neo4j-procedure-api-5.26.26.jar
                                                                 [classpath] E:\environment\neo4j-community-5.26.26\lib\shiro-core-2.1.0.jar
                                                                 [classpath] E:\environment\neo4j-community-5.26.26\lib\neo4j-resource-5.26.26.jar
                                                                 [classpath] E:\environment\neo4j-community-5.26.26\lib\jetty-http2-hpack-12.1.8.jar
                                                                 [classpath] E:\environment\neo4j-community-5.26.26\lib\neo4j-unsafe-5.26.26.jar
                                                                 [classpath] E:\environment\neo4j-community-5.26.26\lib\jPowerShell-3.0.jar
                                                                 [classpath] E:\environment\neo4j-community-5.26.26\lib\jline-terminal-3.21.0.jar
                                                                 [classpath] E:\environment\neo4j-community-5.26.26\lib\neo4j-cypher-physical-planning-5.26.26.jar
                                                                 [classpath] E:\environment\neo4j-community-5.26.26\lib\netty-transport-native-unix-common-4.1.133.Final.jar
                                                                 [classpath] E:\environment\neo4j-community-5.26.26\lib\jackson-jaxrs-json-provider-2.21.1.jar
                                                                 [classpath] E:\environment\neo4j-community-5.26.26\lib\shiro-crypto-core-2.1.0.jar
                                                                 [classpath] E:\environment\neo4j-community-5.26.26\lib\neo4j-cypher-javacc-parser-5.26.26.jar
                                                                 [classpath] E:\environment\neo4j-community-5.26.26\lib\jProcesses-1.6.5.jar
                                                                 [classpath] E:\environment\neo4j-community-5.26.26\lib\neo4j-import-tool-5.26.26.jar
                                                                 [classpath] E:\environment\neo4j-community-5.26.26\lib\commons-codec-1.17.1.jar
                                                                 [classpath] E:\environment\neo4j-community-5.26.26\lib\jackson-module-jaxb-annotations-2.21.1.jar
                                                                 [classpath] E:\environment\neo4j-community-5.26.26\lib\argparse4j-0.9.0.jar
                                                                 [classpath] E:\environment\neo4j-community-5.26.26\lib\istack-commons-runtime-3.0.8.jar
                                                                 [classpath] E:\environment\neo4j-community-5.26.26\lib\neo4j-logging-5.26.26.jar
                                                                 [classpath] E:\environment\neo4j-community-5.26.26\lib\cypher-v25-ast-factory-5.26.26.jar
                                                                 [classpath] E:\environment\neo4j-community-5.26.26\lib\netty-handler-4.1.133.Final.jar
                                                                 [classpath] E:\environment\neo4j-community-5.26.26\lib\jersey-server-2.46.jar
                                                                 [classpath] E:\environment\neo4j-community-5.26.26\lib\neo4j-import-api-5.26.26.jar
                                                                 [classpath] E:\environment\neo4j-community-5.26.26\lib\neo4j-cypher-config-5.26.26.jar
                                                                 [classpath] E:\environment\neo4j-community-5.26.26\lib\neo4j-kernel-api-5.26.26.jar
                                                                 [classpath] E:\environment\neo4j-community-5.26.26\lib\neo4j-cypher-runtime-util-5.26.26.jar
                                                                 [classpath] E:\environment\neo4j-community-5.26.26\lib\neo4j-common-5.26.26.jar
                                                                 [classpath] E:\environment\neo4j-community-5.26.26\lib\commons-text-1.12.0.jar
                                                                 [classpath] E:\environment\neo4j-community-5.26.26\lib\zstd-jni-1.5.6-6.jar
                                                                 [classpath] E:\environment\neo4j-community-5.26.26\lib\lucene-backward-codecs-9.11.1.jar
                                                                 [classpath] E:\environment\neo4j-community-5.26.26\lib\parquet-floor-1.62.jar
                                                                 [classpath] E:\environment\neo4j-community-5.26.26\lib\neo4j-graphdb-api-5.26.26.jar
                                                                 [classpath] E:\environment\neo4j-community-5.26.26\lib\neo4j-csv-5.26.26.jar
                                                                 [classpath] E:\environment\neo4j-community-5.26.26\lib\kiama_2.13-2.5.1.jar
                                                                 [classpath] E:\environment\neo4j-community-5.26.26\lib\hk2-utils-2.6.1.jar
                                                                 [classpath] E:\environment\neo4j-community-5.26.26\lib\FastInfoset-1.2.16.jar
                                                                 [classpath] E:\environment\neo4j-community-5.26.26\lib\neo4j-query-router-5.26.26.jar
                                                                 [classpath] E:\environment\neo4j-community-5.26.26\lib\scala-library-2.13.11.jar
                                                                 [classpath] E:\environment\neo4j-community-5.26.26\lib\neo4j-cypher-ir-5.26.26.jar
                                                                 [classpath] E:\environment\neo4j-community-5.26.26\lib\netty-resolver-4.1.133.Final.jar
                                                                 [classpath] E:\environment\neo4j-community-5.26.26\lib\caffeine-3.1.8.jar
2026-05-29 02:28:29.143+0000 INFO  [o.n.i.d.DiagnosticsManager] 
                                                                 [classpath] E:\environment\neo4j-community-5.26.26\lib\commons-io-2.17.0.jar
                                                                 [classpath] E:\environment\neo4j-community-5.26.26\lib\neo4j-procedure-5.26.26.jar
                                                                 [classpath] E:\environment\neo4j-community-5.26.26\lib\jakarta.activation-api-1.2.2.jar
                                                                 [classpath] E:\environment\neo4j-community-5.26.26\lib\jetty-session-12.1.8.jar
                                                                 [classpath] E:\environment\neo4j-community-5.26.26\lib\neo4j-data-collector-5.26.26.jar
                                                                 [classpath] E:\environment\neo4j-community-5.26.26\lib\jline-terminal-jansi-3.21.0.jar
                                                                 [classpath] E:\environment\neo4j-community-5.26.26\lib\neo4j-dbms-5.26.26.jar
                                                                 [classpath] E:\environment\neo4j-community-5.26.26\lib\javassist-3.30.2-GA.jar
                                                                 [classpath] E:\environment\neo4j-community-5.26.26\lib\shiro-crypto-hash-2.1.0.jar
                                                                 [classpath] E:\environment\neo4j-community-5.26.26\lib\shiro-hashes-argon2-2.1.0.jar
                                                                 [classpath] E:\environment\neo4j-community-5.26.26\lib\neo4j-slf4j-provider-5.26.26.jar
                                                                 [classpath] E:\environment\neo4j-community-5.26.26\lib\neo4j-lock-5.26.26.jar
                                                                 [classpath] E:\workspacce\AI\ai_kefu\local_services\*
                                                                 [classpath] E:\environment\neo4j-community-5.26.26\lib\neo4j-cloud-5.26.26.jar
                                                                 [classpath] E:\environment\neo4j-community-5.26.26\lib\neo4j-cypher-interpreted-runtime-5.26.26.jar
                                                                 [classpath] E:\environment\neo4j-community-5.26.26\lib\neo4j-push-to-cloud-5.26.26.jar
                                                                 [classpath] E:\environment\neo4j-community-5.26.26\lib\jctools-core-4.0.5.jar
                                                                 [classpath] E:\environment\neo4j-community-5.26.26\lib\txw2-2.3.2.jar
                                                                 [classpath] E:\environment\neo4j-community-5.26.26\lib\commons-configuration2-2.11.0.jar
                                                                 [classpath] E:\environment\neo4j-community-5.26.26\lib\neo4j-native-5.26.26.jar
                                                                 [classpath] E:\environment\neo4j-community-5.26.26\lib\neo4j-expressions-5.26.26.jar
                                                                 [classpath] E:\environment\neo4j-community-5.26.26\lib\neo4j-consistency-check-5.26.26.jar
                                                                 [classpath] E:\environment\neo4j-community-5.26.26\lib\netty-transport-native-epoll-4.1.133.Final-linux-aarch_64.jar
                                                                 [classpath] E:\environment\neo4j-community-5.26.26\lib\neo4j-notifications-5.26.26.jar
                                                                 [classpath] E:\environment\neo4j-community-5.26.26\lib\neo4j-exceptions-5.26.26.jar
                                                                 [classpath] E:\environment\neo4j-community-5.26.26\lib\neo4j-values-5.26.26.jar
                                                                 [classpath] E:\environment\neo4j-community-5.26.26\lib\neo4j-ssl-5.26.26.jar
                                                                 [classpath] E:\environment\neo4j-community-5.26.26\lib\jakarta.annotation-api-1.3.5.jar
                                                                 [classpath] E:\environment\neo4j-community-5.26.26\lib\neo4j-wal-5.26.26.jar
                                                                 [classpath] E:\environment\neo4j-community-5.26.26\lib\jline-reader-3.21.0.jar
                                                                 [classpath] E:\environment\neo4j-community-5.26.26\lib\annotations-5.26.26.jar
                                                                 [classpath] E:\environment\neo4j-community-5.26.26\lib\neo4j-fulltext-index-5.26.26.jar
                                                                 [classpath] E:\environment\neo4j-community-5.26.26\lib\lucene-core-9.11.1.jar
                                                                 [classpath] E:\environment\neo4j-community-5.26.26\lib\neo4j-token-api-5.26.26.jar
                                                                 [classpath] E:\environment\neo4j-community-5.26.26\lib\parquet-column-1.17.0.jar
                                                                 [classpath] E:\environment\neo4j-community-5.26.26\lib\neo4j-io-5.26.26.jar
                                                                 [classpath] E:\environment\neo4j-community-5.26.26\lib\jackson-jaxrs-base-2.21.1.jar
                                                                 [classpath] E:\environment\neo4j-community-5.26.26\lib\neo4j-codegen-5.26.26.jar
                                                                 [classpath] E:\environment\neo4j-community-5.26.26\lib\jetty-ee8-security-12.1.8.jar
                                                                 [classpath] E:\environment\neo4j-community-5.26.26\lib\jetty-util-12.1.8.jar
                                                                 [classpath] E:\environment\neo4j-community-5.26.26\lib\jetty-http-12.1.8.jar
                                                                 [classpath] E:\environment\neo4j-community-5.26.26\lib\neo4j-fabric-5.26.26.jar
                                                                 [classpath] E:\environment\neo4j-community-5.26.26\lib\antlr4-runtime-4.13.2.jar
                                                                 [classpath] E:\environment\neo4j-community-5.26.26\lib\neo4j-kernel-5.26.26.jar
                                                                 [classpath] E:\environment\neo4j-community-5.26.26\lib\jackson-annotations-2.21.jar
                                                                 [classpath] E:\environment\neo4j-community-5.26.26\lib\scala-collection-contrib_2.13-0.3.0.jar
                                                                 [classpath] E:\environment\neo4j-community-5.26.26\lib\jersey-container-servlet-2.46.jar
                                                                 [classpath] E:\environment\neo4j-community-5.26.26\lib\netty-transport-native-kqueue-4.1.133.Final-osx-x86_64.jar
                                                                 [classpath] E:\environment\neo4j-community-5.26.26\lib\neo4j-bolt-connection-netty-11.0.1.jar
                                                                 [classpath] E:\environment\neo4j-community-5.26.26\lib\neo4j-layout-5.26.26.jar
2026-05-29 02:28:29.143+0000 INFO  [o.n.i.d.DiagnosticsManager] 
                                                                 [classpath] E:\environment\neo4j-community-5.26.26\lib\neo4j-id-generator-5.26.26.jar
                                                                 [classpath] E:\environment\neo4j-community-5.26.26\lib\lucene-queryparser-9.11.1.jar
                                                                 [classpath] E:\environment\neo4j-community-5.26.26\lib\neo4j-bolt-5.26.26.jar
                                                                 [classpath] E:\environment\neo4j-community-5.26.26\lib\jts-core-1.20.0.jar
                                                                 [classpath] E:\environment\neo4j-community-5.26.26\lib\neo4j-cypher-5.26.26.jar
                                                                 [classpath] E:\environment\neo4j-community-5.26.26\lib\neo4j-bolt-connection-pooled-11.0.1.jar
                                                                 [classpath] E:\environment\neo4j-community-5.26.26\lib\ipaddress-5.5.1.jar
                                                                 [classpath] E:\environment\neo4j-community-5.26.26\lib\stax-ex-1.8.1.jar
                                                                 [classpath] E:\environment\neo4j-community-5.26.26\lib\neo4j-storage-engine-util-5.26.26.jar
                                                                 [classpath] E:\environment\neo4j-community-5.26.26\lib\server-api-5.26.26.jar
                                                                 [classpath] E:\environment\neo4j-community-5.26.26\lib\zstd-proxy-5.26.26.jar
                                                                 [classpath] E:\environment\neo4j-community-5.26.26\lib\log4j-layout-template-json-2.25.4.jar
                                                                 [classpath] E:\environment\neo4j-community-5.26.26\lib\cypher-parser-factory-5.26.26.jar
                                                                 [classpath] E:\environment\neo4j-community-5.26.26\lib\neo4j-schema-5.26.26.jar
                                                                 [classpath] E:\environment\neo4j-community-5.26.26\lib\log4j-core-2.25.4.jar
                                                                 [classpath] E:\environment\neo4j-community-5.26.26\lib\neo4j-bolt-connection-11.0.1.jar
                                                                 [classpath] E:\environment\neo4j-community-5.26.26\lib\parquet-format-structures-1.17.0.jar
                                                                 [classpath] E:\environment\neo4j-community-5.26.26\lib\neo4j-capabilities-5.26.26.jar
                                                                 [classpath] E:\environment\neo4j-community-5.26.26\lib\hk2-locator-2.6.1.jar
                                                                 [classpath] E:\environment\neo4j-community-5.26.26\lib\neo4j-graph-algo-5.26.26.jar
                                                                 [classpath] E:\environment\neo4j-community-5.26.26\lib\cypher-antlr-ast-common-5.26.26.jar
                                                                 [classpath] E:\environment\neo4j-community-5.26.26\lib\cypher-ast-factory-5.26.26.jar
                                                                 [classpath] E:\environment\neo4j-community-5.26.26\lib\parquet-hadoop-1.17.0.jar
                                                                 [classpath] E:\environment\neo4j-community-5.26.26\lib\jetty-http2-server-12.1.8.jar
                                                                 [classpath] E:\environment\neo4j-community-5.26.26\lib\jakarta.ws.rs-api-2.1.6.jar
                                                                 [classpath] E:\environment\neo4j-community-5.26.26\lib\netty-transport-native-epoll-4.1.133.Final-linux-x86_64.jar
                                                                 [classpath] E:\environment\neo4j-community-5.26.26\lib\jansi-2.4.0.jar
                                                                 [classpath] E:\environment\neo4j-community-5.26.26\lib\neo4j-rewriting-5.26.26.jar
                                                                 [classpath] E:\environment\neo4j-community-5.26.26\lib\neo4j-cypher-ast-factory-5.26.26.jar
                                                                 [classpath] E:\environment\neo4j-community-5.26.26\lib\neo4j-cypher-planner-spi-5.26.26.jar
                                                                 [classpath] E:\environment\neo4j-community-5.26.26\lib\neo4j-ast-5.26.26.jar
                                                                 [classpath] E:\environment\neo4j-community-5.26.26\lib\neo4j-cypher-rendering-5.26.26.jar
                                                                 [classpath] E:\environment\neo4j-community-5.26.26\lib\magnolia_2.13-1.1.8.jar
                                                                 [classpath] E:\environment\neo4j-community-5.26.26\lib\neo4j-collections-5.26.26.jar
                                                                 [classpath] E:\environment\neo4j-community-5.26.26\lib\neo4j-cypher-slotted-runtime-5.26.26.jar
                                                                 [classpath] E:\environment\neo4j-community-5.26.26\lib\reactor-core-3.7.12.jar
                                                                 [classpath] E:\environment\neo4j-community-5.26.26\lib\cypher-parser-ast-common-5.26.26.jar
                                                                 [classpath] E:\environment\neo4j-community-5.26.26\lib\neo4j-util-5.26.26.jar
                                                                 [classpath] E:\environment\neo4j-community-5.26.26\lib\jetty-ee8-webapp-12.1.8.jar
                                                                 [classpath] E:\environment\neo4j-community-5.26.26\lib\netty-buffer-4.1.133.Final.jar
                                                                 [classpath] E:\environment\neo4j-community-5.26.26\lib\cypher-v25-antlr-parser-5.26.26.jar
                                                                 [classpath] E:\environment\neo4j-community-5.26.26\lib\picocli-4.7.6.jar
                                                                 [classpath] E:\environment\neo4j-community-5.26.26\lib\neo4j-server-5.26.26.jar
                                                                 [classpath] E:\environment\neo4j-community-5.26.26\lib\netty-codec-4.1.133.Final.jar
                                                                 [classpath] E:\environment\neo4j-community-5.26.26\lib\jetty-xml-12.1.8.jar
                                                                 [classpath] E:\environment\neo4j-community-5.26.26\lib\neo4j-diagnostics-5.26.26.jar
                                                                 [classpath] E:\environment\neo4j-community-5.26.26\lib\parquet-encoding-1.17.0.jar
                                                                 [classpath] E:\environment\neo4j-community-5.26.26\lib\neo4j-java-driver-5.28.13.jar
                                                                 [classpath] E:\environment\neo4j-community-5.26.26\lib\neo4j-lucene-index-5.26.26.jar
                                                                 [classpath] E:\environment\neo4j-community-5.26.26\lib\eclipse-collections-api-11.1.0.jar
2026-05-29 02:28:29.143+0000 INFO  [o.n.i.d.DiagnosticsManager] 
                                                                 [classpath] E:\environment\neo4j-community-5.26.26\lib\neo4j-command-line-5.26.26.jar
                                                                 [classpath] E:\environment\neo4j-community-5.26.26\lib\parquet-common-1.17.0.jar
                                                                 [classpath] E:\environment\neo4j-community-5.26.26\lib\jetty-alpn-server-12.1.8.jar
                                                                 [classpath] E:\environment\neo4j-community-5.26.26\lib\jersey-container-servlet-core-2.46.jar
                                                                 [classpath] E:\environment\neo4j-community-5.26.26\lib\neo4j-index-5.26.26.jar
                                                                 [classpath] E:\environment\neo4j-community-5.26.26\lib\jetty-ee-webapp-12.1.8.jar
                                                                 [classpath] E:\environment\neo4j-community-5.26.26\lib\neo4j-cypher-expression-evaluator-5.26.26.jar
                                                                 [classpath] E:\environment\neo4j-community-5.26.26\lib\neo4j-cypher-macros-5.26.26.jar
                                                                 [classpath] E:\environment\neo4j-community-5.26.26\lib\neo4j-security-5.26.26.jar
                                                                 [classpath] E:\environment\neo4j-community-5.26.26\lib\jetty-ee8-nested-12.1.8.jar
                                                                 [classpath] E:\environment\neo4j-community-5.26.26\lib\neo4j-cypher-logical-plans-5.26.26.jar
                                                                 [classpath] E:\environment\neo4j-community-5.26.26\lib\cypher-parser-common-5.26.26.jar
                                                                 [classpath] E:\environment\neo4j-community-5.26.26\lib\shiro-event-2.1.0.jar
                                                                 [classpath] E:\environment\neo4j-community-5.26.26\lib\jakarta.validation-api-2.0.2.jar
                                                                 [classpath] E:\environment\neo4j-community-5.26.26\lib\cypher-v5-literal-interpreter-5.26.26.jar
                                                                 [classpath] E:\environment\neo4j-community-5.26.26\lib\commons-logging-1.3.4.jar
                                                                 [classpath] E:\environment\neo4j-community-5.26.26\lib\snappy-java-1.1.10.7.jar
                                                                 [classpath] E:\environment\neo4j-community-5.26.26\lib\javax.annotation-api-1.3.2.jar
                                                                 [classpath] E:\environment\neo4j-community-5.26.26\lib\netty-codec-http-4.1.133.Final.jar
                                                                 [classpath] E:\environment\neo4j-community-5.26.26\lib\neo4j-cypher-planner-5.26.26.jar
                                                                 [classpath] E:\environment\neo4j-community-5.26.26\lib\netty-transport-native-kqueue-4.1.133.Final-osx-aarch_64.jar
                                                                 [classpath] E:\environment\neo4j-community-5.26.26\lib\jetty-io-12.1.8.jar
                                                                 [classpath] E:\environment\neo4j-community-5.26.26\lib\netty-tcnative-classes-2.0.77.Final.jar
                                                                 [classpath] E:\environment\neo4j-community-5.26.26\lib\hk2-api-2.6.1.jar
                                                                 [classpath] E:\environment\neo4j-community-5.26.26\lib\commons-lang3-3.18.0.jar
                                                                 [classpath] E:\environment\neo4j-community-5.26.26\lib\neo4j-gql-status-5.26.26.jar
                                                                 [classpath] E:\environment\neo4j-community-5.26.26\lib\netty-transport-classes-epoll-4.1.133.Final.jar
                                                                 [classpath] E:\environment\neo4j-community-5.26.26\lib\neo4j-cypher-cache-5.26.26.jar
                                                                 [classpath] E:\environment\neo4j-community-5.26.26\lib\reactive-streams-1.0.4.jar
                                                                 [classpath] E:\environment\neo4j-community-5.26.26\lib\netty-transport-4.1.133.Final.jar
                                                                 [classpath] E:\environment\neo4j-community-5.26.26\lib\neo4j-monitoring-5.26.26.jar
                                                                 [classpath] E:\environment\neo4j-community-5.26.26\lib\jersey-client-2.46.jar
                                                                 [classpath] E:\environment\neo4j-community-5.26.26\lib\lucene-analysis-common-9.11.1.jar
                                                                 [classpath] E:\environment\neo4j-community-5.26.26\lib\scala-reflect-2.13.11.jar
                                                                 [classpath] E:\environment\neo4j-community-5.26.26\lib\jersey-hk2-2.46.jar
                                                                 [classpath] E:\environment\neo4j-community-5.26.26\lib\jetty-ee8-servlet-12.1.8.jar
                                                                 [classpath] E:\environment\neo4j-community-5.26.26\lib\jetty-servlet-api-4.0.9.jar
                                                                 [classpath] E:\environment\neo4j-community-5.26.26\lib\jaxb-runtime-2.3.2.jar
                                                                 [classpath] E:\environment\neo4j-community-5.26.26\lib\shiro-config-core-2.1.0.jar
                                                                 [classpath] E:\environment\neo4j-community-5.26.26\lib\jetty-server-12.1.8.jar
                                                                 [classpath] E:\environment\neo4j-community-5.26.26\lib\shiro-hashes-bcrypt-2.1.0.jar
                                                                 [classpath] E:\environment\neo4j-community-5.26.26\lib\neo4j-concurrent-5.26.26.jar
                                                                 [classpath] E:\environment\neo4j-community-5.26.26\lib\WMI4Java-1.6.3.jar
                                                                 [classpath] E:\environment\neo4j-community-5.26.26\lib\neo4j-spatial-index-5.26.26.jar
                                                                 [classpath] E:\environment\neo4j-community-5.26.26\lib\neo4j-record-storage-engine-5.26.26.jar
                                                                 [classpath] E:\environment\neo4j-community-5.26.26\lib\log4j-api-2.25.4.jar
                                                                 [classpath] E:\environment\neo4j-community-5.26.26\lib\cypher-shell-5.26.26.jar
                                                                 [classpath] E:\environment\neo4j-community-5.26.26\lib\jna-5.15.0.jar
                                                                 [classpath] E:\environment\neo4j-community-5.26.26\lib\netty-transport-classes-kqueue-4.1.133.Final.jar
                                                                 [classpath] E:\environment\neo4j-community-5.26.26\lib\cypher-v5-ast-factory-5.26.26.jar
2026-05-29 02:28:29.143+0000 INFO  [o.n.i.d.DiagnosticsManager] 
                                                                 [classpath] E:\environment\neo4j-community-5.26.26\lib\neo4j-bootcheck-5.26.26.jar
                                                                 [classpath] E:\environment\neo4j-community-5.26.26\lib\commons-compress-1.27.1.jar
                                                                 [classpath] E:\environment\neo4j-community-5.26.26\lib\cypher-v25-parser-listener-5.26.26.jar
                                                                 [classpath] E:\environment\neo4j-community-5.26.26\lib\shiro-lang-2.1.0.jar
                                                                 [classpath] E:\environment\neo4j-community-5.26.26\lib\jackson-core-2.21.1.jar
                                                                 [classpath] E:\environment\neo4j-community-5.26.26\lib\cypher-antlr-common-5.26.26.jar
                                                                 [classpath] E:\environment\neo4j-community-5.26.26\lib\shiro-cache-2.1.0.jar
                                                                 [classpath] E:\environment\neo4j-community-5.26.26\lib\neo4j-udc-5.26.26.jar
                                                                 [classpath] E:\environment\neo4j-community-5.26.26\lib\jakarta.inject-2.6.1.jar
                                                                 [classpath] E:\environment\neo4j-community-5.26.26\lib\neo4j-cypher-dsl-2024.2.0.jar
                                                                 [classpath] E:\environment\neo4j-community-5.26.26\lib\jersey-common-2.46.jar
                                                                 [classpath] E:\environment\neo4j-community-5.26.26\lib\jackson-databind-2.21.1.jar
                                                                 [classpath] E:\environment\neo4j-community-5.26.26\lib\netty-common-4.1.133.Final.jar
                                                                 [classpath] E:\environment\neo4j-community-5.26.26\lib\neo4j-5.26.26.jar
                                                                 [classpath] E:\environment\neo4j-community-5.26.26\lib\parquet-jackson-1.17.0.jar
                                                                 [classpath] E:\environment\neo4j-community-5.26.26\lib\neo4j-front-end-5.26.26.jar
                                                                 [classpath] E:\environment\neo4j-community-5.26.26\lib\neo4j-configuration-5.26.26.jar
                                                                 [classpath] E:\environment\neo4j-community-5.26.26\lib\eclipse-collections-11.1.0.jar
                                                                 [classpath] E:\environment\neo4j-community-5.26.26\lib\jetty-security-12.1.8.jar
                                                                 [classpath] E:\environment\neo4j-community-5.26.26\lib\jetty-alpn-java-server-12.1.8.jar
                                                                 [classpath] E:\environment\neo4j-community-5.26.26\lib\slf4j-api-2.0.9.jar
                                                                 [classpath] E:\environment\neo4j-community-5.26.26\lib\cypher-v5-parser-listener-5.26.26.jar
                                                                 [classpath] E:\environment\neo4j-community-5.26.26\lib\shiro-crypto-cipher-2.1.0.jar
                                                                 [classpath] E:\environment\neo4j-community-5.26.26\lib\jakarta.xml.bind-api-2.3.2.jar
                                                                 [classpath] E:\environment\neo4j-community-5.26.26\lib\cypher-v5-antlr-parser-5.26.26.jar
                                                                
2026-05-29 02:28:29.143+0000 INFO  [o.n.i.d.DiagnosticsManager] 
                                                                --------------------------------------------------------------------------------
                                                                                                [ Library path ]                                
                                                                --------------------------------------------------------------------------------
                                                                E:\environment\jdk21\bin
                                                                C:\Windows\Sun\Java\bin
                                                                C:\Windows\System32
                                                                C:\Windows
                                                                C:\Users\14609\AppData\Roaming\Code\User\globalStorage\github.copilot-chat\debugCommand
                                                                C:\Users\14609\AppData\Roaming\Code\User\globalStorage\github.copilot-chat\copilotCli
                                                                E:\environment\vmwareWorkstation176\bin
                                                                C:\Program Files\Common Files\Oracle\Java\javapath_target_16739812
                                                                C:\Program Files\NVIDIA GPU Computing Toolkit\CUDA\v12.5\bin
                                                                C:\Program Files\NVIDIA GPU Computing Toolkit\CUDA\v12.5\libnvvp
                                                                E:\environment\jdk21\bin
2026-05-29 02:28:29.143+0000 INFO  [o.n.i.d.DiagnosticsManager] 
                                                                --------------------------------------------------------------------------------
                                                                                             [ System properties ]                              
                                                                --------------------------------------------------------------------------------
                                                                sun.cpu.isalist = amd64
                                                                sun.jnu.encoding = GBK
                                                                sun.arch.data.model = 64
                                                                user.variant = 
                                                                user.timezone = Asia/Shanghai
                                                                sun.java.launcher = SUN_STANDARD
                                                                user.country = CN
                                                                sun.boot.library.path = E:\environment\jdk21\bin
                                                                sun.java.command = org.neo4j.server.CommunityEntryPoint --home-dir=E:\environment\neo4j-community-5.26.26 --config-dir=E:\workspacce\AI\ai_kefu\local_services --console-mode
                                                                jdk.debug = release
                                                                sun.cpu.endian = little
                                                                user.home = C:\Users\14609
                                                                user.language = zh
                                                                file.separator = \
                                                                user.script = 
                                                                sun.management.compiler = HotSpot 64-Bit Tiered Compilers
                                                                user.name = 14609
                                                                stdout.encoding = ms936
                                                                path.separator = ;
                                                                file.encoding = UTF-8
                                                                jnidispatch.path = C:\temp\jna-46855100\jna17132545777217404564.dll
                                                                jna.loaded = true
                                                                user.dir = E:\environment\neo4j-community-5.26.26
                                                                sun.os.patch.level = 
                                                                native.encoding = GBK
                                                                stderr.encoding = ms936
                                                                sun.io.unicode.encoding = UnicodeLittle
                                                                
2026-05-29 02:28:29.143+0000 INFO  [o.n.i.d.DiagnosticsManager] 
                                                                --------------------------------------------------------------------------------
                                                                                      [ (IANA) TimeZone database version ]                      
                                                                --------------------------------------------------------------------------------
                                                                  TimeZone version: 2025a (available for 603 zone identifiers)
                                                                
2026-05-29 02:28:29.143+0000 INFO  [o.n.i.d.DiagnosticsManager] 
                                                                --------------------------------------------------------------------------------
                                                                                            [ Network information ]                             
                                                                --------------------------------------------------------------------------------
                                                                Interface Hyper-V Virtual Switch Extension Adapter-Hyper-V Virtual Switch Extension Filter-0000:
                                                                Interface Hyper-V Virtual Ethernet Adapter-WFP Native MAC Layer LightWeight Filter-0000:
                                                                Interface Hyper-V Virtual Ethernet Adapter-QoS Packet Scheduler-0000:
                                                                Interface Hyper-V Virtual Ethernet Adapter-WFP 802.3 MAC Layer LightWeight Filter-0000:
                                                                Interface Killer E2600 Gigabit Ethernet Controller-WFP Native MAC Layer LightWeight Filter-0000:
                                                                Interface Killer E2600 Gigabit Ethernet Controller-QoS Packet Scheduler-0000:
                                                                Interface Killer E2600 Gigabit Ethernet Controller-WFP 802.3 MAC Layer LightWeight Filter-0000:
                                                                Interface Hyper-V Virtual Switch Extension Adapter #2-Hyper-V Virtual Switch Extension Filter-0000:
                                                                Interface Hyper-V Virtual Switch Extension Adapter #2-Virtual Filtering Platform VMSwitch Extension-0000:
                                                                Interface Microsoft Kernel Debug Network Adapter:
                                                                Interface Killer E2600 Gigabit Ethernet Controller:
                                                                    address: fe80:0:0:0:e80a:e4ff:a399:c282%ethernet_32769
                                                                Interface Bluetooth Device (Personal Area Network):
                                                                    address: fe80:0:0:0:b114:49f1:455c:195b%ethernet_32770
                                                                Interface Hyper-V Virtual Switch Extension Adapter:
                                                                Interface Hyper-V Virtual Ethernet Adapter:
                                                                    address: fe80:0:0:0:30ed:d8f7:7793:5a54%ethernet_32772
                                                                    address: 172.27.208.1
                                                                Interface Hyper-V Virtual Switch Extension Adapter #2:
                                                                Interface VMware Virtual Ethernet Adapter for VMnet1:
                                                                    address: fe80:0:0:0:18b9:ad5:d6dc:de66%ethernet_32774
                                                                    address: 192.168.171.1
                                                                Interface VMware Virtual Ethernet Adapter for VMnet8:
                                                                    address: fe80:0:0:0:e705:ffa9:55f8:2a02%ethernet_32775
                                                                    address: 192.168.137.1
                                                                Interface WAN Miniport (IP):
                                                                Interface WAN Miniport (IPv6):
                                                                Interface WAN Miniport (Network Monitor):
                                                                Interface WAN Miniport (PPPOE):
                                                                Interface Software Loopback Interface 1:
                                                                    address: 0:0:0:0:0:0:0:1
                                                                    address: 127.0.0.1
                                                                Interface CheekyMonkey-TAP:
                                                                Interface Wintun Userspace Tunnel:
                                                                    address: fe80:0:0:0:ff8e:f2e9:f3f7:2e91%iftype53_32769
                                                                Interface Intel(R) Wi-Fi 6 AX201 160MHz-WFP Native MAC Layer LightWeight Filter-0000:
                                                                Interface Intel(R) Wi-Fi 6 AX201 160MHz-Virtual WiFi Filter Driver-0000:
                                                                Interface Intel(R) Wi-Fi 6 AX201 160MHz-Native WiFi Filter Driver-0000:
                                                                Interface Intel(R) Wi-Fi 6 AX201 160MHz-QoS Packet Scheduler-0000:
                                                                Interface Intel(R) Wi-Fi 6 AX201 160MHz-WFP 802.3 MAC Layer LightWeight Filter-0000:
                                                                Interface Microsoft Wi-Fi Direct Virtual Adapter #3-WFP Native MAC Layer LightWeight Filter-0000:
                                                                Interface Microsoft Wi-Fi Direct Virtual Adapter #3-Native WiFi Filter Driver-0000:
                                                                Interface Microsoft Wi-Fi Direct Virtual Adapter #3-QoS Packet Scheduler-0000:
                                                                Interface Microsoft Wi-Fi Direct Virtual Adapter #3-WFP 802.3 MAC Layer LightWeight Filter-0000:
                                                                Interface Microsoft Wi-Fi Direct Virtual Adapter #4-WFP Native MAC Layer LightWeight Filter-0000:
                                                                Interface Microsoft Wi-Fi Direct Virtual Adapter #4-Native WiFi Filter Driver-0000:
                                                                Interface Microsoft Wi-Fi Direct Virtual Adapter #4-QoS Packet Scheduler-0000:
                                                                Interface Microsoft Wi-Fi Direct Virtual Adapter #4-WFP 802.3 MAC Layer LightWeight Filter-0000:
                                                                Interface Intel(R) Wi-Fi 6 AX201 160MHz:
                                                                    address: fe80:0:0:0:8108:76e:bba7:1752%wireless_32768
                                                                    address: 100.70.214.83
                                                                Interface Microsoft Wi-Fi Direct Virtual Adapter:
                                                                Interface Microsoft Wi-Fi Direct Virtual Adapter #2:
                                                                Interface Microsoft Wi-Fi Direct Virtual Adapter #3:
                                                                    address: fe80:0:0:0:60c1:38d1:7709:e7b4%wireless_32771
                                                                Interface Microsoft Wi-Fi Direct Virtual Adapter #4:
                                                                    address: fe80:0:0:0:a77f:466d:be29:8451%wireless_32772
                                                                Interface Microsoft Teredo Tunneling Adapter:
                                                                Interface Microsoft IP-HTTPS Platform Adapter:
                                                                Interface Microsoft 6to4 Adapter:
                                                                Interface WAN Miniport (SSTP):
                                                                Interface WAN Miniport (IKEv2):
                                                                Interface WAN Miniport (L2TP):
                                                                Interface WAN Miniport (PPTP):
                                                                
2026-05-29 02:28:29.143+0000 INFO  [o.n.i.d.DiagnosticsManager] 
                                                                --------------------------------------------------------------------------------
                                                                                         [ Native access information ]                          
                                                                --------------------------------------------------------------------------------
                                                                Native access details: Native access is not available for current platform.
                                                                
2026-05-29 02:28:29.143+0000 INFO  [o.n.i.d.DiagnosticsManager] 
                                                                --------------------------------------------------------------------------------
                                                                                                [ DBMS config ]                                 
                                                                --------------------------------------------------------------------------------
                                                                DBMS provided settings:
                                                                dbms.security.auth_enabled=true
                                                                dbms.usage_report.enabled=false
                                                                initial.dbms.default_database=neo4j
                                                                server.bolt.enabled=true
                                                                server.bolt.listen_address=127.0.0.1:7687
                                                                server.default_advertised_address=localhost
                                                                server.default_listen_address=127.0.0.1
                                                                server.directories.data=E:\workspacce\AI\ai_kefu\.data\neo4j-win\data
                                                                server.directories.import=E:\workspacce\AI\ai_kefu\.data\neo4j-win\import
                                                                server.directories.lib=E:\environment\neo4j-community-5.26.26\lib
                                                                server.directories.logs=E:\workspacce\AI\ai_kefu\.data\logs\neo4j
                                                                server.directories.neo4j_home=E:\environment\neo4j-community-5.26.26
                                                                server.directories.plugins=E:\workspacce\AI\ai_kefu\.data\neo4j-win\plugins
                                                                server.directories.run=E:\workspacce\AI\ai_kefu\.data\run\neo4j
                                                                server.http.enabled=true
                                                                server.http.listen_address=127.0.0.1:7474
                                                                server.https.enabled=false
                                                                server.logs.config=E:\environment\neo4j-community-5.26.26\conf\server-logs.xml
                                                                server.logs.user.config=E:\environment\neo4j-community-5.26.26\conf\user-logs.xml
                                                                server.memory.heap.initial_size=512.00MiB
                                                                server.memory.heap.max_size=512.00MiB
                                                                server.memory.pagecache.size=512.00MiB
                                                                Directories in use:
                                                                server.directories.data=E:\workspacce\AI\ai_kefu\.data\neo4j-win\data
                                                                server.directories.dumps.root=E:\workspacce\AI\ai_kefu\.data\neo4j-win\data\dumps
                                                                server.directories.import=E:\workspacce\AI\ai_kefu\.data\neo4j-win\import
                                                                server.directories.lib=E:\environment\neo4j-community-5.26.26\lib
                                                                server.directories.licenses=E:\environment\neo4j-community-5.26.26\licenses
                                                                server.directories.logs=E:\workspacce\AI\ai_kefu\.data\logs\neo4j
                                                                server.directories.plugins=E:\workspacce\AI\ai_kefu\.data\neo4j-win\plugins
                                                                server.directories.run=E:\workspacce\AI\ai_kefu\.data\run\neo4j
                                                                server.directories.script.root=E:\workspacce\AI\ai_kefu\.data\neo4j-win\data\scripts
                                                                server.directories.transaction.logs.root=E:\workspacce\AI\ai_kefu\.data\neo4j-win\data\transactions
                                                                
2026-05-29 02:28:29.143+0000 INFO  [o.n.i.d.DiagnosticsManager] 
                                                                --------------------------------------------------------------------------------
                                                                                                 [ Packaging ]                                  
                                                                --------------------------------------------------------------------------------
                                                                Edition: Community
                                                                Package Type: tar
                                                                
2026-05-29 02:28:29.212+0000 INFO  [o.n.d.i.DefaultIdentityModule] Found ServerId on disk: ServerId{87a18c1d} (87a18c1d-6ad9-4de0-9534-03ff935dae9f)
2026-05-29 02:28:29.214+0000 INFO  [o.n.d.i.DefaultIdentityModule] This instance is ServerId{87a18c1d} (87a18c1d-6ad9-4de0-9534-03ff935dae9f)
2026-05-29 02:28:31.198+0000 INFO  [o.n.s.CommunityNeoWebServer] ======== Neo4j 5.26.26 ========
2026-05-29 02:28:31.228+0000 INFO  [o.n.d.d.DatabaseLifecycles] Creating 'DatabaseId{00000000[system]}'.
2026-05-29 02:28:31.908+0000 INFO  [o.n.b.BoltServer] Using connector transport NIO
2026-05-29 02:28:32.189+0000 INFO  [o.n.b.BoltServer] Configured external Bolt connector with listener address /127.0.0.1:7687
2026-05-29 02:28:32.191+0000 INFO  [o.n.b.BoltServer] Bolt server loaded
2026-05-29 02:28:32.242+0000 INFO  [o.n.d.d.DatabaseLifecycles] Starting 'DatabaseId{00000000[system]}'.
2026-05-29 02:28:33.305+0000 INFO  [o.n.k.i.t.l.f.c.CheckpointLogFile] [system/00000000] Scanning log file with version 0 for checkpoint entries
2026-05-29 02:28:33.393+0000 INFO  [o.n.k.i.s.f.RecordFormatSelector] [system/00000000] Selected RecordFormat:PageAlignedV5_0[aligned-1.1] record format from store E:\workspacce\AI\ai_kefu\.data\neo4j-win\data\databases\system
2026-05-29 02:28:33.393+0000 INFO  [o.n.k.i.s.f.RecordFormatSelector] [system/00000000] Selected format from the store files: RecordFormat:PageAlignedV5_0[aligned-1.1]
2026-05-29 02:28:34.232+0000 INFO  [o.n.i.d.DiagnosticsManager] [system/00000000] 
                                                                [system/00000000] ********************************************************************************
                                                                [system/00000000]                               [ Database: system ]                              
                                                                [system/00000000] ********************************************************************************
                                                                [system/00000000] --------------------------------------------------------------------------------
                                                                [system/00000000]                                   [ Version ]                                   
                                                                [system/00000000] --------------------------------------------------------------------------------
                                                                [system/00000000] DBMS: community record-aligned-1.1
                                                                [system/00000000] Kernel version: 5.26.26
                                                                [system/00000000] 
                                                                [system/00000000] --------------------------------------------------------------------------------
                                                                [system/00000000]                                 [ Store files ]                                 
                                                                [system/00000000] --------------------------------------------------------------------------------
                                                                [system/00000000] Disk space on partition (Total / Free / Free %): 952245415936 / 177902661632 / 18
                                                                [system/00000000] Storage files stored on file store: NTFS
                                                                [system/00000000] Storage files: (filename : modification date - size)
                                                                [system/00000000]   database_lock: 2026-05-13 09:29:13.050+0000 - 0B
                                                                [system/00000000]   id-buffer.tmp.0: 2026-05-28 07:58:06.069+0000 - 0B
                                                                [system/00000000]   neostore: 2026-05-13 09:29:12.849+0000 - 8.000KiB
                                                                [system/00000000]   neostore.counts.db: 2026-05-29 02:28:33.978+0000 - 48.00KiB
                                                                [system/00000000]   neostore.indexstats.db: 2026-05-29 02:28:34.036+0000 - 48.00KiB
                                                                [system/00000000]   neostore.labeltokenstore.db: 2026-05-13 09:44:13.709+0000 - 8.000KiB
                                                                [system/00000000]   neostore.labeltokenstore.db.id: 2026-05-29 02:28:33.861+0000 - 40.00KiB
                                                                [system/00000000]   neostore.labeltokenstore.db.names: 2026-05-13 09:44:13.708+0000 - 8.000KiB
                                                                [system/00000000]   neostore.labeltokenstore.db.names.id: 2026-05-29 02:28:33.830+0000 - 40.00KiB
                                                                [system/00000000]   neostore.nodestore.db: 2026-05-13 09:44:13.713+0000 - 8.000KiB
                                                                [system/00000000]   neostore.nodestore.db.id: 2026-05-29 02:28:33.580+0000 - 40.00KiB
                                                                [system/00000000]   neostore.nodestore.db.labels: 2026-05-13 09:29:12.798+0000 - 8.000KiB
                                                                [system/00000000]   neostore.nodestore.db.labels.id: 2026-05-29 02:28:33.530+0000 - 40.00KiB
                                                                [system/00000000]   neostore.propertystore.db: 2026-05-13 09:44:13.712+0000 - 8.000KiB
                                                                [system/00000000]   neostore.propertystore.db.arrays: 2026-05-13 09:29:12.817+0000 - 8.000KiB
                                                                [system/00000000]   neostore.propertystore.db.arrays.id: 2026-05-29 02:28:33.686+0000 - 40.00KiB
                                                                [system/00000000]   neostore.propertystore.db.id: 2026-05-29 02:28:33.712+0000 - 40.00KiB
                                                                [system/00000000]   neostore.propertystore.db.index: 2026-05-13 09:44:13.711+0000 - 8.000KiB
                                                                [system/00000000]   neostore.propertystore.db.index.id: 2026-05-29 02:28:33.634+0000 - 40.00KiB
                                                                [system/00000000]   neostore.propertystore.db.index.keys: 2026-05-13 09:44:13.707+0000 - 8.000KiB
                                                                [system/00000000]   neostore.propertystore.db.index.keys.id: 2026-05-29 02:28:33.614+0000 - 40.00KiB
                                                                [system/00000000]   neostore.propertystore.db.strings: 2026-05-13 09:44:13.713+0000 - 8.000KiB
                                                                [system/00000000]   neostore.propertystore.db.strings.id: 2026-05-29 02:28:33.658+0000 - 40.00KiB
                                                                [system/00000000]   neostore.relationshipgroupstore.db: 2026-05-13 09:29:12.840+0000 - 8.000KiB
                                                                [system/00000000]   neostore.relationshipgroupstore.db.id: 2026-05-29 02:28:33.918+0000 - 40.00KiB
                                                                [system/00000000]   neostore.relationshipgroupstore.degrees.db: 2026-05-29 02:28:34.012+0000 - 40.00KiB
                                                                [system/00000000]   neostore.relationshipstore.db: 2026-05-13 09:44:13.714+0000 - 8.000KiB
                                                                [system/00000000]   neostore.relationshipstore.db.id: 2026-05-29 02:28:33.738+0000 - 40.00KiB
                                                                [system/00000000]   neostore.relationshiptypestore.db: 2026-05-13 09:44:13.716+0000 - 8.000KiB
                                                                [system/00000000]   neostore.relationshiptypestore.db.id: 2026-05-29 02:28:33.803+0000 - 40.00KiB
                                                                [system/00000000]   neostore.relationshiptypestore.db.names: 2026-05-13 09:44:13.715+0000 - 8.000KiB
                                                                [system/00000000]   neostore.relationshiptypestore.db.names.id: 2026-05-29 02:28:33.774+0000 - 40.00KiB
                                                                [system/00000000]   neostore.schemastore.db: 2026-05-13 09:44:13.710+0000 - 8.000KiB
                                                                [system/00000000]   neostore.schemastore.db.id: 2026-05-29 02:28:33.892+0000 - 40.00KiB
                                                                [system/00000000]   schema:
                                                                [system/00000000]     index:
                                                                [system/00000000]       range-1.0:
                                                                [system/00000000]         3:
                                                                [system/00000000]           index-3: 2026-05-28 07:58:05.999+0000 - 48.00KiB
                                                                [system/00000000]         - Total: 2026-05-13 09:29:13.692+0000 - 48.00KiB
                                                                [system/00000000]         4:
                                                                [system/00000000]           index-4: 2026-05-28 07:58:06.014+0000 - 48.00KiB
                                                                [system/00000000]         - Total: 2026-05-13 09:29:13.767+0000 - 48.00KiB
                                                                [system/00000000]         7:
                                                                [system/00000000]           index-7: 2026-05-28 07:58:06.021+0000 - 48.00KiB
                                                                [system/00000000]         - Total: 2026-05-13 09:29:13.948+0000 - 48.00KiB
                                                                [system/00000000]         8:
                                                                [system/00000000]           index-8: 2026-05-28 07:58:06.047+0000 - 48.00KiB
                                                                [system/00000000]         - Total: 2026-05-13 09:29:13.977+0000 - 48.00KiB
                                                                [system/00000000]         9:
                                                                [system/00000000]           index-9: 2026-05-28 07:58:06.053+0000 - 48.00KiB
                                                                [system/00000000]         - Total: 2026-05-13 09:29:14.006+0000 - 48.00KiB
                                                                [system/00000000]       - Total: 2026-05-13 09:29:14.005+0000 - 240.0KiB
                                                                [system/00000000]       token-lookup-1.0:
                                                                [system/00000000]         1:
                                                                [system/00000000]           index-1: 2026-05-28 07:58:05.942+0000 - 48.00KiB
                                                                [system/00000000]         - Total: 2026-05-13 09:29:13.488+0000 - 48.00KiB
                                                                [system/00000000]         2:
                                                                [system/00000000]           index-2: 2026-05-28 07:58:05.958+0000 - 48.00KiB
                                                                [system/00000000]         - Total: 2026-05-13 09:29:13.407+0000 - 48.00KiB
                                                                [system/00000000]       - Total: 2026-05-13 09:29:13.487+0000 - 96.00KiB
                                                                [system/00000000]     - Total: 2026-05-13 09:29:13.691+0000 - 336.0KiB
                                                                [system/00000000]   - Total: 2026-05-13 09:29:13.403+0000 - 336.0KiB
                                                                [system/00000000] Storage summary: 
                                                                [system/00000000]   Total size of store: 1.125MiB
                                                                [system/00000000]   Total size of mapped files: 456.0KiB
                                                                [system/00000000] 
                                                                [system/00000000] --------------------------------------------------------------------------------
                                                                [system/00000000]                               [ Transaction log ]                               
                                                                [system/00000000] --------------------------------------------------------------------------------
                                                                [system/00000000] Transaction log files stored on file store: NTFS
                                                                [system/00000000] Transaction log metadata:
                                                                [system/00000000]  - current kernel version used in transactions: V5_25
                                                                [system/00000000]  - last committed transaction id: 41
                                                                [system/00000000] Transaction log files:
                                                                [system/00000000]  - existing transaction log versions: 0-0
                                                                [system/00000000]  - oldest append index 2 found in log with version 0
                                                                [system/00000000]  - files: (filename : creation date - size)
                                                                [system/00000000]      neostore.transaction.db.0: 2026-05-13 09:29:13.075+0000 - 23.46KiB
                                                                [system/00000000]  - total size of files: 23.46KiB
                                                                [system/00000000] Checkpoint log files:
                                                                [system/00000000]  - existing checkpoint log versions: 0-0
                                                                [system/00000000]  - last checkpoint: CheckpointInfo[oldestNotVisibleTransactionLogPosition=LogPosition{logVersion=0, byteOffset=24028}, transactionLogPosition=LogPosition{logVersion=0, byteOffset=24028}, storeId=StoreId{creationTime=1778664552847, random=443747364235947064, storageEngineName='record', formatName='aligned', majorVersion=1, minorVersion=1}, checkpointEntryPosition=LogPosition{logVersion=0, byteOffset=360}, channelPositionAfterCheckpoint=LogPosition{logVersion=0, byteOffset=592}, checkpointFilePostReadPosition=LogPosition{logVersion=0, byteOffset=592}, kernelVersion=KernelVersion{V5_25,version=20}, kernelVersionByte=20, transactionId=TransactionId[id=41, appendIndex=41, kernelVersion=KernelVersion{V5_25,version=20}, checksum=2070859732, commitTimestamp=1778664554062, consensusIndex=-1], appendIndex=41, reason=Checkpoint triggered by "Scheduled checkpoint for every 15 minutes threshol, consensusIndexInCheckpoint=true]
                                                                [system/00000000] 
                                                                [system/00000000] --------------------------------------------------------------------------------
                                                                [system/00000000]                                   [ Id usage ]                                  
                                                                [system/00000000] --------------------------------------------------------------------------------
                                                                [system/00000000] ArrayPropertyStore[neostore.nodestore.db.labels]: used=1 high=0
                                                                [system/00000000] NodeStore[neostore.nodestore.db]: used=7 high=6
                                                                [system/00000000] StringPropertyStore[neostore.propertystore.db.index.keys]: used=47 high=46
                                                                [system/00000000] PropertyIndexStore[neostore.propertystore.db.index]: used=33 high=32
                                                                [system/00000000] StringPropertyStore[neostore.propertystore.db.strings]: used=3 high=2
                                                                [system/00000000] ArrayPropertyStore[neostore.propertystore.db.arrays]: used=1 high=0
                                                                [system/00000000] PropertyStore[neostore.propertystore.db]: used=73 high=72
                                                                [system/00000000] RelationshipStore[neostore.relationshipstore.db]: used=3 high=2
                                                                [system/00000000] StringPropertyStore[neostore.relationshiptypestore.db.names]: used=3 high=2
                                                                [system/00000000] RelationshipTypeStore[neostore.relationshiptypestore.db]: used=2 high=1
                                                                [system/00000000] StringPropertyStore[neostore.labeltokenstore.db.names]: used=6 high=5
                                                                [system/00000000] LabelTokenStore[neostore.labeltokenstore.db]: used=5 high=4
                                                                [system/00000000] SchemaStore[neostore.schemastore.db]: used=13 high=12
                                                                [system/00000000] RelationshipGroupStore[neostore.relationshipgroupstore.db]: used=1 high=0
                                                                [system/00000000] NeoStore[neostore]: used=-1 high=-1
                                                                [system/00000000] 
                                                                [system/00000000] --------------------------------------------------------------------------------
                                                                [system/00000000]                                   [ Metadata ]                                  
                                                                [system/00000000] --------------------------------------------------------------------------------
                                                                [system/00000000] EXTERNAL_STORE_UUID (Database identifier exposed as external store identity. Generated on creation and never updated): 217e3372-6310-4559-be9c-9ae3e02966ee
                                                                [system/00000000] DATABASE_ID (The last used DatabaseId for this database): null
                                                                [system/00000000] LEGACY_STORE_VERSION (Legacy store format version. This field is used from 5.0 onwards only to distinguish non-migrated pre 5.0 metadata stores.): -3523014627327384477
                                                                [system/00000000] STORE_ID (Store ID): StoreId{creationTime=1778664552847, random=443747364235947064, storageEngineName='record', formatName='aligned', majorVersion=1, minorVersion=1}
                                                                [system/00000000] 
2026-05-29 02:28:34.392+0000 INFO  [o.n.k.i.i.s.TokenIndexProvider] [system/00000000] Schema index cleanup job registered: descriptor=Index( id=1, name='index_343aff4e', type='LOOKUP', schema=(:<any-labels>), indexProvider='token-lookup-1.0' ), indexFile=E:\workspacce\AI\ai_kefu\.data\neo4j-win\data\databases\system\schema\index\token-lookup-1.0\1\index-1
2026-05-29 02:28:34.393+0000 INFO  [o.n.k.i.i.s.TokenIndexProvider] [system/00000000] Schema index cleanup job started: descriptor=Index( id=1, name='index_343aff4e', type='LOOKUP', schema=(:<any-labels>), indexProvider='token-lookup-1.0' ), indexFile=E:\workspacce\AI\ai_kefu\.data\neo4j-win\data\databases\system\schema\index\token-lookup-1.0\1\index-1
2026-05-29 02:28:34.400+0000 INFO  [o.n.k.i.i.s.TokenIndexProvider] [system/00000000] Schema index cleanup job finished: descriptor=Index( id=1, name='index_343aff4e', type='LOOKUP', schema=(:<any-labels>), indexProvider='token-lookup-1.0' ), indexFile=E:\workspacce\AI\ai_kefu\.data\neo4j-win\data\databases\system\schema\index\token-lookup-1.0\1\index-1 Number of pages visited: 3, Number of tree nodes: 2, Number of cleaned crashed pointers: 0, Time spent: 0ms
2026-05-29 02:28:34.400+0000 INFO  [o.n.k.i.i.s.TokenIndexProvider] [system/00000000] Schema index cleanup job closed: descriptor=Index( id=1, name='index_343aff4e', type='LOOKUP', schema=(:<any-labels>), indexProvider='token-lookup-1.0' ), indexFile=E:\workspacce\AI\ai_kefu\.data\neo4j-win\data\databases\system\schema\index\token-lookup-1.0\1\index-1
2026-05-29 02:28:34.425+0000 INFO  [o.n.k.i.i.s.TokenIndexProvider] [system/00000000] Schema index cleanup job registered: descriptor=Index( id=2, name='index_f7700477', type='LOOKUP', schema=()-[:<any-types>]-(), indexProvider='token-lookup-1.0' ), indexFile=E:\workspacce\AI\ai_kefu\.data\neo4j-win\data\databases\system\schema\index\token-lookup-1.0\2\index-2
2026-05-29 02:28:34.425+0000 INFO  [o.n.k.i.i.s.TokenIndexProvider] [system/00000000] Schema index cleanup job started: descriptor=Index( id=2, name='index_f7700477', type='LOOKUP', schema=()-[:<any-types>]-(), indexProvider='token-lookup-1.0' ), indexFile=E:\workspacce\AI\ai_kefu\.data\neo4j-win\data\databases\system\schema\index\token-lookup-1.0\2\index-2
2026-05-29 02:28:34.426+0000 INFO  [o.n.k.i.i.s.TokenIndexProvider] [system/00000000] Schema index cleanup job finished: descriptor=Index( id=2, name='index_f7700477', type='LOOKUP', schema=()-[:<any-types>]-(), indexProvider='token-lookup-1.0' ), indexFile=E:\workspacce\AI\ai_kefu\.data\neo4j-win\data\databases\system\schema\index\token-lookup-1.0\2\index-2 Number of pages visited: 3, Number of tree nodes: 2, Number of cleaned crashed pointers: 0, Time spent: 0ms
2026-05-29 02:28:34.427+0000 INFO  [o.n.k.i.i.s.TokenIndexProvider] [system/00000000] Schema index cleanup job closed: descriptor=Index( id=2, name='index_f7700477', type='LOOKUP', schema=()-[:<any-types>]-(), indexProvider='token-lookup-1.0' ), indexFile=E:\workspacce\AI\ai_kefu\.data\neo4j-win\data\databases\system\schema\index\token-lookup-1.0\2\index-2
2026-05-29 02:28:34.470+0000 INFO  [o.n.k.i.i.s.RangeIndexProvider] [system/00000000] Schema index cleanup job registered: descriptor=Index( id=3, name='constraint_798238d6', type='RANGE', schema=(:Label[1] {PropertyKey[11], PropertyKey[12]}), indexProvider='range-1.0', owningConstraint=5 ), indexFile=E:\workspacce\AI\ai_kefu\.data\neo4j-win\data\databases\system\schema\index\range-1.0\3\index-3
2026-05-29 02:28:34.470+0000 INFO  [o.n.k.i.i.s.RangeIndexProvider] [system/00000000] Schema index cleanup job started: descriptor=Index( id=3, name='constraint_798238d6', type='RANGE', schema=(:Label[1] {PropertyKey[11], PropertyKey[12]}), indexProvider='range-1.0', owningConstraint=5 ), indexFile=E:\workspacce\AI\ai_kefu\.data\neo4j-win\data\databases\system\schema\index\range-1.0\3\index-3
2026-05-29 02:28:34.471+0000 INFO  [o.n.k.i.i.s.RangeIndexProvider] [system/00000000] Schema index cleanup job finished: descriptor=Index( id=3, name='constraint_798238d6', type='RANGE', schema=(:Label[1] {PropertyKey[11], PropertyKey[12]}), indexProvider='range-1.0', owningConstraint=5 ), indexFile=E:\workspacce\AI\ai_kefu\.data\neo4j-win\data\databases\system\schema\index\range-1.0\3\index-3 Number of pages visited: 3, Number of tree nodes: 2, Number of cleaned crashed pointers: 0, Time spent: 0ms
2026-05-29 02:28:34.472+0000 INFO  [o.n.k.i.i.s.RangeIndexProvider] [system/00000000] Schema index cleanup job closed: descriptor=Index( id=3, name='constraint_798238d6', type='RANGE', schema=(:Label[1] {PropertyKey[11], PropertyKey[12]}), indexProvider='range-1.0', owningConstraint=5 ), indexFile=E:\workspacce\AI\ai_kefu\.data\neo4j-win\data\databases\system\schema\index\range-1.0\3\index-3
2026-05-29 02:28:34.496+0000 INFO  [o.n.k.i.i.s.RangeIndexProvider] [system/00000000] Schema index cleanup job registered: descriptor=Index( id=4, name='constraint_8014b60a', type='RANGE', schema=(:Label[2] {PropertyKey[11]}), indexProvider='range-1.0', owningConstraint=6 ), indexFile=E:\workspacce\AI\ai_kefu\.data\neo4j-win\data\databases\system\schema\index\range-1.0\4\index-4
2026-05-29 02:28:34.497+0000 INFO  [o.n.k.i.i.s.RangeIndexProvider] [system/00000000] Schema index cleanup job started: descriptor=Index( id=4, name='constraint_8014b60a', type='RANGE', schema=(:Label[2] {PropertyKey[11]}), indexProvider='range-1.0', owningConstraint=6 ), indexFile=E:\workspacce\AI\ai_kefu\.data\neo4j-win\data\databases\system\schema\index\range-1.0\4\index-4
2026-05-29 02:28:34.503+0000 INFO  [o.n.k.i.i.s.RangeIndexProvider] [system/00000000] Schema index cleanup job finished: descriptor=Index( id=4, name='constraint_8014b60a', type='RANGE', schema=(:Label[2] {PropertyKey[11]}), indexProvider='range-1.0', owningConstraint=6 ), indexFile=E:\workspacce\AI\ai_kefu\.data\neo4j-win\data\databases\system\schema\index\range-1.0\4\index-4 Number of pages visited: 3, Number of tree nodes: 2, Number of cleaned crashed pointers: 0, Time spent: 6ms
2026-05-29 02:28:34.504+0000 INFO  [o.n.k.i.i.s.RangeIndexProvider] [system/00000000] Schema index cleanup job closed: descriptor=Index( id=4, name='constraint_8014b60a', type='RANGE', schema=(:Label[2] {PropertyKey[11]}), indexProvider='range-1.0', owningConstraint=6 ), indexFile=E:\workspacce\AI\ai_kefu\.data\neo4j-win\data\databases\system\schema\index\range-1.0\4\index-4
2026-05-29 02:28:34.527+0000 INFO  [o.n.k.i.i.s.RangeIndexProvider] [system/00000000] Schema index cleanup job registered: descriptor=Index( id=7, name='constraint_5789ae3', type='RANGE', schema=(:Label[3] {PropertyKey[11]}), indexProvider='range-1.0', owningConstraint=12 ), indexFile=E:\workspacce\AI\ai_kefu\.data\neo4j-win\data\databases\system\schema\index\range-1.0\7\index-7
2026-05-29 02:28:34.528+0000 INFO  [o.n.k.i.i.s.RangeIndexProvider] [system/00000000] Schema index cleanup job started: descriptor=Index( id=7, name='constraint_5789ae3', type='RANGE', schema=(:Label[3] {PropertyKey[11]}), indexProvider='range-1.0', owningConstraint=12 ), indexFile=E:\workspacce\AI\ai_kefu\.data\neo4j-win\data\databases\system\schema\index\range-1.0\7\index-7
2026-05-29 02:28:34.534+0000 INFO  [o.n.k.i.i.s.RangeIndexProvider] [system/00000000] Schema index cleanup job finished: descriptor=Index( id=7, name='constraint_5789ae3', type='RANGE', schema=(:Label[3] {PropertyKey[11]}), indexProvider='range-1.0', owningConstraint=12 ), indexFile=E:\workspacce\AI\ai_kefu\.data\neo4j-win\data\databases\system\schema\index\range-1.0\7\index-7 Number of pages visited: 3, Number of tree nodes: 2, Number of cleaned crashed pointers: 0, Time spent: 5ms
2026-05-29 02:28:34.534+0000 INFO  [o.n.k.i.i.s.RangeIndexProvider] [system/00000000] Schema index cleanup job closed: descriptor=Index( id=7, name='constraint_5789ae3', type='RANGE', schema=(:Label[3] {PropertyKey[11]}), indexProvider='range-1.0', owningConstraint=12 ), indexFile=E:\workspacce\AI\ai_kefu\.data\neo4j-win\data\databases\system\schema\index\range-1.0\7\index-7
2026-05-29 02:28:34.558+0000 INFO  [o.n.k.i.i.s.RangeIndexProvider] [system/00000000] Schema index cleanup job registered: descriptor=Index( id=8, name='constraint_74fad970', type='RANGE', schema=(:Label[3] {PropertyKey[27]}), indexProvider='range-1.0', owningConstraint=10 ), indexFile=E:\workspacce\AI\ai_kefu\.data\neo4j-win\data\databases\system\schema\index\range-1.0\8\index-8
2026-05-29 02:28:34.559+0000 INFO  [o.n.k.i.i.s.RangeIndexProvider] [system/00000000] Schema index cleanup job started: descriptor=Index( id=8, name='constraint_74fad970', type='RANGE', schema=(:Label[3] {PropertyKey[27]}), indexProvider='range-1.0', owningConstraint=10 ), indexFile=E:\workspacce\AI\ai_kefu\.data\neo4j-win\data\databases\system\schema\index\range-1.0\8\index-8
2026-05-29 02:28:34.565+0000 INFO  [o.n.k.i.i.s.RangeIndexProvider] [system/00000000] Schema index cleanup job finished: descriptor=Index( id=8, name='constraint_74fad970', type='RANGE', schema=(:Label[3] {PropertyKey[27]}), indexProvider='range-1.0', owningConstraint=10 ), indexFile=E:\workspacce\AI\ai_kefu\.data\neo4j-win\data\databases\system\schema\index\range-1.0\8\index-8 Number of pages visited: 3, Number of tree nodes: 2, Number of cleaned crashed pointers: 0, Time spent: 5ms
2026-05-29 02:28:34.566+0000 INFO  [o.n.k.i.i.s.RangeIndexProvider] [system/00000000] Schema index cleanup job closed: descriptor=Index( id=8, name='constraint_74fad970', type='RANGE', schema=(:Label[3] {PropertyKey[27]}), indexProvider='range-1.0', owningConstraint=10 ), indexFile=E:\workspacce\AI\ai_kefu\.data\neo4j-win\data\databases\system\schema\index\range-1.0\8\index-8
2026-05-29 02:28:34.586+0000 INFO  [o.n.k.i.i.s.RangeIndexProvider] [system/00000000] Schema index cleanup job registered: descriptor=Index( id=9, name='auth-constraint', type='RANGE', schema=(:Label[4] {PropertyKey[28], PropertyKey[27]}), indexProvider='range-1.0', owningConstraint=11 ), indexFile=E:\workspacce\AI\ai_kefu\.data\neo4j-win\data\databases\system\schema\index\range-1.0\9\index-9
2026-05-29 02:28:34.587+0000 INFO  [o.n.k.i.i.s.RangeIndexProvider] [system/00000000] Schema index cleanup job started: descriptor=Index( id=9, name='auth-constraint', type='RANGE', schema=(:Label[4] {PropertyKey[28], PropertyKey[27]}), indexProvider='range-1.0', owningConstraint=11 ), indexFile=E:\workspacce\AI\ai_kefu\.data\neo4j-win\data\databases\system\schema\index\range-1.0\9\index-9
2026-05-29 02:28:34.588+0000 INFO  [o.n.k.i.a.i.IndexingService] [system/00000000] IndexingService.init: indexes not specifically mentioned above are ONLINE. Total 7 indexes. Processed in 249ms
2026-05-29 02:28:34.588+0000 INFO  [o.n.k.i.i.s.RangeIndexProvider] [system/00000000] Schema index cleanup job finished: descriptor=Index( id=9, name='auth-constraint', type='RANGE', schema=(:Label[4] {PropertyKey[28], PropertyKey[27]}), indexProvider='range-1.0', owningConstraint=11 ), indexFile=E:\workspacce\AI\ai_kefu\.data\neo4j-win\data\databases\system\schema\index\range-1.0\9\index-9 Number of pages visited: 3, Number of tree nodes: 2, Number of cleaned crashed pointers: 0, Time spent: 0ms
2026-05-29 02:28:34.589+0000 INFO  [o.n.k.i.i.s.RangeIndexProvider] [system/00000000] Schema index cleanup job closed: descriptor=Index( id=9, name='auth-constraint', type='RANGE', schema=(:Label[4] {PropertyKey[28], PropertyKey[27]}), indexProvider='range-1.0', owningConstraint=11 ), indexFile=E:\workspacce\AI\ai_kefu\.data\neo4j-win\data\databases\system\schema\index\range-1.0\9\index-9
2026-05-29 02:28:34.597+0000 INFO  [o.n.k.a.DatabaseAvailabilityGuard] [system/00000000] Requirement `Database unavailable` makes database system unavailable.
2026-05-29 02:28:34.599+0000 INFO  [o.n.k.a.DatabaseAvailabilityGuard] [system/00000000] DatabaseId{00000000[system]} is unavailable.
2026-05-29 02:28:34.643+0000 INFO  [o.n.k.d.Database] [system/00000000] Starting transaction log [E:\workspacce\AI\ai_kefu\.data\neo4j-win\data\transactions\system\neostore.transaction.db.0] at version=0
2026-05-29 02:28:34.652+0000 INFO  [o.n.k.d.Database] [system/00000000] Starting transaction log [E:\workspacce\AI\ai_kefu\.data\neo4j-win\data\transactions\system\checkpoint.0] at version=0
2026-05-29 02:28:34.654+0000 INFO  [o.n.k.i.t.l.f.c.CheckpointLogFile] [system/00000000] Scanning log file with version 0 for checkpoint entries
2026-05-29 02:28:34.661+0000 INFO  [o.n.k.i.a.i.IndexingService] [system/00000000] IndexingService.start: indexes not specifically mentioned above are ONLINE. Total 7 indexes. Processed in 0ms
2026-05-29 02:28:34.677+0000 INFO  [o.n.k.a.DatabaseAvailabilityGuard] [system/00000000] Fulfilling of requirement 'Database unavailable' makes database system available.
2026-05-29 02:28:34.678+0000 INFO  [o.n.k.a.DatabaseAvailabilityGuard] [system/00000000] DatabaseId{00000000[system]} is ready.
2026-05-29 02:28:34.925+0000 INFO  [o.n.s.s.s.UserSecurityGraphComponent] Performing postInitialization step for component 'security-users' with version 5 and status CURRENT
2026-05-29 02:28:34.925+0000 INFO  [o.n.s.s.s.UserSecurityGraphComponent] Updating the initial password in component 'security-users'
2026-05-29 02:28:34.974+0000 INFO  [o.n.d.d.DatabaseLifecycles] Creating 'DatabaseId{0a5c9463[neo4j]}'.
2026-05-29 02:28:34.979+0000 INFO  [o.n.d.d.DatabaseLifecycles] Starting 'DatabaseId{0a5c9463[neo4j]}'.
2026-05-29 02:28:35.022+0000 INFO  [o.n.k.i.t.l.f.c.CheckpointLogFile] [neo4j/0a5c9463] Scanning log file with version 0 for checkpoint entries
2026-05-29 02:28:35.046+0000 INFO  [o.n.k.i.s.f.RecordFormatSelector] [neo4j/0a5c9463] Selected RecordFormat:PageAlignedV5_0[aligned-1.1] record format from store E:\workspacce\AI\ai_kefu\.data\neo4j-win\data\databases\neo4j
2026-05-29 02:28:35.047+0000 INFO  [o.n.k.i.s.f.RecordFormatSelector] [neo4j/0a5c9463] Selected format from the store files: RecordFormat:PageAlignedV5_0[aligned-1.1]
2026-05-29 02:28:35.626+0000 INFO  [o.n.i.d.DiagnosticsManager] [neo4j/0a5c9463] 
                                                                [neo4j/0a5c9463] ********************************************************************************
                                                                [neo4j/0a5c9463]                               [ Database: neo4j ]                               
                                                                [neo4j/0a5c9463] ********************************************************************************
                                                                [neo4j/0a5c9463] --------------------------------------------------------------------------------
                                                                [neo4j/0a5c9463]                                   [ Version ]                                   
                                                                [neo4j/0a5c9463] --------------------------------------------------------------------------------
                                                                [neo4j/0a5c9463] DBMS: community record-aligned-1.1
                                                                [neo4j/0a5c9463] Kernel version: 5.26.26
                                                                [neo4j/0a5c9463] 
                                                                [neo4j/0a5c9463] --------------------------------------------------------------------------------
                                                                [neo4j/0a5c9463]                                 [ Store files ]                                 
                                                                [neo4j/0a5c9463] --------------------------------------------------------------------------------
                                                                [neo4j/0a5c9463] Disk space on partition (Total / Free / Free %): 952245415936 / 177902661632 / 18
                                                                [neo4j/0a5c9463] Storage files stored on file store: NTFS
                                                                [neo4j/0a5c9463] Storage files: (filename : modification date - size)
                                                                [neo4j/0a5c9463]   database_lock: 2026-05-13 09:29:14.134+0000 - 0B
                                                                [neo4j/0a5c9463]   id-buffer.tmp.0: 2026-05-28 07:58:06.657+0000 - 0B
                                                                [neo4j/0a5c9463]   neostore: 2026-05-27 09:04:56.344+0000 - 8.000KiB
                                                                [neo4j/0a5c9463]   neostore.counts.db: 2026-05-29 02:28:35.579+0000 - 40.00KiB
                                                                [neo4j/0a5c9463]   neostore.indexstats.db: 2026-05-27 09:05:25.567+0000 - 0B
                                                                [neo4j/0a5c9463]   neostore.labeltokenstore.db: 2026-05-27 09:04:57.128+0000 - 8.000KiB
                                                                [neo4j/0a5c9463]   neostore.labeltokenstore.db.id: 2026-05-29 02:28:35.498+0000 - 40.00KiB
                                                                [neo4j/0a5c9463]   neostore.labeltokenstore.db.names: 2026-05-27 09:04:57.129+0000 - 8.000KiB
                                                                [neo4j/0a5c9463]   neostore.labeltokenstore.db.names.id: 2026-05-29 02:28:35.458+0000 - 40.00KiB
                                                                [neo4j/0a5c9463]   neostore.nodestore.db: 2026-05-27 09:04:58.934+0000 - 64.00KiB
                                                                [neo4j/0a5c9463]   neostore.nodestore.db.id: 2026-05-29 02:28:35.105+0000 - 40.00KiB
                                                                [neo4j/0a5c9463]   neostore.nodestore.db.labels: 2026-05-27 09:04:56.282+0000 - 8.000KiB
                                                                [neo4j/0a5c9463]   neostore.nodestore.db.labels.id: 2026-05-29 02:28:35.069+0000 - 40.00KiB
                                                                [neo4j/0a5c9463]   neostore.propertystore.db: 2026-05-27 09:04:58.934+0000 - 112.0KiB
                                                                [neo4j/0a5c9463]   neostore.propertystore.db.arrays: 2026-05-27 09:04:56.303+0000 - 8.000KiB
                                                                [neo4j/0a5c9463]   neostore.propertystore.db.arrays.id: 2026-05-29 02:28:35.256+0000 - 40.00KiB
                                                                [neo4j/0a5c9463]   neostore.propertystore.db.id: 2026-05-29 02:28:35.294+0000 - 40.00KiB
                                                                [neo4j/0a5c9463]   neostore.propertystore.db.index: 2026-05-27 09:04:58.934+0000 - 8.000KiB
                                                                [neo4j/0a5c9463]   neostore.propertystore.db.index.id: 2026-05-29 02:28:35.202+0000 - 40.00KiB
                                                                [neo4j/0a5c9463]   neostore.propertystore.db.index.keys: 2026-05-27 09:04:58.934+0000 - 8.000KiB
                                                                [neo4j/0a5c9463]   neostore.propertystore.db.index.keys.id: 2026-05-29 02:28:35.158+0000 - 40.00KiB
                                                                [neo4j/0a5c9463]   neostore.propertystore.db.strings: 2026-05-27 09:04:57.256+0000 - 96.00KiB
                                                                [neo4j/0a5c9463]   neostore.propertystore.db.strings.id: 2026-05-29 02:28:35.235+0000 - 40.00KiB
                                                                [neo4j/0a5c9463]   neostore.relationshipgroupstore.db: 2026-05-27 09:04:56.336+0000 - 8.000KiB
                                                                [neo4j/0a5c9463]   neostore.relationshipgroupstore.db.id: 2026-05-29 02:28:35.560+0000 - 40.00KiB
                                                                [neo4j/0a5c9463]   neostore.relationshipgroupstore.degrees.db: 2026-05-29 02:28:35.599+0000 - 40.00KiB
                                                                [neo4j/0a5c9463]   neostore.relationshipstore.db: 2026-05-27 09:04:58.934+0000 - 72.00KiB
                                                                [neo4j/0a5c9463]   neostore.relationshipstore.db.id: 2026-05-29 02:28:35.339+0000 - 40.00KiB
                                                                [neo4j/0a5c9463]   neostore.relationshiptypestore.db: 2026-05-27 09:04:57.765+0000 - 8.000KiB
                                                                [neo4j/0a5c9463]   neostore.relationshiptypestore.db.id: 2026-05-29 02:28:35.420+0000 - 40.00KiB
                                                                [neo4j/0a5c9463]   neostore.relationshiptypestore.db.names: 2026-05-27 09:04:57.764+0000 - 8.000KiB
                                                                [neo4j/0a5c9463]   neostore.relationshiptypestore.db.names.id: 2026-05-29 02:28:35.385+0000 - 40.00KiB
                                                                [neo4j/0a5c9463]   neostore.schemastore.db: 2026-05-27 09:04:58.934+0000 - 8.000KiB
                                                                [neo4j/0a5c9463]   neostore.schemastore.db.id: 2026-05-29 02:28:35.537+0000 - 40.00KiB
                                                                [neo4j/0a5c9463]   schema:
                                                                [neo4j/0a5c9463]     index:
                                                                [neo4j/0a5c9463]       token-lookup-1.0:
                                                                [neo4j/0a5c9463]         1:
                                                                [neo4j/0a5c9463]           index-1: 2026-05-28 07:58:06.635+0000 - 40.00KiB
                                                                [neo4j/0a5c9463]         - Total: 2026-05-27 09:04:58.763+0000 - 40.00KiB
                                                                [neo4j/0a5c9463]         2:
                                                                [neo4j/0a5c9463]           index-2: 2026-05-28 07:58:06.654+0000 - 40.00KiB
                                                                [neo4j/0a5c9463]         - Total: 2026-05-27 09:04:58.859+0000 - 40.00KiB
                                                                [neo4j/0a5c9463]       - Total: 2026-05-27 09:04:58.859+0000 - 80.00KiB
                                                                [neo4j/0a5c9463]     - Total: 2026-05-27 09:04:58.752+0000 - 80.00KiB
                                                                [neo4j/0a5c9463]   - Total: 2026-05-27 09:04:58.751+0000 - 80.00KiB
                                                                [neo4j/0a5c9463] Storage summary: 
                                                                [neo4j/0a5c9463]   Total size of store: 1.125MiB
                                                                [neo4j/0a5c9463]   Total size of mapped files: 512.0KiB
                                                                [neo4j/0a5c9463] 
                                                                [neo4j/0a5c9463] --------------------------------------------------------------------------------
                                                                [neo4j/0a5c9463]                               [ Transaction log ]                               
                                                                [neo4j/0a5c9463] --------------------------------------------------------------------------------
                                                                [neo4j/0a5c9463] Transaction log files stored on file store: NTFS
                                                                [neo4j/0a5c9463] Transaction log metadata:
                                                                [neo4j/0a5c9463]  - current kernel version used in transactions: V5_25
                                                                [neo4j/0a5c9463]  - last committed transaction id: 2
                                                                [neo4j/0a5c9463] Transaction log files:
                                                                [neo4j/0a5c9463]  - existing transaction log versions: 0-0
                                                                [neo4j/0a5c9463]  - oldest append index 2 found in log with version 0
                                                                [neo4j/0a5c9463]  - files: (filename : creation date - size)
                                                                [neo4j/0a5c9463]      neostore.transaction.db.0: 2026-05-27 09:04:58.467+0000 - 184B
                                                                [neo4j/0a5c9463]  - total size of files: 184B
                                                                [neo4j/0a5c9463] Checkpoint log files:
                                                                [neo4j/0a5c9463]  - existing checkpoint log versions: 0-0
                                                                [neo4j/0a5c9463]  - last checkpoint: CheckpointInfo[oldestNotVisibleTransactionLogPosition=LogPosition{logVersion=0, byteOffset=184}, transactionLogPosition=LogPosition{logVersion=0, byteOffset=184}, storeId=StoreId{creationTime=1779872696342, random=-6912127355772180954, storageEngineName='record', formatName='aligned', majorVersion=1, minorVersion=1}, checkpointEntryPosition=LogPosition{logVersion=0, byteOffset=128}, channelPositionAfterCheckpoint=LogPosition{logVersion=0, byteOffset=360}, checkpointFilePostReadPosition=LogPosition{logVersion=0, byteOffset=360}, kernelVersion=KernelVersion{V5_25,version=20}, kernelVersionByte=20, transactionId=TransactionId[id=2, appendIndex=2, kernelVersion=KernelVersion{V5_25,version=20}, checksum=1265832560, commitTimestamp=0, consensusIndex=-1], appendIndex=2, reason=Batch importer checkpoint., consensusIndexInCheckpoint=true]
                                                                [neo4j/0a5c9463] 
                                                                [neo4j/0a5c9463] --------------------------------------------------------------------------------
                                                                [neo4j/0a5c9463]                                   [ Id usage ]                                  
                                                                [neo4j/0a5c9463] --------------------------------------------------------------------------------
                                                                [neo4j/0a5c9463] ArrayPropertyStore[neostore.nodestore.db.labels]: used=1 high=0
                                                                [neo4j/0a5c9463] NodeStore[neostore.nodestore.db]: used=4368 high=4367
                                                                [neo4j/0a5c9463] StringPropertyStore[neostore.propertystore.db.index.keys]: used=78 high=77
                                                                [neo4j/0a5c9463] PropertyIndexStore[neostore.propertystore.db.index]: used=68 high=67
                                                                [neo4j/0a5c9463] StringPropertyStore[neostore.propertystore.db.strings]: used=769 high=768
                                                                [neo4j/0a5c9463] ArrayPropertyStore[neostore.propertystore.db.arrays]: used=1 high=0
                                                                [neo4j/0a5c9463] PropertyStore[neostore.propertystore.db]: used=2596 high=2595
                                                                [neo4j/0a5c9463] RelationshipStore[neostore.relationshipstore.db]: used=2160 high=2159
                                                                [neo4j/0a5c9463] StringPropertyStore[neostore.relationshiptypestore.db.names]: used=10 high=9
                                                                [neo4j/0a5c9463] RelationshipTypeStore[neostore.relationshiptypestore.db]: used=9 high=8
                                                                [neo4j/0a5c9463] StringPropertyStore[neostore.labeltokenstore.db.names]: used=9 high=8
                                                                [neo4j/0a5c9463] LabelTokenStore[neostore.labeltokenstore.db]: used=8 high=7
                                                                [neo4j/0a5c9463] SchemaStore[neostore.schemastore.db]: used=3 high=2
                                                                [neo4j/0a5c9463] RelationshipGroupStore[neostore.relationshipgroupstore.db]: used=1 high=0
                                                                [neo4j/0a5c9463] NeoStore[neostore]: used=-1 high=-1
                                                                [neo4j/0a5c9463] 
                                                                [neo4j/0a5c9463] --------------------------------------------------------------------------------
                                                                [neo4j/0a5c9463]                                   [ Metadata ]                                  
                                                                [neo4j/0a5c9463] --------------------------------------------------------------------------------
                                                                [neo4j/0a5c9463] EXTERNAL_STORE_UUID (Database identifier exposed as external store identity. Generated on creation and never updated): 7346b50d-acbb-4b35-b845-55b9e9cda1cd
                                                                [neo4j/0a5c9463] DATABASE_ID (The last used DatabaseId for this database): null
                                                                [neo4j/0a5c9463] LEGACY_STORE_VERSION (Legacy store format version. This field is used from 5.0 onwards only to distinguish non-migrated pre 5.0 metadata stores.): -3523014627327384477
                                                                [neo4j/0a5c9463] STORE_ID (Store ID): StoreId{creationTime=1779872696342, random=-6912127355772180954, storageEngineName='record', formatName='aligned', majorVersion=1, minorVersion=1}
                                                                [neo4j/0a5c9463] 
2026-05-29 02:28:35.654+0000 INFO  [o.n.k.i.i.s.TokenIndexProvider] [neo4j/0a5c9463] Schema index cleanup job registered: descriptor=Index( id=1, name='index_343aff4e', type='LOOKUP', schema=(:<any-labels>), indexProvider='token-lookup-1.0' ), indexFile=E:\workspacce\AI\ai_kefu\.data\neo4j-win\data\databases\neo4j\schema\index\token-lookup-1.0\1\index-1
2026-05-29 02:28:35.655+0000 INFO  [o.n.k.i.i.s.TokenIndexProvider] [neo4j/0a5c9463] Schema index cleanup job started: descriptor=Index( id=1, name='index_343aff4e', type='LOOKUP', schema=(:<any-labels>), indexProvider='token-lookup-1.0' ), indexFile=E:\workspacce\AI\ai_kefu\.data\neo4j-win\data\databases\neo4j\schema\index\token-lookup-1.0\1\index-1
2026-05-29 02:28:35.656+0000 INFO  [o.n.k.i.i.s.TokenIndexProvider] [neo4j/0a5c9463] Schema index cleanup job finished: descriptor=Index( id=1, name='index_343aff4e', type='LOOKUP', schema=(:<any-labels>), indexProvider='token-lookup-1.0' ), indexFile=E:\workspacce\AI\ai_kefu\.data\neo4j-win\data\databases\neo4j\schema\index\token-lookup-1.0\1\index-1 Number of pages visited: 2, Number of tree nodes: 1, Number of cleaned crashed pointers: 0, Time spent: 0ms
2026-05-29 02:28:35.656+0000 INFO  [o.n.k.i.i.s.TokenIndexProvider] [neo4j/0a5c9463] Schema index cleanup job closed: descriptor=Index( id=1, name='index_343aff4e', type='LOOKUP', schema=(:<any-labels>), indexProvider='token-lookup-1.0' ), indexFile=E:\workspacce\AI\ai_kefu\.data\neo4j-win\data\databases\neo4j\schema\index\token-lookup-1.0\1\index-1
2026-05-29 02:28:35.673+0000 INFO  [o.n.k.i.i.s.TokenIndexProvider] [neo4j/0a5c9463] Schema index cleanup job registered: descriptor=Index( id=2, name='index_f7700477', type='LOOKUP', schema=()-[:<any-types>]-(), indexProvider='token-lookup-1.0' ), indexFile=E:\workspacce\AI\ai_kefu\.data\neo4j-win\data\databases\neo4j\schema\index\token-lookup-1.0\2\index-2
2026-05-29 02:28:35.673+0000 INFO  [o.n.k.i.i.s.TokenIndexProvider] [neo4j/0a5c9463] Schema index cleanup job started: descriptor=Index( id=2, name='index_f7700477', type='LOOKUP', schema=()-[:<any-types>]-(), indexProvider='token-lookup-1.0' ), indexFile=E:\workspacce\AI\ai_kefu\.data\neo4j-win\data\databases\neo4j\schema\index\token-lookup-1.0\2\index-2
2026-05-29 02:28:35.673+0000 INFO  [o.n.k.i.a.i.IndexingService] [neo4j/0a5c9463] IndexingService.init: indexes not specifically mentioned above are ONLINE. Total 2 indexes. Processed in 40ms
2026-05-29 02:28:35.674+0000 INFO  [o.n.k.i.i.s.TokenIndexProvider] [neo4j/0a5c9463] Schema index cleanup job finished: descriptor=Index( id=2, name='index_f7700477', type='LOOKUP', schema=()-[:<any-types>]-(), indexProvider='token-lookup-1.0' ), indexFile=E:\workspacce\AI\ai_kefu\.data\neo4j-win\data\databases\neo4j\schema\index\token-lookup-1.0\2\index-2 Number of pages visited: 2, Number of tree nodes: 1, Number of cleaned crashed pointers: 0, Time spent: 0ms
2026-05-29 02:28:35.674+0000 INFO  [o.n.k.i.i.s.TokenIndexProvider] [neo4j/0a5c9463] Schema index cleanup job closed: descriptor=Index( id=2, name='index_f7700477', type='LOOKUP', schema=()-[:<any-types>]-(), indexProvider='token-lookup-1.0' ), indexFile=E:\workspacce\AI\ai_kefu\.data\neo4j-win\data\databases\neo4j\schema\index\token-lookup-1.0\2\index-2
2026-05-29 02:28:35.676+0000 INFO  [o.n.k.a.DatabaseAvailabilityGuard] [neo4j/0a5c9463] Requirement `Database unavailable` makes database neo4j unavailable.
2026-05-29 02:28:35.676+0000 INFO  [o.n.k.a.DatabaseAvailabilityGuard] [neo4j/0a5c9463] DatabaseId{0a5c9463[neo4j]} is unavailable.
2026-05-29 02:28:35.678+0000 INFO  [o.n.k.d.Database] [neo4j/0a5c9463] Starting transaction log [E:\workspacce\AI\ai_kefu\.data\neo4j-win\data\transactions\neo4j\neostore.transaction.db.0] at version=0
2026-05-29 02:28:35.680+0000 INFO  [o.n.k.d.Database] [neo4j/0a5c9463] Starting transaction log [E:\workspacce\AI\ai_kefu\.data\neo4j-win\data\transactions\neo4j\checkpoint.0] at version=0
2026-05-29 02:28:35.682+0000 INFO  [o.n.k.i.t.l.f.c.CheckpointLogFile] [neo4j/0a5c9463] Scanning log file with version 0 for checkpoint entries
2026-05-29 02:28:35.685+0000 INFO  [o.n.k.i.a.i.IndexingService] [neo4j/0a5c9463] IndexingService.start: indexes not specifically mentioned above are ONLINE. Total 2 indexes. Processed in 0ms
2026-05-29 02:28:35.686+0000 INFO  [o.n.k.a.DatabaseAvailabilityGuard] [neo4j/0a5c9463] Fulfilling of requirement 'Database unavailable' makes database neo4j available.
2026-05-29 02:28:35.686+0000 INFO  [o.n.k.a.DatabaseAvailabilityGuard] [neo4j/0a5c9463] DatabaseId{0a5c9463[neo4j]} is ready.
2026-05-29 02:28:35.774+0000 INFO  [o.n.b.p.c.c.n.SocketNettyConnector] Bolt enabled on 127.0.0.1:7687.
2026-05-29 02:28:35.777+0000 WARN  [i.n.b.ServerBootstrap] Unknown channel option 'SO_REUSEADDR' for channel '[id: 0x209d3819]' of type 'class io.netty.channel.local.LocalServerChannel'
2026-05-29 02:28:35.788+0000 INFO  [o.n.b.BoltServer] Bolt server started
2026-05-29 02:28:35.788+0000 INFO  [o.n.s.A.ServerComponentsLifecycleAdapter] Starting web server
2026-05-29 02:28:39.029+0000 INFO  [o.n.s.CommunityNeoWebServer] HTTP enabled on 127.0.0.1:7474.
2026-05-29 02:28:39.030+0000 INFO  [o.n.s.CommunityNeoWebServer] Remote interface available at http://localhost:7474/
2026-05-29 02:28:39.030+0000 INFO  [o.n.s.A.ServerComponentsLifecycleAdapter] Web server started.
2026-05-29 02:28:39.036+0000 INFO  [o.n.g.f.DatabaseManagementServiceFactory] id: FB3B039A7857AC973A9E3B82A4DF286D16BC87314DB14D9088A1FB069A158A18
2026-05-29 02:28:39.037+0000 INFO  [o.n.g.f.DatabaseManagementServiceFactory] name: system
2026-05-29 02:28:39.037+0000 INFO  [o.n.g.f.DatabaseManagementServiceFactory] creationDate: 2026-05-13T09:29:12.847Z
2026-05-29 11:40:06.830+0000 WARN  [o.n.k.i.c.VmPauseMonitorComponent] Detected VM stop-the-world pause: {pauseTime=10862, gcTime=0, gcCount=0}
2026-06-09 06:27:35.541+0000 INFO  [o.n.g.f.m.GlobalModule] Logging config in use: File 'E:\environment\neo4j-community-5.26.26\conf\server-logs.xml'
2026-06-09 06:27:35.958+0000 WARN  [o.n.i.p.PageCache] Reflection access to java.nio.DirectByteBuffer is not available, using fallback mode. This could have negative impact on performance and memory usage. Consider adding --add-opens=java.base/java.nio=ALL-UNNAMED to VM options.
2026-06-09 06:27:36.225+0000 ERROR [o.n.i.d.DiagnosticsManager] Failure while logging diagnostics for LIBRARY_PATH
java.nio.file.InvalidPathException: Illegal char <"> at index 0: "E:\environment\jdk21\jre\bin
	at java.base/sun.nio.fs.WindowsPathParser.normalize(WindowsPathParser.java:204)
	at java.base/sun.nio.fs.WindowsPathParser.parse(WindowsPathParser.java:175)
	at java.base/sun.nio.fs.WindowsPathParser.parse(WindowsPathParser.java:77)
	at java.base/sun.nio.fs.WindowsPath.parse(WindowsPath.java:92)
	at java.base/sun.nio.fs.WindowsFileSystem.getPath(WindowsFileSystem.java:231)
	at java.base/java.nio.file.Path.of(Path.java:148)
	at org.neo4j.kernel.diagnostics.providers.SystemDiagnostics.canonicalize(SystemDiagnostics.java:270)
	at org.neo4j.kernel.diagnostics.providers.SystemDiagnostics$6.dump(SystemDiagnostics.java:185)
	at org.neo4j.internal.diagnostics.DiagnosticsManager.dump(DiagnosticsManager.java:49)
	at org.neo4j.kernel.diagnostics.providers.DbmsDiagnosticsManager.lambda$dumpSystemDiagnostics$7(DbmsDiagnosticsManager.java:158)
	at org.neo4j.kernel.diagnostics.providers.DbmsDiagnosticsManager.dumpAsSingleMessageWithPrefix(DbmsDiagnosticsManager.java:231)
	at org.neo4j.kernel.diagnostics.providers.DbmsDiagnosticsManager.dumpAsSingleMessage(DbmsDiagnosticsManager.java:217)
	at org.neo4j.kernel.diagnostics.providers.DbmsDiagnosticsManager.dumpSystemDiagnostics(DbmsDiagnosticsManager.java:152)
	at org.neo4j.kernel.diagnostics.providers.DbmsDiagnosticsManager.dumpSystemDiagnostics(DbmsDiagnosticsManager.java:79)
	at org.neo4j.graphdb.factory.module.GlobalModule.<init>(GlobalModule.java:249)
	at org.neo4j.graphdb.facade.DatabaseManagementServiceFactory.createGlobalModule(DatabaseManagementServiceFactory.java:325)
	at org.neo4j.graphdb.facade.DatabaseManagementServiceFactory.build(DatabaseManagementServiceFactory.java:144)
	at org.neo4j.server.CommunityBootstrapper.createNeo(CommunityBootstrapper.java:38)
	at org.neo4j.server.NeoBootstrapper.start(NeoBootstrapper.java:185)
	at org.neo4j.server.NeoBootstrapper.start(NeoBootstrapper.java:100)
	at org.neo4j.server.CommunityEntryPoint.main(CommunityEntryPoint.java:30)
2026-06-09 06:27:36.334+0000 INFO  [o.n.i.d.DiagnosticsManager] 
                                                                ********************************************************************************
                                                                                             [ System diagnostics ]                             
                                                                ********************************************************************************
2026-06-09 06:27:36.335+0000 INFO  [o.n.i.d.DiagnosticsManager] 
                                                                --------------------------------------------------------------------------------
                                                                                         [ System memory information ]                          
                                                                --------------------------------------------------------------------------------
                                                                Total Physical memory: 15.78GiB
                                                                Free Physical memory: 885.2MiB
                                                                Committed virtual memory: 674.5MiB
                                                                Total swap space: 32.78GiB
                                                                Free swap space: 10.01GiB
                                                                
2026-06-09 06:27:36.335+0000 INFO  [o.n.i.d.DiagnosticsManager] 
                                                                --------------------------------------------------------------------------------
                                                                                           [ JVM memory information ]                           
                                                                --------------------------------------------------------------------------------
                                                                Free  memory: 486.1MiB
                                                                Total memory: 512.0MiB
                                                                Max   memory: 512.0MiB
                                                                Garbage Collector: G1 Young Generation: [G1 Eden Space, G1 Survivor Space, G1 Old Gen]
                                                                Garbage Collector: G1 Concurrent GC: [G1 Old Gen]
                                                                Garbage Collector: G1 Old Generation: [G1 Eden Space, G1 Survivor Space, G1 Old Gen]
                                                                Memory Pool: CodeHeap 'non-nmethods' (Non-heap memory): committed=3.250MiB, used=3.148MiB, max=7.313MiB, threshold=0B
                                                                Memory Pool: Metaspace (Non-heap memory): committed=22.00MiB, used=21.72MiB, max=-1B, threshold=0B
                                                                Memory Pool: CodeHeap 'profiled nmethods' (Non-heap memory): committed=5.375MiB, used=5.324MiB, max=116.3MiB, threshold=0B
                                                                Memory Pool: Compressed Class Space (Non-heap memory): committed=2.375MiB, used=2.244MiB, max=1.000GiB, threshold=0B
                                                                Memory Pool: G1 Eden Space (Heap memory): committed=317.0MiB, used=6.000MiB, max=-1B, threshold=?
                                                                Memory Pool: G1 Old Gen (Heap memory): committed=189.0MiB, used=14.18MiB, max=512.0MiB, threshold=0B
                                                                Memory Pool: G1 Survivor Space (Heap memory): committed=6.000MiB, used=5.724MiB, max=-1B, threshold=?
                                                                Memory Pool: CodeHeap 'non-profiled nmethods' (Non-heap memory): committed=2.438MiB, used=1.254MiB, max=116.4MiB, threshold=0B
                                                                
2026-06-09 06:27:36.336+0000 INFO  [o.n.i.d.DiagnosticsManager] 
                                                                --------------------------------------------------------------------------------
                                                                                        [ Operating system information ]                        
                                                                --------------------------------------------------------------------------------
                                                                Operating System: Windows 11; version: 10.0; arch: amd64; cpus: 16
                                                                Process id: 13948
                                                                Byte order: LITTLE_ENDIAN
                                                                Local timezone: Asia/Shanghai
                                                                Memory page size: 4096
                                                                Unaligned memory access allowed: true
                                                                
2026-06-09 06:27:36.336+0000 INFO  [o.n.i.d.DiagnosticsManager] 
                                                                --------------------------------------------------------------------------------
                                                                                              [ JVM information ]                               
                                                                --------------------------------------------------------------------------------
                                                                VM Name: Java HotSpot(TM) 64-Bit Server VM
                                                                VM Vendor: Oracle Corporation
                                                                VM Version: 21.0.7+8-LTS-245
                                                                JIT compiler: HotSpot 64-Bit Tiered Compilers
                                                                VM Arguments: [-Dfile.encoding=UTF-8, -Xms524288k, -Xmx524288k]
                                                                
2026-06-09 06:27:36.336+0000 INFO  [o.n.i.d.DiagnosticsManager] 

                                                                --------------------------------------------------------------------------------
                                                                                               [ Java classpath ]                               
                                                                --------------------------------------------------------------------------------
                                                                 [classpath] E:\environment\neo4j-community-5.26.26\lib\neo4j-import-util-5.26.26.jar
                                                                 [classpath] E:\environment\neo4j-community-5.26.26\lib\jaxb-api-2.2.12.jar
                                                                 [classpath] E:\environment\neo4j-community-5.26.26\lib\jetty-http2-common-12.1.8.jar
                                                                 [classpath] E:\environment\neo4j-community-5.26.26\lib\neo4j-bolt-connection-routed-11.0.1.jar
                                                                 [classpath] E:\environment\neo4j-community-5.26.26\lib\jettison-1.5.4.jar
                                                                 [classpath] E:\environment\neo4j-community-5.26.26\lib\neo4j-procedure-api-5.26.26.jar
                                                                 [classpath] E:\environment\neo4j-community-5.26.26\lib\shiro-core-2.1.0.jar
                                                                 [classpath] E:\environment\neo4j-community-5.26.26\lib\neo4j-resource-5.26.26.jar
                                                                 [classpath] E:\environment\neo4j-community-5.26.26\lib\jetty-http2-hpack-12.1.8.jar
                                                                 [classpath] E:\environment\neo4j-community-5.26.26\lib\neo4j-unsafe-5.26.26.jar
                                                                 [classpath] E:\environment\neo4j-community-5.26.26\lib\jPowerShell-3.0.jar
                                                                 [classpath] E:\environment\neo4j-community-5.26.26\lib\jline-terminal-3.21.0.jar
                                                                 [classpath] E:\environment\neo4j-community-5.26.26\lib\neo4j-cypher-physical-planning-5.26.26.jar
                                                                 [classpath] E:\environment\neo4j-community-5.26.26\lib\netty-transport-native-unix-common-4.1.133.Final.jar
                                                                 [classpath] E:\environment\neo4j-community-5.26.26\lib\jackson-jaxrs-json-provider-2.21.1.jar
                                                                 [classpath] E:\environment\neo4j-community-5.26.26\lib\shiro-crypto-core-2.1.0.jar
                                                                 [classpath] E:\environment\neo4j-community-5.26.26\lib\neo4j-cypher-javacc-parser-5.26.26.jar
                                                                 [classpath] E:\environment\neo4j-community-5.26.26\lib\jProcesses-1.6.5.jar
                                                                 [classpath] E:\environment\neo4j-community-5.26.26\lib\neo4j-import-tool-5.26.26.jar
                                                                 [classpath] E:\environment\neo4j-community-5.26.26\lib\commons-codec-1.17.1.jar
                                                                 [classpath] E:\environment\neo4j-community-5.26.26\lib\jackson-module-jaxb-annotations-2.21.1.jar
                                                                 [classpath] E:\environment\neo4j-community-5.26.26\lib\argparse4j-0.9.0.jar
                                                                 [classpath] E:\environment\neo4j-community-5.26.26\lib\istack-commons-runtime-3.0.8.jar
                                                                 [classpath] E:\environment\neo4j-community-5.26.26\lib\neo4j-logging-5.26.26.jar
                                                                 [classpath] E:\environment\neo4j-community-5.26.26\lib\cypher-v25-ast-factory-5.26.26.jar
                                                                 [classpath] E:\environment\neo4j-community-5.26.26\lib\netty-handler-4.1.133.Final.jar
                                                                 [classpath] E:\environment\neo4j-community-5.26.26\lib\jersey-server-2.46.jar
                                                                 [classpath] E:\environment\neo4j-community-5.26.26\lib\neo4j-import-api-5.26.26.jar
                                                                 [classpath] E:\environment\neo4j-community-5.26.26\lib\neo4j-cypher-config-5.26.26.jar
                                                                 [classpath] E:\environment\neo4j-community-5.26.26\lib\neo4j-kernel-api-5.26.26.jar
                                                                 [classpath] E:\environment\neo4j-community-5.26.26\lib\neo4j-cypher-runtime-util-5.26.26.jar
                                                                 [classpath] E:\environment\neo4j-community-5.26.26\lib\neo4j-common-5.26.26.jar
                                                                 [classpath] E:\environment\neo4j-community-5.26.26\lib\commons-text-1.12.0.jar
                                                                 [classpath] E:\environment\neo4j-community-5.26.26\lib\zstd-jni-1.5.6-6.jar
                                                                 [classpath] E:\environment\neo4j-community-5.26.26\lib\lucene-backward-codecs-9.11.1.jar
                                                                 [classpath] E:\environment\neo4j-community-5.26.26\lib\parquet-floor-1.62.jar
                                                                 [classpath] E:\environment\neo4j-community-5.26.26\lib\neo4j-graphdb-api-5.26.26.jar
                                                                 [classpath] E:\environment\neo4j-community-5.26.26\lib\neo4j-csv-5.26.26.jar
                                                                 [classpath] E:\environment\neo4j-community-5.26.26\lib\kiama_2.13-2.5.1.jar
                                                                 [classpath] E:\environment\neo4j-community-5.26.26\lib\hk2-utils-2.6.1.jar
                                                                 [classpath] E:\environment\neo4j-community-5.26.26\lib\FastInfoset-1.2.16.jar
                                                                 [classpath] E:\environment\neo4j-community-5.26.26\lib\neo4j-query-router-5.26.26.jar
                                                                 [classpath] E:\environment\neo4j-community-5.26.26\lib\scala-library-2.13.11.jar
                                                                 [classpath] E:\environment\neo4j-community-5.26.26\lib\neo4j-cypher-ir-5.26.26.jar
                                                                 [classpath] E:\environment\neo4j-community-5.26.26\lib\netty-resolver-4.1.133.Final.jar
                                                                 [classpath] E:\environment\neo4j-community-5.26.26\lib\caffeine-3.1.8.jar
2026-06-09 06:27:36.337+0000 INFO  [o.n.i.d.DiagnosticsManager] 
                                                                 [classpath] E:\environment\neo4j-community-5.26.26\lib\commons-io-2.17.0.jar
                                                                 [classpath] E:\environment\neo4j-community-5.26.26\lib\neo4j-procedure-5.26.26.jar
                                                                 [classpath] E:\environment\neo4j-community-5.26.26\lib\jakarta.activation-api-1.2.2.jar
                                                                 [classpath] E:\environment\neo4j-community-5.26.26\lib\jetty-session-12.1.8.jar
                                                                 [classpath] E:\environment\neo4j-community-5.26.26\lib\neo4j-data-collector-5.26.26.jar
                                                                 [classpath] E:\environment\neo4j-community-5.26.26\lib\jline-terminal-jansi-3.21.0.jar
                                                                 [classpath] E:\environment\neo4j-community-5.26.26\lib\neo4j-dbms-5.26.26.jar
                                                                 [classpath] E:\environment\neo4j-community-5.26.26\lib\javassist-3.30.2-GA.jar
                                                                 [classpath] E:\environment\neo4j-community-5.26.26\lib\shiro-crypto-hash-2.1.0.jar
                                                                 [classpath] E:\environment\neo4j-community-5.26.26\lib\shiro-hashes-argon2-2.1.0.jar
                                                                 [classpath] E:\environment\neo4j-community-5.26.26\lib\neo4j-slf4j-provider-5.26.26.jar
                                                                 [classpath] E:\environment\neo4j-community-5.26.26\lib\neo4j-lock-5.26.26.jar
                                                                 [classpath] E:\workspacce\AI\ai_kefu\local_services\*
                                                                 [classpath] E:\environment\neo4j-community-5.26.26\lib\neo4j-cloud-5.26.26.jar
                                                                 [classpath] E:\environment\neo4j-community-5.26.26\lib\neo4j-cypher-interpreted-runtime-5.26.26.jar
                                                                 [classpath] E:\environment\neo4j-community-5.26.26\lib\neo4j-push-to-cloud-5.26.26.jar
                                                                 [classpath] E:\environment\neo4j-community-5.26.26\lib\jctools-core-4.0.5.jar
                                                                 [classpath] E:\environment\neo4j-community-5.26.26\lib\txw2-2.3.2.jar
                                                                 [classpath] E:\environment\neo4j-community-5.26.26\lib\commons-configuration2-2.11.0.jar
                                                                 [classpath] E:\environment\neo4j-community-5.26.26\lib\neo4j-native-5.26.26.jar
                                                                 [classpath] E:\environment\neo4j-community-5.26.26\lib\neo4j-expressions-5.26.26.jar
                                                                 [classpath] E:\environment\neo4j-community-5.26.26\lib\neo4j-consistency-check-5.26.26.jar
                                                                 [classpath] E:\environment\neo4j-community-5.26.26\lib\netty-transport-native-epoll-4.1.133.Final-linux-aarch_64.jar
                                                                 [classpath] E:\environment\neo4j-community-5.26.26\lib\neo4j-notifications-5.26.26.jar
                                                                 [classpath] E:\environment\neo4j-community-5.26.26\lib\neo4j-exceptions-5.26.26.jar
                                                                 [classpath] E:\environment\neo4j-community-5.26.26\lib\neo4j-values-5.26.26.jar
                                                                 [classpath] E:\environment\neo4j-community-5.26.26\lib\neo4j-ssl-5.26.26.jar
                                                                 [classpath] E:\environment\neo4j-community-5.26.26\lib\jakarta.annotation-api-1.3.5.jar
                                                                 [classpath] E:\environment\neo4j-community-5.26.26\lib\neo4j-wal-5.26.26.jar
                                                                 [classpath] E:\environment\neo4j-community-5.26.26\lib\jline-reader-3.21.0.jar
                                                                 [classpath] E:\environment\neo4j-community-5.26.26\lib\annotations-5.26.26.jar
                                                                 [classpath] E:\environment\neo4j-community-5.26.26\lib\neo4j-fulltext-index-5.26.26.jar
                                                                 [classpath] E:\environment\neo4j-community-5.26.26\lib\lucene-core-9.11.1.jar
                                                                 [classpath] E:\environment\neo4j-community-5.26.26\lib\neo4j-token-api-5.26.26.jar
                                                                 [classpath] E:\environment\neo4j-community-5.26.26\lib\parquet-column-1.17.0.jar
                                                                 [classpath] E:\environment\neo4j-community-5.26.26\lib\neo4j-io-5.26.26.jar
                                                                 [classpath] E:\environment\neo4j-community-5.26.26\lib\jackson-jaxrs-base-2.21.1.jar
                                                                 [classpath] E:\environment\neo4j-community-5.26.26\lib\neo4j-codegen-5.26.26.jar
                                                                 [classpath] E:\environment\neo4j-community-5.26.26\lib\jetty-ee8-security-12.1.8.jar
                                                                 [classpath] E:\environment\neo4j-community-5.26.26\lib\jetty-util-12.1.8.jar
                                                                 [classpath] E:\environment\neo4j-community-5.26.26\lib\jetty-http-12.1.8.jar
                                                                 [classpath] E:\environment\neo4j-community-5.26.26\lib\neo4j-fabric-5.26.26.jar
                                                                 [classpath] E:\environment\neo4j-community-5.26.26\lib\antlr4-runtime-4.13.2.jar
                                                                 [classpath] E:\environment\neo4j-community-5.26.26\lib\neo4j-kernel-5.26.26.jar
                                                                 [classpath] E:\environment\neo4j-community-5.26.26\lib\jackson-annotations-2.21.jar
                                                                 [classpath] E:\environment\neo4j-community-5.26.26\lib\scala-collection-contrib_2.13-0.3.0.jar
                                                                 [classpath] E:\environment\neo4j-community-5.26.26\lib\jersey-container-servlet-2.46.jar
                                                                 [classpath] E:\environment\neo4j-community-5.26.26\lib\netty-transport-native-kqueue-4.1.133.Final-osx-x86_64.jar
                                                                 [classpath] E:\environment\neo4j-community-5.26.26\lib\neo4j-bolt-connection-netty-11.0.1.jar
                                                                 [classpath] E:\environment\neo4j-community-5.26.26\lib\neo4j-layout-5.26.26.jar
2026-06-09 06:27:36.338+0000 INFO  [o.n.i.d.DiagnosticsManager] 
                                                                 [classpath] E:\environment\neo4j-community-5.26.26\lib\neo4j-id-generator-5.26.26.jar
                                                                 [classpath] E:\environment\neo4j-community-5.26.26\lib\lucene-queryparser-9.11.1.jar
                                                                 [classpath] E:\environment\neo4j-community-5.26.26\lib\neo4j-bolt-5.26.26.jar
                                                                 [classpath] E:\environment\neo4j-community-5.26.26\lib\jts-core-1.20.0.jar
                                                                 [classpath] E:\environment\neo4j-community-5.26.26\lib\neo4j-cypher-5.26.26.jar
                                                                 [classpath] E:\environment\neo4j-community-5.26.26\lib\neo4j-bolt-connection-pooled-11.0.1.jar
                                                                 [classpath] E:\environment\neo4j-community-5.26.26\lib\ipaddress-5.5.1.jar
                                                                 [classpath] E:\environment\neo4j-community-5.26.26\lib\stax-ex-1.8.1.jar
                                                                 [classpath] E:\environment\neo4j-community-5.26.26\lib\neo4j-storage-engine-util-5.26.26.jar
                                                                 [classpath] E:\environment\neo4j-community-5.26.26\lib\server-api-5.26.26.jar
                                                                 [classpath] E:\environment\neo4j-community-5.26.26\lib\zstd-proxy-5.26.26.jar
                                                                 [classpath] E:\environment\neo4j-community-5.26.26\lib\log4j-layout-template-json-2.25.4.jar
                                                                 [classpath] E:\environment\neo4j-community-5.26.26\lib\cypher-parser-factory-5.26.26.jar
                                                                 [classpath] E:\environment\neo4j-community-5.26.26\lib\neo4j-schema-5.26.26.jar
                                                                 [classpath] E:\environment\neo4j-community-5.26.26\lib\log4j-core-2.25.4.jar
                                                                 [classpath] E:\environment\neo4j-community-5.26.26\lib\neo4j-bolt-connection-11.0.1.jar
                                                                 [classpath] E:\environment\neo4j-community-5.26.26\lib\parquet-format-structures-1.17.0.jar
                                                                 [classpath] E:\environment\neo4j-community-5.26.26\lib\neo4j-capabilities-5.26.26.jar
                                                                 [classpath] E:\environment\neo4j-community-5.26.26\lib\hk2-locator-2.6.1.jar
                                                                 [classpath] E:\environment\neo4j-community-5.26.26\lib\neo4j-graph-algo-5.26.26.jar
                                                                 [classpath] E:\environment\neo4j-community-5.26.26\lib\cypher-antlr-ast-common-5.26.26.jar
                                                                 [classpath] E:\environment\neo4j-community-5.26.26\lib\cypher-ast-factory-5.26.26.jar
                                                                 [classpath] E:\environment\neo4j-community-5.26.26\lib\parquet-hadoop-1.17.0.jar
                                                                 [classpath] E:\environment\neo4j-community-5.26.26\lib\jetty-http2-server-12.1.8.jar
                                                                 [classpath] E:\environment\neo4j-community-5.26.26\lib\jakarta.ws.rs-api-2.1.6.jar
                                                                 [classpath] E:\environment\neo4j-community-5.26.26\lib\netty-transport-native-epoll-4.1.133.Final-linux-x86_64.jar
                                                                 [classpath] E:\environment\neo4j-community-5.26.26\lib\jansi-2.4.0.jar
                                                                 [classpath] E:\environment\neo4j-community-5.26.26\lib\neo4j-rewriting-5.26.26.jar
                                                                 [classpath] E:\environment\neo4j-community-5.26.26\lib\neo4j-cypher-ast-factory-5.26.26.jar
                                                                 [classpath] E:\environment\neo4j-community-5.26.26\lib\neo4j-cypher-planner-spi-5.26.26.jar
                                                                 [classpath] E:\environment\neo4j-community-5.26.26\lib\neo4j-ast-5.26.26.jar
                                                                 [classpath] E:\environment\neo4j-community-5.26.26\lib\neo4j-cypher-rendering-5.26.26.jar
                                                                 [classpath] E:\environment\neo4j-community-5.26.26\lib\magnolia_2.13-1.1.8.jar
                                                                 [classpath] E:\environment\neo4j-community-5.26.26\lib\neo4j-collections-5.26.26.jar
                                                                 [classpath] E:\environment\neo4j-community-5.26.26\lib\neo4j-cypher-slotted-runtime-5.26.26.jar
                                                                 [classpath] E:\environment\neo4j-community-5.26.26\lib\reactor-core-3.7.12.jar
                                                                 [classpath] E:\environment\neo4j-community-5.26.26\lib\cypher-parser-ast-common-5.26.26.jar
                                                                 [classpath] E:\environment\neo4j-community-5.26.26\lib\neo4j-util-5.26.26.jar
                                                                 [classpath] E:\environment\neo4j-community-5.26.26\lib\jetty-ee8-webapp-12.1.8.jar
                                                                 [classpath] E:\environment\neo4j-community-5.26.26\lib\netty-buffer-4.1.133.Final.jar
                                                                 [classpath] E:\environment\neo4j-community-5.26.26\lib\cypher-v25-antlr-parser-5.26.26.jar
                                                                 [classpath] E:\environment\neo4j-community-5.26.26\lib\picocli-4.7.6.jar
                                                                 [classpath] E:\environment\neo4j-community-5.26.26\lib\neo4j-server-5.26.26.jar
                                                                 [classpath] E:\environment\neo4j-community-5.26.26\lib\netty-codec-4.1.133.Final.jar
                                                                 [classpath] E:\environment\neo4j-community-5.26.26\lib\jetty-xml-12.1.8.jar
                                                                 [classpath] E:\environment\neo4j-community-5.26.26\lib\neo4j-diagnostics-5.26.26.jar
                                                                 [classpath] E:\environment\neo4j-community-5.26.26\lib\parquet-encoding-1.17.0.jar
                                                                 [classpath] E:\environment\neo4j-community-5.26.26\lib\neo4j-java-driver-5.28.13.jar
                                                                 [classpath] E:\environment\neo4j-community-5.26.26\lib\neo4j-lucene-index-5.26.26.jar
                                                                 [classpath] E:\environment\neo4j-community-5.26.26\lib\eclipse-collections-api-11.1.0.jar
2026-06-09 06:27:36.338+0000 INFO  [o.n.i.d.DiagnosticsManager] 
                                                                 [classpath] E:\environment\neo4j-community-5.26.26\lib\neo4j-command-line-5.26.26.jar
                                                                 [classpath] E:\environment\neo4j-community-5.26.26\lib\parquet-common-1.17.0.jar
                                                                 [classpath] E:\environment\neo4j-community-5.26.26\lib\jetty-alpn-server-12.1.8.jar
                                                                 [classpath] E:\environment\neo4j-community-5.26.26\lib\jersey-container-servlet-core-2.46.jar
                                                                 [classpath] E:\environment\neo4j-community-5.26.26\lib\neo4j-index-5.26.26.jar
                                                                 [classpath] E:\environment\neo4j-community-5.26.26\lib\jetty-ee-webapp-12.1.8.jar
                                                                 [classpath] E:\environment\neo4j-community-5.26.26\lib\neo4j-cypher-expression-evaluator-5.26.26.jar
                                                                 [classpath] E:\environment\neo4j-community-5.26.26\lib\neo4j-cypher-macros-5.26.26.jar
                                                                 [classpath] E:\environment\neo4j-community-5.26.26\lib\neo4j-security-5.26.26.jar
                                                                 [classpath] E:\environment\neo4j-community-5.26.26\lib\jetty-ee8-nested-12.1.8.jar
                                                                 [classpath] E:\environment\neo4j-community-5.26.26\lib\neo4j-cypher-logical-plans-5.26.26.jar
                                                                 [classpath] E:\environment\neo4j-community-5.26.26\lib\cypher-parser-common-5.26.26.jar
                                                                 [classpath] E:\environment\neo4j-community-5.26.26\lib\shiro-event-2.1.0.jar
                                                                 [classpath] E:\environment\neo4j-community-5.26.26\lib\jakarta.validation-api-2.0.2.jar
                                                                 [classpath] E:\environment\neo4j-community-5.26.26\lib\cypher-v5-literal-interpreter-5.26.26.jar
                                                                 [classpath] E:\environment\neo4j-community-5.26.26\lib\commons-logging-1.3.4.jar
                                                                 [classpath] E:\environment\neo4j-community-5.26.26\lib\snappy-java-1.1.10.7.jar
                                                                 [classpath] E:\environment\neo4j-community-5.26.26\lib\javax.annotation-api-1.3.2.jar
                                                                 [classpath] E:\environment\neo4j-community-5.26.26\lib\netty-codec-http-4.1.133.Final.jar
                                                                 [classpath] E:\environment\neo4j-community-5.26.26\lib\neo4j-cypher-planner-5.26.26.jar
                                                                 [classpath] E:\environment\neo4j-community-5.26.26\lib\netty-transport-native-kqueue-4.1.133.Final-osx-aarch_64.jar
                                                                 [classpath] E:\environment\neo4j-community-5.26.26\lib\jetty-io-12.1.8.jar
                                                                 [classpath] E:\environment\neo4j-community-5.26.26\lib\netty-tcnative-classes-2.0.77.Final.jar
                                                                 [classpath] E:\environment\neo4j-community-5.26.26\lib\hk2-api-2.6.1.jar
                                                                 [classpath] E:\environment\neo4j-community-5.26.26\lib\commons-lang3-3.18.0.jar
                                                                 [classpath] E:\environment\neo4j-community-5.26.26\lib\neo4j-gql-status-5.26.26.jar
                                                                 [classpath] E:\environment\neo4j-community-5.26.26\lib\netty-transport-classes-epoll-4.1.133.Final.jar
                                                                 [classpath] E:\environment\neo4j-community-5.26.26\lib\neo4j-cypher-cache-5.26.26.jar
                                                                 [classpath] E:\environment\neo4j-community-5.26.26\lib\reactive-streams-1.0.4.jar
                                                                 [classpath] E:\environment\neo4j-community-5.26.26\lib\netty-transport-4.1.133.Final.jar
                                                                 [classpath] E:\environment\neo4j-community-5.26.26\lib\neo4j-monitoring-5.26.26.jar
                                                                 [classpath] E:\environment\neo4j-community-5.26.26\lib\jersey-client-2.46.jar
                                                                 [classpath] E:\environment\neo4j-community-5.26.26\lib\lucene-analysis-common-9.11.1.jar
                                                                 [classpath] E:\environment\neo4j-community-5.26.26\lib\scala-reflect-2.13.11.jar
                                                                 [classpath] E:\environment\neo4j-community-5.26.26\lib\jersey-hk2-2.46.jar
                                                                 [classpath] E:\environment\neo4j-community-5.26.26\lib\jetty-ee8-servlet-12.1.8.jar
                                                                 [classpath] E:\environment\neo4j-community-5.26.26\lib\jetty-servlet-api-4.0.9.jar
                                                                 [classpath] E:\environment\neo4j-community-5.26.26\lib\jaxb-runtime-2.3.2.jar
                                                                 [classpath] E:\environment\neo4j-community-5.26.26\lib\shiro-config-core-2.1.0.jar
                                                                 [classpath] E:\environment\neo4j-community-5.26.26\lib\jetty-server-12.1.8.jar
                                                                 [classpath] E:\environment\neo4j-community-5.26.26\lib\shiro-hashes-bcrypt-2.1.0.jar
                                                                 [classpath] E:\environment\neo4j-community-5.26.26\lib\neo4j-concurrent-5.26.26.jar
                                                                 [classpath] E:\environment\neo4j-community-5.26.26\lib\WMI4Java-1.6.3.jar
                                                                 [classpath] E:\environment\neo4j-community-5.26.26\lib\neo4j-spatial-index-5.26.26.jar
                                                                 [classpath] E:\environment\neo4j-community-5.26.26\lib\neo4j-record-storage-engine-5.26.26.jar
                                                                 [classpath] E:\environment\neo4j-community-5.26.26\lib\log4j-api-2.25.4.jar
                                                                 [classpath] E:\environment\neo4j-community-5.26.26\lib\cypher-shell-5.26.26.jar
                                                                 [classpath] E:\environment\neo4j-community-5.26.26\lib\jna-5.15.0.jar
                                                                 [classpath] E:\environment\neo4j-community-5.26.26\lib\netty-transport-classes-kqueue-4.1.133.Final.jar
                                                                 [classpath] E:\environment\neo4j-community-5.26.26\lib\cypher-v5-ast-factory-5.26.26.jar
2026-06-09 06:27:36.338+0000 INFO  [o.n.i.d.DiagnosticsManager] 
                                                                 [classpath] E:\environment\neo4j-community-5.26.26\lib\neo4j-bootcheck-5.26.26.jar
                                                                 [classpath] E:\environment\neo4j-community-5.26.26\lib\commons-compress-1.27.1.jar
                                                                 [classpath] E:\environment\neo4j-community-5.26.26\lib\cypher-v25-parser-listener-5.26.26.jar
                                                                 [classpath] E:\environment\neo4j-community-5.26.26\lib\shiro-lang-2.1.0.jar
                                                                 [classpath] E:\environment\neo4j-community-5.26.26\lib\jackson-core-2.21.1.jar
                                                                 [classpath] E:\environment\neo4j-community-5.26.26\lib\cypher-antlr-common-5.26.26.jar
                                                                 [classpath] E:\environment\neo4j-community-5.26.26\lib\shiro-cache-2.1.0.jar
                                                                 [classpath] E:\environment\neo4j-community-5.26.26\lib\neo4j-udc-5.26.26.jar
                                                                 [classpath] E:\environment\neo4j-community-5.26.26\lib\jakarta.inject-2.6.1.jar
                                                                 [classpath] E:\environment\neo4j-community-5.26.26\lib\neo4j-cypher-dsl-2024.2.0.jar
                                                                 [classpath] E:\environment\neo4j-community-5.26.26\lib\jersey-common-2.46.jar
                                                                 [classpath] E:\environment\neo4j-community-5.26.26\lib\jackson-databind-2.21.1.jar
                                                                 [classpath] E:\environment\neo4j-community-5.26.26\lib\netty-common-4.1.133.Final.jar
                                                                 [classpath] E:\environment\neo4j-community-5.26.26\lib\neo4j-5.26.26.jar
                                                                 [classpath] E:\environment\neo4j-community-5.26.26\lib\parquet-jackson-1.17.0.jar
                                                                 [classpath] E:\environment\neo4j-community-5.26.26\lib\neo4j-front-end-5.26.26.jar
                                                                 [classpath] E:\environment\neo4j-community-5.26.26\lib\neo4j-configuration-5.26.26.jar
                                                                 [classpath] E:\environment\neo4j-community-5.26.26\lib\eclipse-collections-11.1.0.jar
                                                                 [classpath] E:\environment\neo4j-community-5.26.26\lib\jetty-security-12.1.8.jar
                                                                 [classpath] E:\environment\neo4j-community-5.26.26\lib\jetty-alpn-java-server-12.1.8.jar
                                                                 [classpath] E:\environment\neo4j-community-5.26.26\lib\slf4j-api-2.0.9.jar
                                                                 [classpath] E:\environment\neo4j-community-5.26.26\lib\cypher-v5-parser-listener-5.26.26.jar
                                                                 [classpath] E:\environment\neo4j-community-5.26.26\lib\shiro-crypto-cipher-2.1.0.jar
                                                                 [classpath] E:\environment\neo4j-community-5.26.26\lib\jakarta.xml.bind-api-2.3.2.jar
                                                                 [classpath] E:\environment\neo4j-community-5.26.26\lib\cypher-v5-antlr-parser-5.26.26.jar
                                                                
2026-06-09 06:27:36.339+0000 INFO  [o.n.i.d.DiagnosticsManager] 
                                                                --------------------------------------------------------------------------------
                                                                                                [ Library path ]                                
                                                                --------------------------------------------------------------------------------
                                                                E:\environment\jdk21\bin
                                                                C:\Windows\Sun\Java\bin
                                                                C:\Windows\System32
                                                                C:\Windows
                                                                C:\Users\14609\AppData\Roaming\Code\User\globalStorage\github.copilot-chat\debugCommand
                                                                C:\Users\14609\AppData\Roaming\Code\User\globalStorage\github.copilot-chat\copilotCli
                                                                E:\environment\vmwareWorkstation176\bin
                                                                C:\Program Files\Common Files\Oracle\Java\javapath_target_16739812
                                                                C:\Program Files\NVIDIA GPU Computing Toolkit\CUDA\v12.5\bin
                                                                C:\Program Files\NVIDIA GPU Computing Toolkit\CUDA\v12.5\libnvvp
                                                                E:\environment\jdk21\bin
2026-06-09 06:27:36.339+0000 INFO  [o.n.i.d.DiagnosticsManager] 
                                                                --------------------------------------------------------------------------------
                                                                                             [ System properties ]                              
                                                                --------------------------------------------------------------------------------
                                                                sun.cpu.isalist = amd64
                                                                sun.jnu.encoding = GBK
                                                                sun.arch.data.model = 64
                                                                user.variant = 
                                                                user.timezone = Asia/Shanghai
                                                                sun.java.launcher = SUN_STANDARD
                                                                user.country = CN
                                                                sun.boot.library.path = E:\environment\jdk21\bin
                                                                sun.java.command = org.neo4j.server.CommunityEntryPoint --home-dir=E:\environment\neo4j-community-5.26.26 --config-dir=E:\workspacce\AI\ai_kefu\local_services --console-mode
                                                                jdk.debug = release
                                                                sun.cpu.endian = little
                                                                user.home = C:\Users\14609
                                                                user.language = zh
                                                                file.separator = \
                                                                user.script = 
                                                                sun.management.compiler = HotSpot 64-Bit Tiered Compilers
                                                                user.name = 14609
                                                                stdout.encoding = ms936
                                                                path.separator = ;
                                                                file.encoding = UTF-8
                                                                jnidispatch.path = C:\temp\jna-46855100\jna16965211966416010423.dll
                                                                jna.loaded = true
                                                                user.dir = E:\environment\neo4j-community-5.26.26
                                                                sun.os.patch.level = 
                                                                native.encoding = GBK
                                                                stderr.encoding = ms936
                                                                sun.io.unicode.encoding = UnicodeLittle
                                                                
2026-06-09 06:27:36.339+0000 INFO  [o.n.i.d.DiagnosticsManager] 
                                                                --------------------------------------------------------------------------------
                                                                                      [ (IANA) TimeZone database version ]                      
                                                                --------------------------------------------------------------------------------
                                                                  TimeZone version: 2025a (available for 603 zone identifiers)
                                                                
2026-06-09 06:27:36.339+0000 INFO  [o.n.i.d.DiagnosticsManager] 
                                                                --------------------------------------------------------------------------------
                                                                                            [ Network information ]                             
                                                                --------------------------------------------------------------------------------
                                                                Interface Hyper-V Virtual Switch Extension Adapter-Hyper-V Virtual Switch Extension Filter-0000:
                                                                Interface Hyper-V Virtual Ethernet Adapter-WFP Native MAC Layer LightWeight Filter-0000:
                                                                Interface Hyper-V Virtual Ethernet Adapter-QoS Packet Scheduler-0000:
                                                                Interface Hyper-V Virtual Ethernet Adapter-WFP 802.3 MAC Layer LightWeight Filter-0000:
                                                                Interface Killer E2600 Gigabit Ethernet Controller-WFP Native MAC Layer LightWeight Filter-0000:
                                                                Interface Killer E2600 Gigabit Ethernet Controller-QoS Packet Scheduler-0000:
                                                                Interface Killer E2600 Gigabit Ethernet Controller-WFP 802.3 MAC Layer LightWeight Filter-0000:
                                                                Interface Hyper-V Virtual Switch Extension Adapter #2-Hyper-V Virtual Switch Extension Filter-0000:
                                                                Interface Hyper-V Virtual Switch Extension Adapter #2-Virtual Filtering Platform VMSwitch Extension-0000:
                                                                Interface WAN Miniport (IP)-WFP Native MAC Layer LightWeight Filter-0000:
                                                                Interface WAN Miniport (IP)-QoS Packet Scheduler-0000:
                                                                Interface WAN Miniport (IPv6)-WFP Native MAC Layer LightWeight Filter-0000:
                                                                Interface WAN Miniport (IPv6)-QoS Packet Scheduler-0000:
                                                                Interface WAN Miniport (Network Monitor)-WFP Native MAC Layer LightWeight Filter-0000:
                                                                Interface WAN Miniport (Network Monitor)-QoS Packet Scheduler-0000:
                                                                Interface Microsoft Kernel Debug Network Adapter:
                                                                Interface Killer E2600 Gigabit Ethernet Controller:
                                                                    address: fe80:0:0:0:e80a:e4ff:a399:c282%ethernet_32769
                                                                Interface Bluetooth Device (Personal Area Network):
                                                                    address: fe80:0:0:0:b114:49f1:455c:195b%ethernet_32770
                                                                Interface Hyper-V Virtual Switch Extension Adapter:
                                                                Interface Hyper-V Virtual Ethernet Adapter:
                                                                    address: fe80:0:0:0:30ed:d8f7:7793:5a54%ethernet_32772
                                                                    address: 172.28.160.1
                                                                Interface Hyper-V Virtual Switch Extension Adapter #2:
                                                                Interface VMware Virtual Ethernet Adapter for VMnet1:
                                                                    address: fe80:0:0:0:18b9:ad5:d6dc:de66%ethernet_32774
                                                                    address: 192.168.171.1
                                                                Interface VMware Virtual Ethernet Adapter for VMnet8:
                                                                    address: fe80:0:0:0:e705:ffa9:55f8:2a02%ethernet_32775
                                                                    address: 192.168.137.1
                                                                Interface WAN Miniport (IP):
                                                                Interface WAN Miniport (IPv6):
                                                                Interface WAN Miniport (Network Monitor):
                                                                Interface WAN Miniport (PPPOE):
                                                                Interface Software Loopback Interface 1:
                                                                    address: 0:0:0:0:0:0:0:1
                                                                    address: 127.0.0.1
                                                                Interface CheekyMonkey-TAP:
                                                                Interface Wintun Userspace Tunnel:
                                                                    address: fe80:0:0:0:ff8e:f2e9:f3f7:2e91%iftype53_32769
                                                                Interface Intel(R) Wi-Fi 6 AX201 160MHz-WFP Native MAC Layer LightWeight Filter-0000:
                                                                Interface Intel(R) Wi-Fi 6 AX201 160MHz-Virtual WiFi Filter Driver-0000:
                                                                Interface Intel(R) Wi-Fi 6 AX201 160MHz-Native WiFi Filter Driver-0000:
                                                                Interface Intel(R) Wi-Fi 6 AX201 160MHz-QoS Packet Scheduler-0000:
                                                                Interface Intel(R) Wi-Fi 6 AX201 160MHz-WFP 802.3 MAC Layer LightWeight Filter-0000:
                                                                Interface Microsoft Wi-Fi Direct Virtual Adapter #3-WFP Native MAC Layer LightWeight Filter-0000:
                                                                Interface Microsoft Wi-Fi Direct Virtual Adapter #3-Native WiFi Filter Driver-0000:
                                                                Interface Microsoft Wi-Fi Direct Virtual Adapter #3-QoS Packet Scheduler-0000:
                                                                Interface Microsoft Wi-Fi Direct Virtual Adapter #3-WFP 802.3 MAC Layer LightWeight Filter-0000:
                                                                Interface Microsoft Wi-Fi Direct Virtual Adapter #4-WFP Native MAC Layer LightWeight Filter-0000:
                                                                Interface Microsoft Wi-Fi Direct Virtual Adapter #4-Native WiFi Filter Driver-0000:
                                                                Interface Microsoft Wi-Fi Direct Virtual Adapter #4-QoS Packet Scheduler-0000:
                                                                Interface Microsoft Wi-Fi Direct Virtual Adapter #4-WFP 802.3 MAC Layer LightWeight Filter-0000:
                                                                Interface Intel(R) Wi-Fi 6 AX201 160MHz:
                                                                    address: fe80:0:0:0:8108:76e:bba7:1752%wireless_32768
                                                                    address: 100.70.214.254
                                                                Interface Microsoft Wi-Fi Direct Virtual Adapter:
                                                                Interface Microsoft Wi-Fi Direct Virtual Adapter #2:
                                                                Interface Microsoft Wi-Fi Direct Virtual Adapter #3:
                                                                    address: fe80:0:0:0:60c1:38d1:7709:e7b4%wireless_32771
                                                                Interface Microsoft Wi-Fi Direct Virtual Adapter #4:
                                                                    address: fe80:0:0:0:a77f:466d:be29:8451%wireless_32772
                                                                Interface Microsoft Teredo Tunneling Adapter:
                                                                Interface Microsoft IP-HTTPS Platform Adapter:
                                                                Interface Microsoft 6to4 Adapter:
                                                                Interface WAN Miniport (SSTP):
                                                                Interface WAN Miniport (IKEv2):
                                                                Interface WAN Miniport (L2TP):
                                                                Interface WAN Miniport (PPTP):
                                                                
2026-06-09 06:27:36.339+0000 INFO  [o.n.i.d.DiagnosticsManager] 
                                                                --------------------------------------------------------------------------------
                                                                                         [ Native access information ]                          
                                                                --------------------------------------------------------------------------------
                                                                Native access details: Native access is not available for current platform.
                                                                
2026-06-09 06:27:36.339+0000 INFO  [o.n.i.d.DiagnosticsManager] 
                                                                --------------------------------------------------------------------------------
                                                                                                [ DBMS config ]                                 
                                                                --------------------------------------------------------------------------------
                                                                DBMS provided settings:
                                                                dbms.security.auth_enabled=true
                                                                dbms.usage_report.enabled=false
                                                                initial.dbms.default_database=neo4j
                                                                server.bolt.enabled=true
                                                                server.bolt.listen_address=127.0.0.1:7687
                                                                server.default_advertised_address=localhost
                                                                server.default_listen_address=127.0.0.1
                                                                server.directories.data=E:\workspacce\AI\ai_kefu\.data\neo4j-win\data
                                                                server.directories.import=E:\workspacce\AI\ai_kefu\.data\neo4j-win\import
                                                                server.directories.lib=E:\environment\neo4j-community-5.26.26\lib
                                                                server.directories.logs=E:\workspacce\AI\ai_kefu\.data\logs\neo4j
                                                                server.directories.neo4j_home=E:\environment\neo4j-community-5.26.26
                                                                server.directories.plugins=E:\workspacce\AI\ai_kefu\.data\neo4j-win\plugins
                                                                server.directories.run=E:\workspacce\AI\ai_kefu\.data\run\neo4j
                                                                server.http.enabled=true
                                                                server.http.listen_address=127.0.0.1:7474
                                                                server.https.enabled=false
                                                                server.logs.config=E:\environment\neo4j-community-5.26.26\conf\server-logs.xml
                                                                server.logs.user.config=E:\environment\neo4j-community-5.26.26\conf\user-logs.xml
                                                                server.memory.heap.initial_size=512.00MiB
                                                                server.memory.heap.max_size=512.00MiB
                                                                server.memory.pagecache.size=512.00MiB
                                                                Directories in use:
                                                                server.directories.data=E:\workspacce\AI\ai_kefu\.data\neo4j-win\data
                                                                server.directories.dumps.root=E:\workspacce\AI\ai_kefu\.data\neo4j-win\data\dumps
                                                                server.directories.import=E:\workspacce\AI\ai_kefu\.data\neo4j-win\import
                                                                server.directories.lib=E:\environment\neo4j-community-5.26.26\lib
                                                                server.directories.licenses=E:\environment\neo4j-community-5.26.26\licenses
                                                                server.directories.logs=E:\workspacce\AI\ai_kefu\.data\logs\neo4j
                                                                server.directories.plugins=E:\workspacce\AI\ai_kefu\.data\neo4j-win\plugins
                                                                server.directories.run=E:\workspacce\AI\ai_kefu\.data\run\neo4j
                                                                server.directories.script.root=E:\workspacce\AI\ai_kefu\.data\neo4j-win\data\scripts
                                                                server.directories.transaction.logs.root=E:\workspacce\AI\ai_kefu\.data\neo4j-win\data\transactions
                                                                
2026-06-09 06:27:36.340+0000 INFO  [o.n.i.d.DiagnosticsManager] 
                                                                --------------------------------------------------------------------------------
                                                                                                 [ Packaging ]                                  
                                                                --------------------------------------------------------------------------------
                                                                Edition: Community
                                                                Package Type: tar
                                                                
2026-06-09 06:27:36.475+0000 INFO  [o.n.d.i.DefaultIdentityModule] Found ServerId on disk: ServerId{87a18c1d} (87a18c1d-6ad9-4de0-9534-03ff935dae9f)
2026-06-09 06:27:36.480+0000 INFO  [o.n.d.i.DefaultIdentityModule] This instance is ServerId{87a18c1d} (87a18c1d-6ad9-4de0-9534-03ff935dae9f)
2026-06-09 06:27:38.456+0000 INFO  [o.n.s.CommunityNeoWebServer] ======== Neo4j 5.26.26 ========
2026-06-09 06:27:38.485+0000 INFO  [o.n.d.d.DatabaseLifecycles] Creating 'DatabaseId{00000000[system]}'.
2026-06-09 06:27:38.940+0000 INFO  [o.n.b.BoltServer] Using connector transport NIO
2026-06-09 06:27:39.143+0000 INFO  [o.n.b.BoltServer] Configured external Bolt connector with listener address /127.0.0.1:7687
2026-06-09 06:27:39.144+0000 INFO  [o.n.b.BoltServer] Bolt server loaded
2026-06-09 06:27:39.183+0000 INFO  [o.n.d.d.DatabaseLifecycles] Starting 'DatabaseId{00000000[system]}'.
2026-06-09 06:27:40.154+0000 INFO  [o.n.k.i.t.l.f.c.CheckpointLogFile] [system/00000000] Scanning log file with version 0 for checkpoint entries
2026-06-09 06:27:40.219+0000 INFO  [o.n.k.i.s.f.RecordFormatSelector] [system/00000000] Selected RecordFormat:PageAlignedV5_0[aligned-1.1] record format from store E:\workspacce\AI\ai_kefu\.data\neo4j-win\data\databases\system
2026-06-09 06:27:40.219+0000 INFO  [o.n.k.i.s.f.RecordFormatSelector] [system/00000000] Selected format from the store files: RecordFormat:PageAlignedV5_0[aligned-1.1]
2026-06-09 06:27:40.952+0000 INFO  [o.n.i.d.DiagnosticsManager] [system/00000000] 
                                                                [system/00000000] ********************************************************************************
                                                                [system/00000000]                               [ Database: system ]                              
                                                                [system/00000000] ********************************************************************************
                                                                [system/00000000] --------------------------------------------------------------------------------
                                                                [system/00000000]                                   [ Version ]                                   
                                                                [system/00000000] --------------------------------------------------------------------------------
                                                                [system/00000000] DBMS: community record-aligned-1.1
                                                                [system/00000000] Kernel version: 5.26.26
                                                                [system/00000000] 
                                                                [system/00000000] --------------------------------------------------------------------------------
                                                                [system/00000000]                                 [ Store files ]                                 
                                                                [system/00000000] --------------------------------------------------------------------------------
                                                                [system/00000000] Disk space on partition (Total / Free / Free %): 952245415936 / 176365608960 / 18
                                                                [system/00000000] Storage files stored on file store: NTFS
                                                                [system/00000000] Storage files: (filename : modification date - size)
                                                                [system/00000000]   database_lock: 2026-05-13 09:29:13.050+0000 - 0B
                                                                [system/00000000]   id-buffer.tmp.0: 2026-05-29 02:28:34.597+0000 - 0B
                                                                [system/00000000]   neostore: 2026-05-13 09:29:12.849+0000 - 8.000KiB
                                                                [system/00000000]   neostore.counts.db: 2026-06-09 06:27:40.736+0000 - 48.00KiB
                                                                [system/00000000]   neostore.indexstats.db: 2026-06-09 06:27:40.786+0000 - 48.00KiB
                                                                [system/00000000]   neostore.labeltokenstore.db: 2026-05-13 09:44:13.709+0000 - 8.000KiB
                                                                [system/00000000]   neostore.labeltokenstore.db.id: 2026-06-09 06:27:40.626+0000 - 40.00KiB
                                                                [system/00000000]   neostore.labeltokenstore.db.names: 2026-05-13 09:44:13.708+0000 - 8.000KiB
                                                                [system/00000000]   neostore.labeltokenstore.db.names.id: 2026-06-09 06:27:40.601+0000 - 40.00KiB
                                                                [system/00000000]   neostore.nodestore.db: 2026-05-13 09:44:13.713+0000 - 8.000KiB
                                                                [system/00000000]   neostore.nodestore.db.id: 2026-06-09 06:27:40.370+0000 - 40.00KiB
                                                                [system/00000000]   neostore.nodestore.db.labels: 2026-05-13 09:29:12.798+0000 - 8.000KiB
                                                                [system/00000000]   neostore.nodestore.db.labels.id: 2026-06-09 06:27:40.334+0000 - 40.00KiB
                                                                [system/00000000]   neostore.propertystore.db: 2026-05-13 09:44:13.712+0000 - 8.000KiB
                                                                [system/00000000]   neostore.propertystore.db.arrays: 2026-05-13 09:29:12.817+0000 - 8.000KiB
                                                                [system/00000000]   neostore.propertystore.db.arrays.id: 2026-06-09 06:27:40.467+0000 - 40.00KiB
                                                                [system/00000000]   neostore.propertystore.db.id: 2026-06-09 06:27:40.494+0000 - 40.00KiB
                                                                [system/00000000]   neostore.propertystore.db.index: 2026-05-13 09:44:13.711+0000 - 8.000KiB
                                                                [system/00000000]   neostore.propertystore.db.index.id: 2026-06-09 06:27:40.408+0000 - 40.00KiB
                                                                [system/00000000]   neostore.propertystore.db.index.keys: 2026-05-13 09:44:13.707+0000 - 8.000KiB
                                                                [system/00000000]   neostore.propertystore.db.index.keys.id: 2026-06-09 06:27:40.396+0000 - 40.00KiB
                                                                [system/00000000]   neostore.propertystore.db.strings: 2026-05-13 09:44:13.713+0000 - 8.000KiB
                                                                [system/00000000]   neostore.propertystore.db.strings.id: 2026-06-09 06:27:40.438+0000 - 40.00KiB
                                                                [system/00000000]   neostore.relationshipgroupstore.db: 2026-05-13 09:29:12.840+0000 - 8.000KiB
                                                                [system/00000000]   neostore.relationshipgroupstore.db.id: 2026-06-09 06:27:40.687+0000 - 40.00KiB
                                                                [system/00000000]   neostore.relationshipgroupstore.degrees.db: 2026-06-09 06:27:40.768+0000 - 40.00KiB
                                                                [system/00000000]   neostore.relationshipstore.db: 2026-05-13 09:44:13.714+0000 - 8.000KiB
                                                                [system/00000000]   neostore.relationshipstore.db.id: 2026-06-09 06:27:40.518+0000 - 40.00KiB
                                                                [system/00000000]   neostore.relationshiptypestore.db: 2026-05-13 09:44:13.716+0000 - 8.000KiB
                                                                [system/00000000]   neostore.relationshiptypestore.db.id: 2026-06-09 06:27:40.577+0000 - 40.00KiB
                                                                [system/00000000]   neostore.relationshiptypestore.db.names: 2026-05-13 09:44:13.715+0000 - 8.000KiB
                                                                [system/00000000]   neostore.relationshiptypestore.db.names.id: 2026-06-09 06:27:40.548+0000 - 40.00KiB
                                                                [system/00000000]   neostore.schemastore.db: 2026-05-13 09:44:13.710+0000 - 8.000KiB
                                                                [system/00000000]   neostore.schemastore.db.id: 2026-06-09 06:27:40.655+0000 - 40.00KiB
                                                                [system/00000000]   schema:
                                                                [system/00000000]     index:
                                                                [system/00000000]       range-1.0:
                                                                [system/00000000]         3:
                                                                [system/00000000]           index-3: 2026-05-29 02:28:34.468+0000 - 48.00KiB
                                                                [system/00000000]         - Total: 2026-05-13 09:29:13.692+0000 - 48.00KiB
                                                                [system/00000000]         4:
                                                                [system/00000000]           index-4: 2026-05-29 02:28:34.495+0000 - 48.00KiB
                                                                [system/00000000]         - Total: 2026-05-13 09:29:13.767+0000 - 48.00KiB
                                                                [system/00000000]         7:
                                                                [system/00000000]           index-7: 2026-05-29 02:28:34.526+0000 - 48.00KiB
                                                                [system/00000000]         - Total: 2026-05-13 09:29:13.948+0000 - 48.00KiB
                                                                [system/00000000]         8:
                                                                [system/00000000]           index-8: 2026-05-29 02:28:34.557+0000 - 48.00KiB
                                                                [system/00000000]         - Total: 2026-05-13 09:29:13.977+0000 - 48.00KiB
                                                                [system/00000000]         9:
                                                                [system/00000000]           index-9: 2026-05-29 02:28:34.585+0000 - 48.00KiB
                                                                [system/00000000]         - Total: 2026-05-13 09:29:14.006+0000 - 48.00KiB
                                                                [system/00000000]       - Total: 2026-05-13 09:29:14.005+0000 - 240.0KiB
                                                                [system/00000000]       token-lookup-1.0:
                                                                [system/00000000]         1:
                                                                [system/00000000]           index-1: 2026-05-29 02:28:34.387+0000 - 48.00KiB
                                                                [system/00000000]         - Total: 2026-05-13 09:29:13.488+0000 - 48.00KiB
                                                                [system/00000000]         2:
                                                                [system/00000000]           index-2: 2026-05-29 02:28:34.424+0000 - 48.00KiB
                                                                [system/00000000]         - Total: 2026-05-13 09:29:13.407+0000 - 48.00KiB
                                                                [system/00000000]       - Total: 2026-05-13 09:29:13.487+0000 - 96.00KiB
                                                                [system/00000000]     - Total: 2026-05-13 09:29:13.691+0000 - 336.0KiB
                                                                [system/00000000]   - Total: 2026-05-13 09:29:13.403+0000 - 336.0KiB
                                                                [system/00000000] Storage summary: 
                                                                [system/00000000]   Total size of store: 1.125MiB
                                                                [system/00000000]   Total size of mapped files: 456.0KiB
                                                                [system/00000000] 
                                                                [system/00000000] --------------------------------------------------------------------------------
                                                                [system/00000000]                               [ Transaction log ]                               
                                                                [system/00000000] --------------------------------------------------------------------------------
                                                                [system/00000000] Transaction log files stored on file store: NTFS
                                                                [system/00000000] Transaction log metadata:
                                                                [system/00000000]  - current kernel version used in transactions: V5_25
                                                                [system/00000000]  - last committed transaction id: 41
                                                                [system/00000000] Transaction log files:
                                                                [system/00000000]  - existing transaction log versions: 0-0
                                                                [system/00000000]  - oldest append index 2 found in log with version 0
                                                                [system/00000000]  - files: (filename : creation date - size)
                                                                [system/00000000]      neostore.transaction.db.0: 2026-05-13 09:29:13.075+0000 - 23.46KiB
                                                                [system/00000000]  - total size of files: 23.46KiB
                                                                [system/00000000] Checkpoint log files:
                                                                [system/00000000]  - existing checkpoint log versions: 0-0
                                                                [system/00000000]  - last checkpoint: CheckpointInfo[oldestNotVisibleTransactionLogPosition=LogPosition{logVersion=0, byteOffset=24028}, transactionLogPosition=LogPosition{logVersion=0, byteOffset=24028}, storeId=StoreId{creationTime=1778664552847, random=443747364235947064, storageEngineName='record', formatName='aligned', majorVersion=1, minorVersion=1}, checkpointEntryPosition=LogPosition{logVersion=0, byteOffset=360}, channelPositionAfterCheckpoint=LogPosition{logVersion=0, byteOffset=592}, checkpointFilePostReadPosition=LogPosition{logVersion=0, byteOffset=592}, kernelVersion=KernelVersion{V5_25,version=20}, kernelVersionByte=20, transactionId=TransactionId[id=41, appendIndex=41, kernelVersion=KernelVersion{V5_25,version=20}, checksum=2070859732, commitTimestamp=1778664554062, consensusIndex=-1], appendIndex=41, reason=Checkpoint triggered by "Scheduled checkpoint for every 15 minutes threshol, consensusIndexInCheckpoint=true]
                                                                [system/00000000] 
                                                                [system/00000000] --------------------------------------------------------------------------------
                                                                [system/00000000]                                   [ Id usage ]                                  
                                                                [system/00000000] --------------------------------------------------------------------------------
                                                                [system/00000000] ArrayPropertyStore[neostore.nodestore.db.labels]: used=1 high=0
                                                                [system/00000000] NodeStore[neostore.nodestore.db]: used=7 high=6
                                                                [system/00000000] StringPropertyStore[neostore.propertystore.db.index.keys]: used=47 high=46
                                                                [system/00000000] PropertyIndexStore[neostore.propertystore.db.index]: used=33 high=32
                                                                [system/00000000] StringPropertyStore[neostore.propertystore.db.strings]: used=3 high=2
                                                                [system/00000000] ArrayPropertyStore[neostore.propertystore.db.arrays]: used=1 high=0
                                                                [system/00000000] PropertyStore[neostore.propertystore.db]: used=73 high=72
                                                                [system/00000000] RelationshipStore[neostore.relationshipstore.db]: used=3 high=2
                                                                [system/00000000] StringPropertyStore[neostore.relationshiptypestore.db.names]: used=3 high=2
                                                                [system/00000000] RelationshipTypeStore[neostore.relationshiptypestore.db]: used=2 high=1
                                                                [system/00000000] StringPropertyStore[neostore.labeltokenstore.db.names]: used=6 high=5
                                                                [system/00000000] LabelTokenStore[neostore.labeltokenstore.db]: used=5 high=4
                                                                [system/00000000] SchemaStore[neostore.schemastore.db]: used=13 high=12
                                                                [system/00000000] RelationshipGroupStore[neostore.relationshipgroupstore.db]: used=1 high=0
                                                                [system/00000000] NeoStore[neostore]: used=-1 high=-1
                                                                [system/00000000] 
                                                                [system/00000000] --------------------------------------------------------------------------------
                                                                [system/00000000]                                   [ Metadata ]                                  
                                                                [system/00000000] --------------------------------------------------------------------------------
                                                                [system/00000000] EXTERNAL_STORE_UUID (Database identifier exposed as external store identity. Generated on creation and never updated): 217e3372-6310-4559-be9c-9ae3e02966ee
                                                                [system/00000000] DATABASE_ID (The last used DatabaseId for this database): null
                                                                [system/00000000] LEGACY_STORE_VERSION (Legacy store format version. This field is used from 5.0 onwards only to distinguish non-migrated pre 5.0 metadata stores.): -3523014627327384477
                                                                [system/00000000] STORE_ID (Store ID): StoreId{creationTime=1778664552847, random=443747364235947064, storageEngineName='record', formatName='aligned', majorVersion=1, minorVersion=1}
                                                                [system/00000000] 
2026-06-09 06:27:41.071+0000 INFO  [o.n.k.i.i.s.TokenIndexProvider] [system/00000000] Schema index cleanup job registered: descriptor=Index( id=1, name='index_343aff4e', type='LOOKUP', schema=(:<any-labels>), indexProvider='token-lookup-1.0' ), indexFile=E:\workspacce\AI\ai_kefu\.data\neo4j-win\data\databases\system\schema\index\token-lookup-1.0\1\index-1
2026-06-09 06:27:41.071+0000 INFO  [o.n.k.i.i.s.TokenIndexProvider] [system/00000000] Schema index cleanup job started: descriptor=Index( id=1, name='index_343aff4e', type='LOOKUP', schema=(:<any-labels>), indexProvider='token-lookup-1.0' ), indexFile=E:\workspacce\AI\ai_kefu\.data\neo4j-win\data\databases\system\schema\index\token-lookup-1.0\1\index-1
2026-06-09 06:27:41.076+0000 INFO  [o.n.k.i.i.s.TokenIndexProvider] [system/00000000] Schema index cleanup job finished: descriptor=Index( id=1, name='index_343aff4e', type='LOOKUP', schema=(:<any-labels>), indexProvider='token-lookup-1.0' ), indexFile=E:\workspacce\AI\ai_kefu\.data\neo4j-win\data\databases\system\schema\index\token-lookup-1.0\1\index-1 Number of pages visited: 3, Number of tree nodes: 2, Number of cleaned crashed pointers: 0, Time spent: 0ms
2026-06-09 06:27:41.076+0000 INFO  [o.n.k.i.i.s.TokenIndexProvider] [system/00000000] Schema index cleanup job closed: descriptor=Index( id=1, name='index_343aff4e', type='LOOKUP', schema=(:<any-labels>), indexProvider='token-lookup-1.0' ), indexFile=E:\workspacce\AI\ai_kefu\.data\neo4j-win\data\databases\system\schema\index\token-lookup-1.0\1\index-1
2026-06-09 06:27:41.093+0000 INFO  [o.n.k.i.i.s.TokenIndexProvider] [system/00000000] Schema index cleanup job registered: descriptor=Index( id=2, name='index_f7700477', type='LOOKUP', schema=()-[:<any-types>]-(), indexProvider='token-lookup-1.0' ), indexFile=E:\workspacce\AI\ai_kefu\.data\neo4j-win\data\databases\system\schema\index\token-lookup-1.0\2\index-2
2026-06-09 06:27:41.094+0000 INFO  [o.n.k.i.i.s.TokenIndexProvider] [system/00000000] Schema index cleanup job started: descriptor=Index( id=2, name='index_f7700477', type='LOOKUP', schema=()-[:<any-types>]-(), indexProvider='token-lookup-1.0' ), indexFile=E:\workspacce\AI\ai_kefu\.data\neo4j-win\data\databases\system\schema\index\token-lookup-1.0\2\index-2
2026-06-09 06:27:41.094+0000 INFO  [o.n.k.i.i.s.TokenIndexProvider] [system/00000000] Schema index cleanup job finished: descriptor=Index( id=2, name='index_f7700477', type='LOOKUP', schema=()-[:<any-types>]-(), indexProvider='token-lookup-1.0' ), indexFile=E:\workspacce\AI\ai_kefu\.data\neo4j-win\data\databases\system\schema\index\token-lookup-1.0\2\index-2 Number of pages visited: 3, Number of tree nodes: 2, Number of cleaned crashed pointers: 0, Time spent: 0ms
2026-06-09 06:27:41.094+0000 INFO  [o.n.k.i.i.s.TokenIndexProvider] [system/00000000] Schema index cleanup job closed: descriptor=Index( id=2, name='index_f7700477', type='LOOKUP', schema=()-[:<any-types>]-(), indexProvider='token-lookup-1.0' ), indexFile=E:\workspacce\AI\ai_kefu\.data\neo4j-win\data\databases\system\schema\index\token-lookup-1.0\2\index-2
2026-06-09 06:27:41.130+0000 INFO  [o.n.k.i.i.s.RangeIndexProvider] [system/00000000] Schema index cleanup job registered: descriptor=Index( id=3, name='constraint_798238d6', type='RANGE', schema=(:Label[1] {PropertyKey[11], PropertyKey[12]}), indexProvider='range-1.0', owningConstraint=5 ), indexFile=E:\workspacce\AI\ai_kefu\.data\neo4j-win\data\databases\system\schema\index\range-1.0\3\index-3
2026-06-09 06:27:41.130+0000 INFO  [o.n.k.i.i.s.RangeIndexProvider] [system/00000000] Schema index cleanup job started: descriptor=Index( id=3, name='constraint_798238d6', type='RANGE', schema=(:Label[1] {PropertyKey[11], PropertyKey[12]}), indexProvider='range-1.0', owningConstraint=5 ), indexFile=E:\workspacce\AI\ai_kefu\.data\neo4j-win\data\databases\system\schema\index\range-1.0\3\index-3
2026-06-09 06:27:41.130+0000 INFO  [o.n.k.i.i.s.RangeIndexProvider] [system/00000000] Schema index cleanup job finished: descriptor=Index( id=3, name='constraint_798238d6', type='RANGE', schema=(:Label[1] {PropertyKey[11], PropertyKey[12]}), indexProvider='range-1.0', owningConstraint=5 ), indexFile=E:\workspacce\AI\ai_kefu\.data\neo4j-win\data\databases\system\schema\index\range-1.0\3\index-3 Number of pages visited: 3, Number of tree nodes: 2, Number of cleaned crashed pointers: 0, Time spent: 0ms
2026-06-09 06:27:41.130+0000 INFO  [o.n.k.i.i.s.RangeIndexProvider] [system/00000000] Schema index cleanup job closed: descriptor=Index( id=3, name='constraint_798238d6', type='RANGE', schema=(:Label[1] {PropertyKey[11], PropertyKey[12]}), indexProvider='range-1.0', owningConstraint=5 ), indexFile=E:\workspacce\AI\ai_kefu\.data\neo4j-win\data\databases\system\schema\index\range-1.0\3\index-3
2026-06-09 06:27:41.152+0000 INFO  [o.n.k.i.i.s.RangeIndexProvider] [system/00000000] Schema index cleanup job registered: descriptor=Index( id=4, name='constraint_8014b60a', type='RANGE', schema=(:Label[2] {PropertyKey[11]}), indexProvider='range-1.0', owningConstraint=6 ), indexFile=E:\workspacce\AI\ai_kefu\.data\neo4j-win\data\databases\system\schema\index\range-1.0\4\index-4
2026-06-09 06:27:41.152+0000 INFO  [o.n.k.i.i.s.RangeIndexProvider] [system/00000000] Schema index cleanup job started: descriptor=Index( id=4, name='constraint_8014b60a', type='RANGE', schema=(:Label[2] {PropertyKey[11]}), indexProvider='range-1.0', owningConstraint=6 ), indexFile=E:\workspacce\AI\ai_kefu\.data\neo4j-win\data\databases\system\schema\index\range-1.0\4\index-4
2026-06-09 06:27:41.154+0000 INFO  [o.n.k.i.i.s.RangeIndexProvider] [system/00000000] Schema index cleanup job finished: descriptor=Index( id=4, name='constraint_8014b60a', type='RANGE', schema=(:Label[2] {PropertyKey[11]}), indexProvider='range-1.0', owningConstraint=6 ), indexFile=E:\workspacce\AI\ai_kefu\.data\neo4j-win\data\databases\system\schema\index\range-1.0\4\index-4 Number of pages visited: 3, Number of tree nodes: 2, Number of cleaned crashed pointers: 0, Time spent: 0ms
2026-06-09 06:27:41.154+0000 INFO  [o.n.k.i.i.s.RangeIndexProvider] [system/00000000] Schema index cleanup job closed: descriptor=Index( id=4, name='constraint_8014b60a', type='RANGE', schema=(:Label[2] {PropertyKey[11]}), indexProvider='range-1.0', owningConstraint=6 ), indexFile=E:\workspacce\AI\ai_kefu\.data\neo4j-win\data\databases\system\schema\index\range-1.0\4\index-4
2026-06-09 06:27:41.166+0000 INFO  [o.n.k.i.i.s.RangeIndexProvider] [system/00000000] Schema index cleanup job registered: descriptor=Index( id=7, name='constraint_5789ae3', type='RANGE', schema=(:Label[3] {PropertyKey[11]}), indexProvider='range-1.0', owningConstraint=12 ), indexFile=E:\workspacce\AI\ai_kefu\.data\neo4j-win\data\databases\system\schema\index\range-1.0\7\index-7
2026-06-09 06:27:41.166+0000 INFO  [o.n.k.i.i.s.RangeIndexProvider] [system/00000000] Schema index cleanup job started: descriptor=Index( id=7, name='constraint_5789ae3', type='RANGE', schema=(:Label[3] {PropertyKey[11]}), indexProvider='range-1.0', owningConstraint=12 ), indexFile=E:\workspacce\AI\ai_kefu\.data\neo4j-win\data\databases\system\schema\index\range-1.0\7\index-7
2026-06-09 06:27:41.166+0000 INFO  [o.n.k.i.i.s.RangeIndexProvider] [system/00000000] Schema index cleanup job finished: descriptor=Index( id=7, name='constraint_5789ae3', type='RANGE', schema=(:Label[3] {PropertyKey[11]}), indexProvider='range-1.0', owningConstraint=12 ), indexFile=E:\workspacce\AI\ai_kefu\.data\neo4j-win\data\databases\system\schema\index\range-1.0\7\index-7 Number of pages visited: 3, Number of tree nodes: 2, Number of cleaned crashed pointers: 0, Time spent: 0ms
2026-06-09 06:27:41.166+0000 INFO  [o.n.k.i.i.s.RangeIndexProvider] [system/00000000] Schema index cleanup job closed: descriptor=Index( id=7, name='constraint_5789ae3', type='RANGE', schema=(:Label[3] {PropertyKey[11]}), indexProvider='range-1.0', owningConstraint=12 ), indexFile=E:\workspacce\AI\ai_kefu\.data\neo4j-win\data\databases\system\schema\index\range-1.0\7\index-7
2026-06-09 06:27:41.187+0000 INFO  [o.n.k.i.i.s.RangeIndexProvider] [system/00000000] Schema index cleanup job registered: descriptor=Index( id=8, name='constraint_74fad970', type='RANGE', schema=(:Label[3] {PropertyKey[27]}), indexProvider='range-1.0', owningConstraint=10 ), indexFile=E:\workspacce\AI\ai_kefu\.data\neo4j-win\data\databases\system\schema\index\range-1.0\8\index-8
2026-06-09 06:27:41.187+0000 INFO  [o.n.k.i.i.s.RangeIndexProvider] [system/00000000] Schema index cleanup job started: descriptor=Index( id=8, name='constraint_74fad970', type='RANGE', schema=(:Label[3] {PropertyKey[27]}), indexProvider='range-1.0', owningConstraint=10 ), indexFile=E:\workspacce\AI\ai_kefu\.data\neo4j-win\data\databases\system\schema\index\range-1.0\8\index-8
2026-06-09 06:27:41.188+0000 INFO  [o.n.k.i.i.s.RangeIndexProvider] [system/00000000] Schema index cleanup job finished: descriptor=Index( id=8, name='constraint_74fad970', type='RANGE', schema=(:Label[3] {PropertyKey[27]}), indexProvider='range-1.0', owningConstraint=10 ), indexFile=E:\workspacce\AI\ai_kefu\.data\neo4j-win\data\databases\system\schema\index\range-1.0\8\index-8 Number of pages visited: 3, Number of tree nodes: 2, Number of cleaned crashed pointers: 0, Time spent: 0ms
2026-06-09 06:27:41.188+0000 INFO  [o.n.k.i.i.s.RangeIndexProvider] [system/00000000] Schema index cleanup job closed: descriptor=Index( id=8, name='constraint_74fad970', type='RANGE', schema=(:Label[3] {PropertyKey[27]}), indexProvider='range-1.0', owningConstraint=10 ), indexFile=E:\workspacce\AI\ai_kefu\.data\neo4j-win\data\databases\system\schema\index\range-1.0\8\index-8
2026-06-09 06:27:41.202+0000 INFO  [o.n.k.i.i.s.RangeIndexProvider] [system/00000000] Schema index cleanup job registered: descriptor=Index( id=9, name='auth-constraint', type='RANGE', schema=(:Label[4] {PropertyKey[28], PropertyKey[27]}), indexProvider='range-1.0', owningConstraint=11 ), indexFile=E:\workspacce\AI\ai_kefu\.data\neo4j-win\data\databases\system\schema\index\range-1.0\9\index-9
2026-06-09 06:27:41.202+0000 INFO  [o.n.k.i.i.s.RangeIndexProvider] [system/00000000] Schema index cleanup job started: descriptor=Index( id=9, name='auth-constraint', type='RANGE', schema=(:Label[4] {PropertyKey[28], PropertyKey[27]}), indexProvider='range-1.0', owningConstraint=11 ), indexFile=E:\workspacce\AI\ai_kefu\.data\neo4j-win\data\databases\system\schema\index\range-1.0\9\index-9
2026-06-09 06:27:41.202+0000 INFO  [o.n.k.i.i.s.RangeIndexProvider] [system/00000000] Schema index cleanup job finished: descriptor=Index( id=9, name='auth-constraint', type='RANGE', schema=(:Label[4] {PropertyKey[28], PropertyKey[27]}), indexProvider='range-1.0', owningConstraint=11 ), indexFile=E:\workspacce\AI\ai_kefu\.data\neo4j-win\data\databases\system\schema\index\range-1.0\9\index-9 Number of pages visited: 3, Number of tree nodes: 2, Number of cleaned crashed pointers: 0, Time spent: 0ms
2026-06-09 06:27:41.202+0000 INFO  [o.n.k.i.a.i.IndexingService] [system/00000000] IndexingService.init: indexes not specifically mentioned above are ONLINE. Total 7 indexes. Processed in 171ms
2026-06-09 06:27:41.202+0000 INFO  [o.n.k.i.i.s.RangeIndexProvider] [system/00000000] Schema index cleanup job closed: descriptor=Index( id=9, name='auth-constraint', type='RANGE', schema=(:Label[4] {PropertyKey[28], PropertyKey[27]}), indexProvider='range-1.0', owningConstraint=11 ), indexFile=E:\workspacce\AI\ai_kefu\.data\neo4j-win\data\databases\system\schema\index\range-1.0\9\index-9
2026-06-09 06:27:41.210+0000 INFO  [o.n.k.a.DatabaseAvailabilityGuard] [system/00000000] Requirement `Database unavailable` makes database system unavailable.
2026-06-09 06:27:41.211+0000 INFO  [o.n.k.a.DatabaseAvailabilityGuard] [system/00000000] DatabaseId{00000000[system]} is unavailable.
2026-06-09 06:27:41.223+0000 INFO  [o.n.k.d.Database] [system/00000000] Starting transaction log [E:\workspacce\AI\ai_kefu\.data\neo4j-win\data\transactions\system\neostore.transaction.db.0] at version=0
2026-06-09 06:27:41.228+0000 INFO  [o.n.k.d.Database] [system/00000000] Starting transaction log [E:\workspacce\AI\ai_kefu\.data\neo4j-win\data\transactions\system\checkpoint.0] at version=0
2026-06-09 06:27:41.229+0000 INFO  [o.n.k.i.t.l.f.c.CheckpointLogFile] [system/00000000] Scanning log file with version 0 for checkpoint entries
2026-06-09 06:27:41.234+0000 INFO  [o.n.k.i.a.i.IndexingService] [system/00000000] IndexingService.start: indexes not specifically mentioned above are ONLINE. Total 7 indexes. Processed in 0ms
2026-06-09 06:27:41.239+0000 INFO  [o.n.k.a.DatabaseAvailabilityGuard] [system/00000000] Fulfilling of requirement 'Database unavailable' makes database system available.
2026-06-09 06:27:41.244+0000 INFO  [o.n.k.a.DatabaseAvailabilityGuard] [system/00000000] DatabaseId{00000000[system]} is ready.
2026-06-09 06:27:41.405+0000 INFO  [o.n.s.s.s.UserSecurityGraphComponent] Performing postInitialization step for component 'security-users' with version 5 and status CURRENT
2026-06-09 06:27:41.406+0000 INFO  [o.n.s.s.s.UserSecurityGraphComponent] Updating the initial password in component 'security-users'
2026-06-09 06:27:41.446+0000 INFO  [o.n.d.d.DatabaseLifecycles] Creating 'DatabaseId{0a5c9463[neo4j]}'.
2026-06-09 06:27:41.452+0000 INFO  [o.n.d.d.DatabaseLifecycles] Starting 'DatabaseId{0a5c9463[neo4j]}'.
2026-06-09 06:27:41.487+0000 INFO  [o.n.k.i.t.l.f.c.CheckpointLogFile] [neo4j/0a5c9463] Scanning log file with version 0 for checkpoint entries
2026-06-09 06:27:41.504+0000 INFO  [o.n.k.i.s.f.RecordFormatSelector] [neo4j/0a5c9463] Selected RecordFormat:PageAlignedV5_0[aligned-1.1] record format from store E:\workspacce\AI\ai_kefu\.data\neo4j-win\data\databases\neo4j
2026-06-09 06:27:41.504+0000 INFO  [o.n.k.i.s.f.RecordFormatSelector] [neo4j/0a5c9463] Selected format from the store files: RecordFormat:PageAlignedV5_0[aligned-1.1]
2026-06-09 06:27:41.865+0000 INFO  [o.n.i.d.DiagnosticsManager] [neo4j/0a5c9463] 
                                                                [neo4j/0a5c9463] ********************************************************************************
                                                                [neo4j/0a5c9463]                               [ Database: neo4j ]                               
                                                                [neo4j/0a5c9463] ********************************************************************************
                                                                [neo4j/0a5c9463] --------------------------------------------------------------------------------
                                                                [neo4j/0a5c9463]                                   [ Version ]                                   
                                                                [neo4j/0a5c9463] --------------------------------------------------------------------------------
                                                                [neo4j/0a5c9463] DBMS: community record-aligned-1.1
                                                                [neo4j/0a5c9463] Kernel version: 5.26.26
                                                                [neo4j/0a5c9463] 
                                                                [neo4j/0a5c9463] --------------------------------------------------------------------------------
                                                                [neo4j/0a5c9463]                                 [ Store files ]                                 
                                                                [neo4j/0a5c9463] --------------------------------------------------------------------------------
                                                                [neo4j/0a5c9463] Disk space on partition (Total / Free / Free %): 952245415936 / 176365608960 / 18
                                                                [neo4j/0a5c9463] Storage files stored on file store: NTFS
                                                                [neo4j/0a5c9463] Storage files: (filename : modification date - size)
                                                                [neo4j/0a5c9463]   database_lock: 2026-05-13 09:29:14.134+0000 - 0B
                                                                [neo4j/0a5c9463]   id-buffer.tmp.0: 2026-05-29 02:28:35.675+0000 - 0B
                                                                [neo4j/0a5c9463]   neostore: 2026-05-27 09:04:56.344+0000 - 8.000KiB
                                                                [neo4j/0a5c9463]   neostore.counts.db: 2026-06-09 06:27:41.830+0000 - 40.00KiB
                                                                [neo4j/0a5c9463]   neostore.indexstats.db: 2026-05-27 09:05:25.567+0000 - 0B
                                                                [neo4j/0a5c9463]   neostore.labeltokenstore.db: 2026-05-27 09:04:57.128+0000 - 8.000KiB
                                                                [neo4j/0a5c9463]   neostore.labeltokenstore.db.id: 2026-06-09 06:27:41.774+0000 - 40.00KiB
                                                                [neo4j/0a5c9463]   neostore.labeltokenstore.db.names: 2026-05-27 09:04:57.129+0000 - 8.000KiB
                                                                [neo4j/0a5c9463]   neostore.labeltokenstore.db.names.id: 2026-06-09 06:27:41.748+0000 - 40.00KiB
                                                                [neo4j/0a5c9463]   neostore.nodestore.db: 2026-05-27 09:04:58.934+0000 - 64.00KiB
                                                                [neo4j/0a5c9463]   neostore.nodestore.db.id: 2026-06-09 06:27:41.540+0000 - 40.00KiB
                                                                [neo4j/0a5c9463]   neostore.nodestore.db.labels: 2026-05-27 09:04:56.282+0000 - 8.000KiB
                                                                [neo4j/0a5c9463]   neostore.nodestore.db.labels.id: 2026-06-09 06:27:41.519+0000 - 40.00KiB
                                                                [neo4j/0a5c9463]   neostore.propertystore.db: 2026-05-27 09:04:58.934+0000 - 112.0KiB
                                                                [neo4j/0a5c9463]   neostore.propertystore.db.arrays: 2026-05-27 09:04:56.303+0000 - 8.000KiB
                                                                [neo4j/0a5c9463]   neostore.propertystore.db.arrays.id: 2026-06-09 06:27:41.624+0000 - 40.00KiB
                                                                [neo4j/0a5c9463]   neostore.propertystore.db.id: 2026-06-09 06:27:41.646+0000 - 40.00KiB
                                                                [neo4j/0a5c9463]   neostore.propertystore.db.index: 2026-05-27 09:04:58.934+0000 - 8.000KiB
                                                                [neo4j/0a5c9463]   neostore.propertystore.db.index.id: 2026-06-09 06:27:41.583+0000 - 40.00KiB
                                                                [neo4j/0a5c9463]   neostore.propertystore.db.index.keys: 2026-05-27 09:04:58.934+0000 - 8.000KiB
                                                                [neo4j/0a5c9463]   neostore.propertystore.db.index.keys.id: 2026-06-09 06:27:41.564+0000 - 40.00KiB
                                                                [neo4j/0a5c9463]   neostore.propertystore.db.strings: 2026-05-27 09:04:57.256+0000 - 96.00KiB
                                                                [neo4j/0a5c9463]   neostore.propertystore.db.strings.id: 2026-06-09 06:27:41.602+0000 - 40.00KiB
                                                                [neo4j/0a5c9463]   neostore.relationshipgroupstore.db: 2026-05-27 09:04:56.336+0000 - 8.000KiB
                                                                [neo4j/0a5c9463]   neostore.relationshipgroupstore.db.id: 2026-06-09 06:27:41.816+0000 - 40.00KiB
                                                                [neo4j/0a5c9463]   neostore.relationshipgroupstore.degrees.db: 2026-06-09 06:27:41.845+0000 - 40.00KiB
                                                                [neo4j/0a5c9463]   neostore.relationshipstore.db: 2026-05-27 09:04:58.934+0000 - 72.00KiB
                                                                [neo4j/0a5c9463]   neostore.relationshipstore.db.id: 2026-06-09 06:27:41.673+0000 - 40.00KiB
                                                                [neo4j/0a5c9463]   neostore.relationshiptypestore.db: 2026-05-27 09:04:57.765+0000 - 8.000KiB
                                                                [neo4j/0a5c9463]   neostore.relationshiptypestore.db.id: 2026-06-09 06:27:41.725+0000 - 40.00KiB
                                                                [neo4j/0a5c9463]   neostore.relationshiptypestore.db.names: 2026-05-27 09:04:57.764+0000 - 8.000KiB
                                                                [neo4j/0a5c9463]   neostore.relationshiptypestore.db.names.id: 2026-06-09 06:27:41.701+0000 - 40.00KiB
                                                                [neo4j/0a5c9463]   neostore.schemastore.db: 2026-05-27 09:04:58.934+0000 - 8.000KiB
                                                                [neo4j/0a5c9463]   neostore.schemastore.db.id: 2026-06-09 06:27:41.798+0000 - 40.00KiB
                                                                [neo4j/0a5c9463]   schema:
                                                                [neo4j/0a5c9463]     index:
                                                                [neo4j/0a5c9463]       token-lookup-1.0:
                                                                [neo4j/0a5c9463]         1:
                                                                [neo4j/0a5c9463]           index-1: 2026-05-29 02:28:35.654+0000 - 40.00KiB
                                                                [neo4j/0a5c9463]         - Total: 2026-05-27 09:04:58.763+0000 - 40.00KiB
                                                                [neo4j/0a5c9463]         2:
                                                                [neo4j/0a5c9463]           index-2: 2026-05-29 02:28:35.672+0000 - 40.00KiB
                                                                [neo4j/0a5c9463]         - Total: 2026-05-27 09:04:58.859+0000 - 40.00KiB
                                                                [neo4j/0a5c9463]       - Total: 2026-05-27 09:04:58.859+0000 - 80.00KiB
                                                                [neo4j/0a5c9463]     - Total: 2026-05-27 09:04:58.752+0000 - 80.00KiB
                                                                [neo4j/0a5c9463]   - Total: 2026-05-27 09:04:58.751+0000 - 80.00KiB
                                                                [neo4j/0a5c9463] Storage summary: 
                                                                [neo4j/0a5c9463]   Total size of store: 1.125MiB
                                                                [neo4j/0a5c9463]   Total size of mapped files: 512.0KiB
                                                                [neo4j/0a5c9463] 
                                                                [neo4j/0a5c9463] --------------------------------------------------------------------------------
                                                                [neo4j/0a5c9463]                               [ Transaction log ]                               
                                                                [neo4j/0a5c9463] --------------------------------------------------------------------------------
                                                                [neo4j/0a5c9463] Transaction log files stored on file store: NTFS
                                                                [neo4j/0a5c9463] Transaction log metadata:
                                                                [neo4j/0a5c9463]  - current kernel version used in transactions: V5_25
                                                                [neo4j/0a5c9463]  - last committed transaction id: 2
                                                                [neo4j/0a5c9463] Transaction log files:
                                                                [neo4j/0a5c9463]  - existing transaction log versions: 0-0
                                                                [neo4j/0a5c9463]  - oldest append index 2 found in log with version 0
                                                                [neo4j/0a5c9463]  - files: (filename : creation date - size)
                                                                [neo4j/0a5c9463]      neostore.transaction.db.0: 2026-05-27 09:04:58.467+0000 - 184B
                                                                [neo4j/0a5c9463]  - total size of files: 184B
                                                                [neo4j/0a5c9463] Checkpoint log files:
                                                                [neo4j/0a5c9463]  - existing checkpoint log versions: 0-0
                                                                [neo4j/0a5c9463]  - last checkpoint: CheckpointInfo[oldestNotVisibleTransactionLogPosition=LogPosition{logVersion=0, byteOffset=184}, transactionLogPosition=LogPosition{logVersion=0, byteOffset=184}, storeId=StoreId{creationTime=1779872696342, random=-6912127355772180954, storageEngineName='record', formatName='aligned', majorVersion=1, minorVersion=1}, checkpointEntryPosition=LogPosition{logVersion=0, byteOffset=128}, channelPositionAfterCheckpoint=LogPosition{logVersion=0, byteOffset=360}, checkpointFilePostReadPosition=LogPosition{logVersion=0, byteOffset=360}, kernelVersion=KernelVersion{V5_25,version=20}, kernelVersionByte=20, transactionId=TransactionId[id=2, appendIndex=2, kernelVersion=KernelVersion{V5_25,version=20}, checksum=1265832560, commitTimestamp=0, consensusIndex=-1], appendIndex=2, reason=Batch importer checkpoint., consensusIndexInCheckpoint=true]
                                                                [neo4j/0a5c9463] 
                                                                [neo4j/0a5c9463] --------------------------------------------------------------------------------
                                                                [neo4j/0a5c9463]                                   [ Id usage ]                                  
                                                                [neo4j/0a5c9463] --------------------------------------------------------------------------------
                                                                [neo4j/0a5c9463] ArrayPropertyStore[neostore.nodestore.db.labels]: used=1 high=0
                                                                [neo4j/0a5c9463] NodeStore[neostore.nodestore.db]: used=4368 high=4367
                                                                [neo4j/0a5c9463] StringPropertyStore[neostore.propertystore.db.index.keys]: used=78 high=77
                                                                [neo4j/0a5c9463] PropertyIndexStore[neostore.propertystore.db.index]: used=68 high=67
                                                                [neo4j/0a5c9463] StringPropertyStore[neostore.propertystore.db.strings]: used=769 high=768
                                                                [neo4j/0a5c9463] ArrayPropertyStore[neostore.propertystore.db.arrays]: used=1 high=0
                                                                [neo4j/0a5c9463] PropertyStore[neostore.propertystore.db]: used=2596 high=2595
                                                                [neo4j/0a5c9463] RelationshipStore[neostore.relationshipstore.db]: used=2160 high=2159
                                                                [neo4j/0a5c9463] StringPropertyStore[neostore.relationshiptypestore.db.names]: used=10 high=9
                                                                [neo4j/0a5c9463] RelationshipTypeStore[neostore.relationshiptypestore.db]: used=9 high=8
                                                                [neo4j/0a5c9463] StringPropertyStore[neostore.labeltokenstore.db.names]: used=9 high=8
                                                                [neo4j/0a5c9463] LabelTokenStore[neostore.labeltokenstore.db]: used=8 high=7
                                                                [neo4j/0a5c9463] SchemaStore[neostore.schemastore.db]: used=3 high=2
                                                                [neo4j/0a5c9463] RelationshipGroupStore[neostore.relationshipgroupstore.db]: used=1 high=0
                                                                [neo4j/0a5c9463] NeoStore[neostore]: used=-1 high=-1
                                                                [neo4j/0a5c9463] 
                                                                [neo4j/0a5c9463] --------------------------------------------------------------------------------
                                                                [neo4j/0a5c9463]                                   [ Metadata ]                                  
                                                                [neo4j/0a5c9463] --------------------------------------------------------------------------------
                                                                [neo4j/0a5c9463] EXTERNAL_STORE_UUID (Database identifier exposed as external store identity. Generated on creation and never updated): 7346b50d-acbb-4b35-b845-55b9e9cda1cd
                                                                [neo4j/0a5c9463] DATABASE_ID (The last used DatabaseId for this database): null
                                                                [neo4j/0a5c9463] LEGACY_STORE_VERSION (Legacy store format version. This field is used from 5.0 onwards only to distinguish non-migrated pre 5.0 metadata stores.): -3523014627327384477
                                                                [neo4j/0a5c9463] STORE_ID (Store ID): StoreId{creationTime=1779872696342, random=-6912127355772180954, storageEngineName='record', formatName='aligned', majorVersion=1, minorVersion=1}
                                                                [neo4j/0a5c9463] 
2026-06-09 06:27:41.883+0000 INFO  [o.n.k.i.i.s.TokenIndexProvider] [neo4j/0a5c9463] Schema index cleanup job registered: descriptor=Index( id=1, name='index_343aff4e', type='LOOKUP', schema=(:<any-labels>), indexProvider='token-lookup-1.0' ), indexFile=E:\workspacce\AI\ai_kefu\.data\neo4j-win\data\databases\neo4j\schema\index\token-lookup-1.0\1\index-1
2026-06-09 06:27:41.883+0000 INFO  [o.n.k.i.i.s.TokenIndexProvider] [neo4j/0a5c9463] Schema index cleanup job started: descriptor=Index( id=1, name='index_343aff4e', type='LOOKUP', schema=(:<any-labels>), indexProvider='token-lookup-1.0' ), indexFile=E:\workspacce\AI\ai_kefu\.data\neo4j-win\data\databases\neo4j\schema\index\token-lookup-1.0\1\index-1
2026-06-09 06:27:41.884+0000 INFO  [o.n.k.i.i.s.TokenIndexProvider] [neo4j/0a5c9463] Schema index cleanup job finished: descriptor=Index( id=1, name='index_343aff4e', type='LOOKUP', schema=(:<any-labels>), indexProvider='token-lookup-1.0' ), indexFile=E:\workspacce\AI\ai_kefu\.data\neo4j-win\data\databases\neo4j\schema\index\token-lookup-1.0\1\index-1 Number of pages visited: 2, Number of tree nodes: 1, Number of cleaned crashed pointers: 0, Time spent: 0ms
2026-06-09 06:27:41.884+0000 INFO  [o.n.k.i.i.s.TokenIndexProvider] [neo4j/0a5c9463] Schema index cleanup job closed: descriptor=Index( id=1, name='index_343aff4e', type='LOOKUP', schema=(:<any-labels>), indexProvider='token-lookup-1.0' ), indexFile=E:\workspacce\AI\ai_kefu\.data\neo4j-win\data\databases\neo4j\schema\index\token-lookup-1.0\1\index-1
2026-06-09 06:27:41.893+0000 INFO  [o.n.k.i.i.s.TokenIndexProvider] [neo4j/0a5c9463] Schema index cleanup job registered: descriptor=Index( id=2, name='index_f7700477', type='LOOKUP', schema=()-[:<any-types>]-(), indexProvider='token-lookup-1.0' ), indexFile=E:\workspacce\AI\ai_kefu\.data\neo4j-win\data\databases\neo4j\schema\index\token-lookup-1.0\2\index-2
2026-06-09 06:27:41.893+0000 INFO  [o.n.k.i.a.i.IndexingService] [neo4j/0a5c9463] IndexingService.init: indexes not specifically mentioned above are ONLINE. Total 2 indexes. Processed in 27ms
2026-06-09 06:27:41.893+0000 INFO  [o.n.k.i.i.s.TokenIndexProvider] [neo4j/0a5c9463] Schema index cleanup job started: descriptor=Index( id=2, name='index_f7700477', type='LOOKUP', schema=()-[:<any-types>]-(), indexProvider='token-lookup-1.0' ), indexFile=E:\workspacce\AI\ai_kefu\.data\neo4j-win\data\databases\neo4j\schema\index\token-lookup-1.0\2\index-2
2026-06-09 06:27:41.893+0000 INFO  [o.n.k.i.i.s.TokenIndexProvider] [neo4j/0a5c9463] Schema index cleanup job finished: descriptor=Index( id=2, name='index_f7700477', type='LOOKUP', schema=()-[:<any-types>]-(), indexProvider='token-lookup-1.0' ), indexFile=E:\workspacce\AI\ai_kefu\.data\neo4j-win\data\databases\neo4j\schema\index\token-lookup-1.0\2\index-2 Number of pages visited: 2, Number of tree nodes: 1, Number of cleaned crashed pointers: 0, Time spent: 0ms
2026-06-09 06:27:41.893+0000 INFO  [o.n.k.i.i.s.TokenIndexProvider] [neo4j/0a5c9463] Schema index cleanup job closed: descriptor=Index( id=2, name='index_f7700477', type='LOOKUP', schema=()-[:<any-types>]-(), indexProvider='token-lookup-1.0' ), indexFile=E:\workspacce\AI\ai_kefu\.data\neo4j-win\data\databases\neo4j\schema\index\token-lookup-1.0\2\index-2
2026-06-09 06:27:41.899+0000 INFO  [o.n.k.a.DatabaseAvailabilityGuard] [neo4j/0a5c9463] Requirement `Database unavailable` makes database neo4j unavailable.
2026-06-09 06:27:41.899+0000 INFO  [o.n.k.a.DatabaseAvailabilityGuard] [neo4j/0a5c9463] DatabaseId{0a5c9463[neo4j]} is unavailable.
2026-06-09 06:27:41.900+0000 INFO  [o.n.k.d.Database] [neo4j/0a5c9463] Starting transaction log [E:\workspacce\AI\ai_kefu\.data\neo4j-win\data\transactions\neo4j\neostore.transaction.db.0] at version=0
2026-06-09 06:27:41.902+0000 INFO  [o.n.k.d.Database] [neo4j/0a5c9463] Starting transaction log [E:\workspacce\AI\ai_kefu\.data\neo4j-win\data\transactions\neo4j\checkpoint.0] at version=0
2026-06-09 06:27:41.903+0000 INFO  [o.n.k.i.t.l.f.c.CheckpointLogFile] [neo4j/0a5c9463] Scanning log file with version 0 for checkpoint entries
2026-06-09 06:27:41.905+0000 INFO  [o.n.k.i.a.i.IndexingService] [neo4j/0a5c9463] IndexingService.start: indexes not specifically mentioned above are ONLINE. Total 2 indexes. Processed in 0ms
2026-06-09 06:27:41.907+0000 INFO  [o.n.k.a.DatabaseAvailabilityGuard] [neo4j/0a5c9463] Fulfilling of requirement 'Database unavailable' makes database neo4j available.
2026-06-09 06:27:41.907+0000 INFO  [o.n.k.a.DatabaseAvailabilityGuard] [neo4j/0a5c9463] DatabaseId{0a5c9463[neo4j]} is ready.
2026-06-09 06:27:41.966+0000 INFO  [o.n.b.p.c.c.n.SocketNettyConnector] Bolt enabled on 127.0.0.1:7687.
2026-06-09 06:27:41.972+0000 WARN  [i.n.b.ServerBootstrap] Unknown channel option 'SO_REUSEADDR' for channel '[id: 0xa6b5c1a4]' of type 'class io.netty.channel.local.LocalServerChannel'
2026-06-09 06:27:41.979+0000 INFO  [o.n.b.BoltServer] Bolt server started
2026-06-09 06:27:41.980+0000 INFO  [o.n.s.A.ServerComponentsLifecycleAdapter] Starting web server
2026-06-09 06:27:44.614+0000 INFO  [o.n.s.CommunityNeoWebServer] HTTP enabled on 127.0.0.1:7474.
2026-06-09 06:27:44.614+0000 INFO  [o.n.s.CommunityNeoWebServer] Remote interface available at http://localhost:7474/
2026-06-09 06:27:44.614+0000 INFO  [o.n.s.A.ServerComponentsLifecycleAdapter] Web server started.
2026-06-09 06:27:44.620+0000 INFO  [o.n.g.f.DatabaseManagementServiceFactory] id: FB3B039A7857AC973A9E3B82A4DF286D16BC87314DB14D9088A1FB069A158A18
2026-06-09 06:27:44.622+0000 INFO  [o.n.g.f.DatabaseManagementServiceFactory] name: system
2026-06-09 06:27:44.623+0000 INFO  [o.n.g.f.DatabaseManagementServiceFactory] creationDate: 2026-05-13T09:29:12.847Z
2026-06-09 12:52:07.660+0000 ERROR [o.n.b.p.c.h.HouseKeeperHandler] Fatal error occurred when handling a client connection: [id: 0x7af43098, L:/127.0.0.1:7687 - R:/127.0.0.1:8729]
java.net.SocketException: Connection reset
	at java.base/sun.nio.ch.SocketChannelImpl.throwConnectionReset(SocketChannelImpl.java:401)
	at java.base/sun.nio.ch.SocketChannelImpl.read(SocketChannelImpl.java:434)
	at io.netty.buffer.PooledByteBuf.setBytes(PooledByteBuf.java:255)
	at io.netty.buffer.AbstractByteBuf.writeBytes(AbstractByteBuf.java:1132)
	at io.netty.channel.socket.nio.NioSocketChannel.doReadBytes(NioSocketChannel.java:356)
	at io.netty.channel.nio.AbstractNioByteChannel$NioByteUnsafe.read(AbstractNioByteChannel.java:156)
	at io.netty.channel.nio.NioEventLoop.processSelectedKey(NioEventLoop.java:796)
	at io.netty.channel.nio.NioEventLoop.processSelectedKeysOptimized(NioEventLoop.java:732)
	at io.netty.channel.nio.NioEventLoop.processSelectedKeys(NioEventLoop.java:658)
	at io.netty.channel.nio.NioEventLoop.run(NioEventLoop.java:562)
	at io.netty.util.concurrent.SingleThreadEventExecutor$4.run(SingleThreadEventExecutor.java:998)
	at io.netty.util.internal.ThreadExecutorMap$2.run(ThreadExecutorMap.java:74)
	at io.netty.util.concurrent.FastThreadLocalRunnable.run(FastThreadLocalRunnable.java:30)
	at java.base/java.lang.Thread.run(Thread.java:1583)
2026-06-09 12:52:07.660+0000 ERROR [o.n.b.p.c.h.HouseKeeperHandler] Fatal error occurred when handling a client connection: [id: 0x6f1bc92a, L:/127.0.0.1:7687 - R:/127.0.0.1:9139]
java.net.SocketException: Connection reset
	at java.base/sun.nio.ch.SocketChannelImpl.throwConnectionReset(SocketChannelImpl.java:401)
	at java.base/sun.nio.ch.SocketChannelImpl.read(SocketChannelImpl.java:434)
	at io.netty.buffer.PooledByteBuf.setBytes(PooledByteBuf.java:255)
	at io.netty.buffer.AbstractByteBuf.writeBytes(AbstractByteBuf.java:1132)
	at io.netty.channel.socket.nio.NioSocketChannel.doReadBytes(NioSocketChannel.java:356)
	at io.netty.channel.nio.AbstractNioByteChannel$NioByteUnsafe.read(AbstractNioByteChannel.java:156)
	at io.netty.channel.nio.NioEventLoop.processSelectedKey(NioEventLoop.java:796)
	at io.netty.channel.nio.NioEventLoop.processSelectedKeysOptimized(NioEventLoop.java:732)
	at io.netty.channel.nio.NioEventLoop.processSelectedKeys(NioEventLoop.java:658)
	at io.netty.channel.nio.NioEventLoop.run(NioEventLoop.java:562)
	at io.netty.util.concurrent.SingleThreadEventExecutor$4.run(SingleThreadEventExecutor.java:998)
	at io.netty.util.internal.ThreadExecutorMap$2.run(ThreadExecutorMap.java:74)
	at io.netty.util.concurrent.FastThreadLocalRunnable.run(FastThreadLocalRunnable.java:30)
	at java.base/java.lang.Thread.run(Thread.java:1583)
2026-06-09 12:52:07.660+0000 ERROR [o.n.b.p.c.h.HouseKeeperHandler] Fatal error occurred when handling a client connection: [id: 0xc7048449, L:/127.0.0.1:7687 - R:/127.0.0.1:4472]
java.net.SocketException: Connection reset
	at java.base/sun.nio.ch.SocketChannelImpl.throwConnectionReset(SocketChannelImpl.java:401)
	at java.base/sun.nio.ch.SocketChannelImpl.read(SocketChannelImpl.java:434)
	at io.netty.buffer.PooledByteBuf.setBytes(PooledByteBuf.java:255)
	at io.netty.buffer.AbstractByteBuf.writeBytes(AbstractByteBuf.java:1132)
	at io.netty.channel.socket.nio.NioSocketChannel.doReadBytes(NioSocketChannel.java:356)
	at io.netty.channel.nio.AbstractNioByteChannel$NioByteUnsafe.read(AbstractNioByteChannel.java:156)
	at io.netty.channel.nio.NioEventLoop.processSelectedKey(NioEventLoop.java:796)
	at io.netty.channel.nio.NioEventLoop.processSelectedKeysOptimized(NioEventLoop.java:732)
	at io.netty.channel.nio.NioEventLoop.processSelectedKeys(NioEventLoop.java:658)
	at io.netty.channel.nio.NioEventLoop.run(NioEventLoop.java:562)
	at io.netty.util.concurrent.SingleThreadEventExecutor$4.run(SingleThreadEventExecutor.java:998)
	at io.netty.util.internal.ThreadExecutorMap$2.run(ThreadExecutorMap.java:74)
	at io.netty.util.concurrent.FastThreadLocalRunnable.run(FastThreadLocalRunnable.java:30)
	at java.base/java.lang.Thread.run(Thread.java:1583)
2026-06-09 12:52:07.660+0000 ERROR [o.n.b.p.c.h.HouseKeeperHandler] Fatal error occurred when handling a client connection: [id: 0x0389d452, L:/127.0.0.1:7687 - R:/127.0.0.1:10008]
java.net.SocketException: Connection reset
	at java.base/sun.nio.ch.SocketChannelImpl.throwConnectionReset(SocketChannelImpl.java:401)
	at java.base/sun.nio.ch.SocketChannelImpl.read(SocketChannelImpl.java:434)
	at io.netty.buffer.PooledByteBuf.setBytes(PooledByteBuf.java:255)
	at io.netty.buffer.AbstractByteBuf.writeBytes(AbstractByteBuf.java:1132)
	at io.netty.channel.socket.nio.NioSocketChannel.doReadBytes(NioSocketChannel.java:356)
	at io.netty.channel.nio.AbstractNioByteChannel$NioByteUnsafe.read(AbstractNioByteChannel.java:156)
	at io.netty.channel.nio.NioEventLoop.processSelectedKey(NioEventLoop.java:796)
	at io.netty.channel.nio.NioEventLoop.processSelectedKeysOptimized(NioEventLoop.java:732)
	at io.netty.channel.nio.NioEventLoop.processSelectedKeys(NioEventLoop.java:658)
	at io.netty.channel.nio.NioEventLoop.run(NioEventLoop.java:562)
	at io.netty.util.concurrent.SingleThreadEventExecutor$4.run(SingleThreadEventExecutor.java:998)
	at io.netty.util.internal.ThreadExecutorMap$2.run(ThreadExecutorMap.java:74)
	at io.netty.util.concurrent.FastThreadLocalRunnable.run(FastThreadLocalRunnable.java:30)
	at java.base/java.lang.Thread.run(Thread.java:1583)
2026-06-09 12:52:07.660+0000 ERROR [o.n.b.p.c.h.HouseKeeperHandler] Fatal error occurred when handling a client connection: [id: 0xed98eae9, L:/127.0.0.1:7687 - R:/127.0.0.1:11883]
java.net.SocketException: Connection reset
	at java.base/sun.nio.ch.SocketChannelImpl.throwConnectionReset(SocketChannelImpl.java:401)
	at java.base/sun.nio.ch.SocketChannelImpl.read(SocketChannelImpl.java:434)
	at io.netty.buffer.PooledByteBuf.setBytes(PooledByteBuf.java:255)
	at io.netty.buffer.AbstractByteBuf.writeBytes(AbstractByteBuf.java:1132)
	at io.netty.channel.socket.nio.NioSocketChannel.doReadBytes(NioSocketChannel.java:356)
	at io.netty.channel.nio.AbstractNioByteChannel$NioByteUnsafe.read(AbstractNioByteChannel.java:156)
	at io.netty.channel.nio.NioEventLoop.processSelectedKey(NioEventLoop.java:796)
	at io.netty.channel.nio.NioEventLoop.processSelectedKeysOptimized(NioEventLoop.java:732)
	at io.netty.channel.nio.NioEventLoop.processSelectedKeys(NioEventLoop.java:658)
	at io.netty.channel.nio.NioEventLoop.run(NioEventLoop.java:562)
	at io.netty.util.concurrent.SingleThreadEventExecutor$4.run(SingleThreadEventExecutor.java:998)
	at io.netty.util.internal.ThreadExecutorMap$2.run(ThreadExecutorMap.java:74)
	at io.netty.util.concurrent.FastThreadLocalRunnable.run(FastThreadLocalRunnable.java:30)
	at java.base/java.lang.Thread.run(Thread.java:1583)
2026-06-09 12:52:07.660+0000 ERROR [o.n.b.p.c.h.HouseKeeperHandler] Fatal error occurred when handling a client connection: [id: 0x4bd4b5f6, L:/127.0.0.1:7687 - R:/127.0.0.1:6964]
java.net.SocketException: Connection reset
	at java.base/sun.nio.ch.SocketChannelImpl.throwConnectionReset(SocketChannelImpl.java:401)
	at java.base/sun.nio.ch.SocketChannelImpl.read(SocketChannelImpl.java:434)
	at io.netty.buffer.PooledByteBuf.setBytes(PooledByteBuf.java:255)
	at io.netty.buffer.AbstractByteBuf.writeBytes(AbstractByteBuf.java:1132)
	at io.netty.channel.socket.nio.NioSocketChannel.doReadBytes(NioSocketChannel.java:356)
	at io.netty.channel.nio.AbstractNioByteChannel$NioByteUnsafe.read(AbstractNioByteChannel.java:156)
	at io.netty.channel.nio.NioEventLoop.processSelectedKey(NioEventLoop.java:796)
	at io.netty.channel.nio.NioEventLoop.processSelectedKeysOptimized(NioEventLoop.java:732)
	at io.netty.channel.nio.NioEventLoop.processSelectedKeys(NioEventLoop.java:658)
	at io.netty.channel.nio.NioEventLoop.run(NioEventLoop.java:562)
	at io.netty.util.concurrent.SingleThreadEventExecutor$4.run(SingleThreadEventExecutor.java:998)
	at io.netty.util.internal.ThreadExecutorMap$2.run(ThreadExecutorMap.java:74)
	at io.netty.util.concurrent.FastThreadLocalRunnable.run(FastThreadLocalRunnable.java:30)
	at java.base/java.lang.Thread.run(Thread.java:1583)
2026-06-09 12:52:07.660+0000 ERROR [o.n.b.p.c.h.HouseKeeperHandler] Fatal error occurred when handling a client connection: [id: 0x3d34c5f8, L:/127.0.0.1:7687 - R:/127.0.0.1:14898]
java.net.SocketException: Connection reset
	at java.base/sun.nio.ch.SocketChannelImpl.throwConnectionReset(SocketChannelImpl.java:401)
	at java.base/sun.nio.ch.SocketChannelImpl.read(SocketChannelImpl.java:434)
	at io.netty.buffer.PooledByteBuf.setBytes(PooledByteBuf.java:255)
	at io.netty.buffer.AbstractByteBuf.writeBytes(AbstractByteBuf.java:1132)
	at io.netty.channel.socket.nio.NioSocketChannel.doReadBytes(NioSocketChannel.java:356)
	at io.netty.channel.nio.AbstractNioByteChannel$NioByteUnsafe.read(AbstractNioByteChannel.java:156)
	at io.netty.channel.nio.NioEventLoop.processSelectedKey(NioEventLoop.java:796)
	at io.netty.channel.nio.NioEventLoop.processSelectedKeysOptimized(NioEventLoop.java:732)
	at io.netty.channel.nio.NioEventLoop.processSelectedKeys(NioEventLoop.java:658)
	at io.netty.channel.nio.NioEventLoop.run(NioEventLoop.java:562)
	at io.netty.util.concurrent.SingleThreadEventExecutor$4.run(SingleThreadEventExecutor.java:998)
	at io.netty.util.internal.ThreadExecutorMap$2.run(ThreadExecutorMap.java:74)
	at io.netty.util.concurrent.FastThreadLocalRunnable.run(FastThreadLocalRunnable.java:30)
	at java.base/java.lang.Thread.run(Thread.java:1583)
2026-06-09 12:52:07.660+0000 ERROR [o.n.b.p.c.h.HouseKeeperHandler] Fatal error occurred when handling a client connection: [id: 0xef756ea9, L:/127.0.0.1:7687 - R:/127.0.0.1:5214]
java.net.SocketException: Connection reset
	at java.base/sun.nio.ch.SocketChannelImpl.throwConnectionReset(SocketChannelImpl.java:401)
	at java.base/sun.nio.ch.SocketChannelImpl.read(SocketChannelImpl.java:434)
	at io.netty.buffer.PooledByteBuf.setBytes(PooledByteBuf.java:255)
	at io.netty.buffer.AbstractByteBuf.writeBytes(AbstractByteBuf.java:1132)
	at io.netty.channel.socket.nio.NioSocketChannel.doReadBytes(NioSocketChannel.java:356)
	at io.netty.channel.nio.AbstractNioByteChannel$NioByteUnsafe.read(AbstractNioByteChannel.java:156)
	at io.netty.channel.nio.NioEventLoop.processSelectedKey(NioEventLoop.java:796)
	at io.netty.channel.nio.NioEventLoop.processSelectedKeysOptimized(NioEventLoop.java:732)
	at io.netty.channel.nio.NioEventLoop.processSelectedKeys(NioEventLoop.java:658)
	at io.netty.channel.nio.NioEventLoop.run(NioEventLoop.java:562)
	at io.netty.util.concurrent.SingleThreadEventExecutor$4.run(SingleThreadEventExecutor.java:998)
	at io.netty.util.internal.ThreadExecutorMap$2.run(ThreadExecutorMap.java:74)
	at io.netty.util.concurrent.FastThreadLocalRunnable.run(FastThreadLocalRunnable.java:30)
	at java.base/java.lang.Thread.run(Thread.java:1583)
2026-06-09 12:52:07.660+0000 ERROR [o.n.b.p.c.h.HouseKeeperHandler] Fatal error occurred when handling a client connection: [id: 0xc38724ed, L:/127.0.0.1:7687 - R:/127.0.0.1:1874]
java.net.SocketException: Connection reset
	at java.base/sun.nio.ch.SocketChannelImpl.throwConnectionReset(SocketChannelImpl.java:401)
	at java.base/sun.nio.ch.SocketChannelImpl.read(SocketChannelImpl.java:434)
	at io.netty.buffer.PooledByteBuf.setBytes(PooledByteBuf.java:255)
	at io.netty.buffer.AbstractByteBuf.writeBytes(AbstractByteBuf.java:1132)
	at io.netty.channel.socket.nio.NioSocketChannel.doReadBytes(NioSocketChannel.java:356)
	at io.netty.channel.nio.AbstractNioByteChannel$NioByteUnsafe.read(AbstractNioByteChannel.java:156)
	at io.netty.channel.nio.NioEventLoop.processSelectedKey(NioEventLoop.java:796)
	at io.netty.channel.nio.NioEventLoop.processSelectedKeysOptimized(NioEventLoop.java:732)
	at io.netty.channel.nio.NioEventLoop.processSelectedKeys(NioEventLoop.java:658)
	at io.netty.channel.nio.NioEventLoop.run(NioEventLoop.java:562)
	at io.netty.util.concurrent.SingleThreadEventExecutor$4.run(SingleThreadEventExecutor.java:998)
	at io.netty.util.internal.ThreadExecutorMap$2.run(ThreadExecutorMap.java:74)
	at io.netty.util.concurrent.FastThreadLocalRunnable.run(FastThreadLocalRunnable.java:30)
	at java.base/java.lang.Thread.run(Thread.java:1583)
2026-06-09 12:52:07.660+0000 ERROR [o.n.b.p.c.h.HouseKeeperHandler] Fatal error occurred when handling a client connection: [id: 0x21f4f582, L:/127.0.0.1:7687 - R:/127.0.0.1:14903]
java.net.SocketException: Connection reset
	at java.base/sun.nio.ch.SocketChannelImpl.throwConnectionReset(SocketChannelImpl.java:401)
	at java.base/sun.nio.ch.SocketChannelImpl.read(SocketChannelImpl.java:434)
	at io.netty.buffer.PooledByteBuf.setBytes(PooledByteBuf.java:255)
	at io.netty.buffer.AbstractByteBuf.writeBytes(AbstractByteBuf.java:1132)
	at io.netty.channel.socket.nio.NioSocketChannel.doReadBytes(NioSocketChannel.java:356)
	at io.netty.channel.nio.AbstractNioByteChannel$NioByteUnsafe.read(AbstractNioByteChannel.java:156)
	at io.netty.channel.nio.NioEventLoop.processSelectedKey(NioEventLoop.java:796)
	at io.netty.channel.nio.NioEventLoop.processSelectedKeysOptimized(NioEventLoop.java:732)
	at io.netty.channel.nio.NioEventLoop.processSelectedKeys(NioEventLoop.java:658)
	at io.netty.channel.nio.NioEventLoop.run(NioEventLoop.java:562)
	at io.netty.util.concurrent.SingleThreadEventExecutor$4.run(SingleThreadEventExecutor.java:998)
	at io.netty.util.internal.ThreadExecutorMap$2.run(ThreadExecutorMap.java:74)
	at io.netty.util.concurrent.FastThreadLocalRunnable.run(FastThreadLocalRunnable.java:30)
	at java.base/java.lang.Thread.run(Thread.java:1583)
2026-06-09 12:52:07.660+0000 ERROR [o.n.b.p.c.h.HouseKeeperHandler] Fatal error occurred when handling a client connection: [id: 0x05c9aaf7, L:/127.0.0.1:7687 - R:/127.0.0.1:7315]
java.net.SocketException: Connection reset
	at java.base/sun.nio.ch.SocketChannelImpl.throwConnectionReset(SocketChannelImpl.java:401)
	at java.base/sun.nio.ch.SocketChannelImpl.read(SocketChannelImpl.java:434)
	at io.netty.buffer.PooledByteBuf.setBytes(PooledByteBuf.java:255)
	at io.netty.buffer.AbstractByteBuf.writeBytes(AbstractByteBuf.java:1132)
	at io.netty.channel.socket.nio.NioSocketChannel.doReadBytes(NioSocketChannel.java:356)
	at io.netty.channel.nio.AbstractNioByteChannel$NioByteUnsafe.read(AbstractNioByteChannel.java:156)
	at io.netty.channel.nio.NioEventLoop.processSelectedKey(NioEventLoop.java:796)
	at io.netty.channel.nio.NioEventLoop.processSelectedKeysOptimized(NioEventLoop.java:732)
	at io.netty.channel.nio.NioEventLoop.processSelectedKeys(NioEventLoop.java:658)
	at io.netty.channel.nio.NioEventLoop.run(NioEventLoop.java:562)
	at io.netty.util.concurrent.SingleThreadEventExecutor$4.run(SingleThreadEventExecutor.java:998)
	at io.netty.util.internal.ThreadExecutorMap$2.run(ThreadExecutorMap.java:74)
	at io.netty.util.concurrent.FastThreadLocalRunnable.run(FastThreadLocalRunnable.java:30)
	at java.base/java.lang.Thread.run(Thread.java:1583)
2026-06-09 12:52:07.660+0000 ERROR [o.n.b.p.c.h.HouseKeeperHandler] Fatal error occurred when handling a client connection: [id: 0x33e5584a, L:/127.0.0.1:7687 - R:/127.0.0.1:9815]
java.net.SocketException: Connection reset
	at java.base/sun.nio.ch.SocketChannelImpl.throwConnectionReset(SocketChannelImpl.java:401)
	at java.base/sun.nio.ch.SocketChannelImpl.read(SocketChannelImpl.java:434)
	at io.netty.buffer.PooledByteBuf.setBytes(PooledByteBuf.java:255)
	at io.netty.buffer.AbstractByteBuf.writeBytes(AbstractByteBuf.java:1132)
	at io.netty.channel.socket.nio.NioSocketChannel.doReadBytes(NioSocketChannel.java:356)
	at io.netty.channel.nio.AbstractNioByteChannel$NioByteUnsafe.read(AbstractNioByteChannel.java:156)
	at io.netty.channel.nio.NioEventLoop.processSelectedKey(NioEventLoop.java:796)
	at io.netty.channel.nio.NioEventLoop.processSelectedKeysOptimized(NioEventLoop.java:732)
	at io.netty.channel.nio.NioEventLoop.processSelectedKeys(NioEventLoop.java:658)
	at io.netty.channel.nio.NioEventLoop.run(NioEventLoop.java:562)
	at io.netty.util.concurrent.SingleThreadEventExecutor$4.run(SingleThreadEventExecutor.java:998)
	at io.netty.util.internal.ThreadExecutorMap$2.run(ThreadExecutorMap.java:74)
	at io.netty.util.concurrent.FastThreadLocalRunnable.run(FastThreadLocalRunnable.java:30)
	at java.base/java.lang.Thread.run(Thread.java:1583)
2026-06-09 12:52:07.660+0000 ERROR [o.n.b.p.c.h.HouseKeeperHandler] Fatal error occurred when handling a client connection: [id: 0x7f830244, L:/127.0.0.1:7687 - R:/127.0.0.1:9463]
java.net.SocketException: Connection reset
	at java.base/sun.nio.ch.SocketChannelImpl.throwConnectionReset(SocketChannelImpl.java:401)
	at java.base/sun.nio.ch.SocketChannelImpl.read(SocketChannelImpl.java:434)
	at io.netty.buffer.PooledByteBuf.setBytes(PooledByteBuf.java:255)
	at io.netty.buffer.AbstractByteBuf.writeBytes(AbstractByteBuf.java:1132)
	at io.netty.channel.socket.nio.NioSocketChannel.doReadBytes(NioSocketChannel.java:356)
	at io.netty.channel.nio.AbstractNioByteChannel$NioByteUnsafe.read(AbstractNioByteChannel.java:156)
	at io.netty.channel.nio.NioEventLoop.processSelectedKey(NioEventLoop.java:796)
	at io.netty.channel.nio.NioEventLoop.processSelectedKeysOptimized(NioEventLoop.java:732)
	at io.netty.channel.nio.NioEventLoop.processSelectedKeys(NioEventLoop.java:658)
	at io.netty.channel.nio.NioEventLoop.run(NioEventLoop.java:562)
	at io.netty.util.concurrent.SingleThreadEventExecutor$4.run(SingleThreadEventExecutor.java:998)
	at io.netty.util.internal.ThreadExecutorMap$2.run(ThreadExecutorMap.java:74)
	at io.netty.util.concurrent.FastThreadLocalRunnable.run(FastThreadLocalRunnable.java:30)
	at java.base/java.lang.Thread.run(Thread.java:1583)
2026-06-09 12:52:07.660+0000 ERROR [o.n.b.p.c.h.HouseKeeperHandler] Fatal error occurred when handling a client connection: [id: 0x7e99df73, L:/127.0.0.1:7687 - R:/127.0.0.1:8777]
java.net.SocketException: Connection reset
	at java.base/sun.nio.ch.SocketChannelImpl.throwConnectionReset(SocketChannelImpl.java:401)
	at java.base/sun.nio.ch.SocketChannelImpl.read(SocketChannelImpl.java:434)
	at io.netty.buffer.PooledByteBuf.setBytes(PooledByteBuf.java:255)
	at io.netty.buffer.AbstractByteBuf.writeBytes(AbstractByteBuf.java:1132)
	at io.netty.channel.socket.nio.NioSocketChannel.doReadBytes(NioSocketChannel.java:356)
	at io.netty.channel.nio.AbstractNioByteChannel$NioByteUnsafe.read(AbstractNioByteChannel.java:156)
	at io.netty.channel.nio.NioEventLoop.processSelectedKey(NioEventLoop.java:796)
	at io.netty.channel.nio.NioEventLoop.processSelectedKeysOptimized(NioEventLoop.java:732)
	at io.netty.channel.nio.NioEventLoop.processSelectedKeys(NioEventLoop.java:658)
	at io.netty.channel.nio.NioEventLoop.run(NioEventLoop.java:562)
	at io.netty.util.concurrent.SingleThreadEventExecutor$4.run(SingleThreadEventExecutor.java:998)
	at io.netty.util.internal.ThreadExecutorMap$2.run(ThreadExecutorMap.java:74)
	at io.netty.util.concurrent.FastThreadLocalRunnable.run(FastThreadLocalRunnable.java:30)
	at java.base/java.lang.Thread.run(Thread.java:1583)
2026-06-09 12:52:07.715+0000 ERROR [o.n.b.p.c.h.HouseKeeperHandler] Fatal error occurred when handling a client connection: [id: 0x2d499a61, L:/127.0.0.1:7687 - R:/127.0.0.1:8043]
java.net.SocketException: Connection reset
	at java.base/sun.nio.ch.SocketChannelImpl.throwConnectionReset(SocketChannelImpl.java:401)
	at java.base/sun.nio.ch.SocketChannelImpl.read(SocketChannelImpl.java:434)
	at io.netty.buffer.PooledByteBuf.setBytes(PooledByteBuf.java:255)
	at io.netty.buffer.AbstractByteBuf.writeBytes(AbstractByteBuf.java:1132)
	at io.netty.channel.socket.nio.NioSocketChannel.doReadBytes(NioSocketChannel.java:356)
	at io.netty.channel.nio.AbstractNioByteChannel$NioByteUnsafe.read(AbstractNioByteChannel.java:156)
	at io.netty.channel.nio.NioEventLoop.processSelectedKey(NioEventLoop.java:796)
	at io.netty.channel.nio.NioEventLoop.processSelectedKeysOptimized(NioEventLoop.java:732)
	at io.netty.channel.nio.NioEventLoop.processSelectedKeys(NioEventLoop.java:658)
	at io.netty.channel.nio.NioEventLoop.run(NioEventLoop.java:562)
	at io.netty.util.concurrent.SingleThreadEventExecutor$4.run(SingleThreadEventExecutor.java:998)
	at io.netty.util.internal.ThreadExecutorMap$2.run(ThreadExecutorMap.java:74)
	at io.netty.util.concurrent.FastThreadLocalRunnable.run(FastThreadLocalRunnable.java:30)
	at java.base/java.lang.Thread.run(Thread.java:1583)
2026-06-09 12:52:07.715+0000 ERROR [o.n.b.p.c.h.HouseKeeperHandler] Fatal error occurred when handling a client connection: [id: 0x31af70d9, L:/127.0.0.1:7687 - R:/127.0.0.1:3817]
java.net.SocketException: Connection reset
	at java.base/sun.nio.ch.SocketChannelImpl.throwConnectionReset(SocketChannelImpl.java:401)
	at java.base/sun.nio.ch.SocketChannelImpl.read(SocketChannelImpl.java:434)
	at io.netty.buffer.PooledByteBuf.setBytes(PooledByteBuf.java:255)
	at io.netty.buffer.AbstractByteBuf.writeBytes(AbstractByteBuf.java:1132)
	at io.netty.channel.socket.nio.NioSocketChannel.doReadBytes(NioSocketChannel.java:356)
	at io.netty.channel.nio.AbstractNioByteChannel$NioByteUnsafe.read(AbstractNioByteChannel.java:156)
	at io.netty.channel.nio.NioEventLoop.processSelectedKey(NioEventLoop.java:796)
	at io.netty.channel.nio.NioEventLoop.processSelectedKeysOptimized(NioEventLoop.java:732)
	at io.netty.channel.nio.NioEventLoop.processSelectedKeys(NioEventLoop.java:658)
	at io.netty.channel.nio.NioEventLoop.run(NioEventLoop.java:562)
	at io.netty.util.concurrent.SingleThreadEventExecutor$4.run(SingleThreadEventExecutor.java:998)
	at io.netty.util.internal.ThreadExecutorMap$2.run(ThreadExecutorMap.java:74)
	at io.netty.util.concurrent.FastThreadLocalRunnable.run(FastThreadLocalRunnable.java:30)
	at java.base/java.lang.Thread.run(Thread.java:1583)
2026-06-10 09:16:27.704+0000 INFO  [o.n.g.f.m.GlobalModule] Logging config in use: File 'E:\environment\neo4j-community-5.26.26\conf\server-logs.xml'
2026-06-10 09:16:28.214+0000 WARN  [o.n.i.p.PageCache] Reflection access to java.nio.DirectByteBuffer is not available, using fallback mode. This could have negative impact on performance and memory usage. Consider adding --add-opens=java.base/java.nio=ALL-UNNAMED to VM options.
2026-06-10 09:16:28.503+0000 ERROR [o.n.i.d.DiagnosticsManager] Failure while logging diagnostics for LIBRARY_PATH
java.nio.file.InvalidPathException: Illegal char <"> at index 0: "E:\environment\jdk21\jre\bin
	at java.base/sun.nio.fs.WindowsPathParser.normalize(WindowsPathParser.java:204)
	at java.base/sun.nio.fs.WindowsPathParser.parse(WindowsPathParser.java:175)
	at java.base/sun.nio.fs.WindowsPathParser.parse(WindowsPathParser.java:77)
	at java.base/sun.nio.fs.WindowsPath.parse(WindowsPath.java:92)
	at java.base/sun.nio.fs.WindowsFileSystem.getPath(WindowsFileSystem.java:231)
	at java.base/java.nio.file.Path.of(Path.java:148)
	at org.neo4j.kernel.diagnostics.providers.SystemDiagnostics.canonicalize(SystemDiagnostics.java:270)
	at org.neo4j.kernel.diagnostics.providers.SystemDiagnostics$6.dump(SystemDiagnostics.java:185)
	at org.neo4j.internal.diagnostics.DiagnosticsManager.dump(DiagnosticsManager.java:49)
	at org.neo4j.kernel.diagnostics.providers.DbmsDiagnosticsManager.lambda$dumpSystemDiagnostics$7(DbmsDiagnosticsManager.java:158)
	at org.neo4j.kernel.diagnostics.providers.DbmsDiagnosticsManager.dumpAsSingleMessageWithPrefix(DbmsDiagnosticsManager.java:231)
	at org.neo4j.kernel.diagnostics.providers.DbmsDiagnosticsManager.dumpAsSingleMessage(DbmsDiagnosticsManager.java:217)
	at org.neo4j.kernel.diagnostics.providers.DbmsDiagnosticsManager.dumpSystemDiagnostics(DbmsDiagnosticsManager.java:152)
	at org.neo4j.kernel.diagnostics.providers.DbmsDiagnosticsManager.dumpSystemDiagnostics(DbmsDiagnosticsManager.java:79)
	at org.neo4j.graphdb.factory.module.GlobalModule.<init>(GlobalModule.java:249)
	at org.neo4j.graphdb.facade.DatabaseManagementServiceFactory.createGlobalModule(DatabaseManagementServiceFactory.java:325)
	at org.neo4j.graphdb.facade.DatabaseManagementServiceFactory.build(DatabaseManagementServiceFactory.java:144)
	at org.neo4j.server.CommunityBootstrapper.createNeo(CommunityBootstrapper.java:38)
	at org.neo4j.server.NeoBootstrapper.start(NeoBootstrapper.java:185)
	at org.neo4j.server.NeoBootstrapper.start(NeoBootstrapper.java:100)
	at org.neo4j.server.CommunityEntryPoint.main(CommunityEntryPoint.java:30)
2026-06-10 09:16:28.582+0000 INFO  [o.n.i.d.DiagnosticsManager] 
                                                                ********************************************************************************
                                                                                             [ System diagnostics ]                             
                                                                ********************************************************************************
2026-06-10 09:16:28.582+0000 INFO  [o.n.i.d.DiagnosticsManager] 
                                                                --------------------------------------------------------------------------------
                                                                                         [ System memory information ]                          
                                                                --------------------------------------------------------------------------------
                                                                Total Physical memory: 15.78GiB
                                                                Free Physical memory: 2.601GiB
                                                                Committed virtual memory: 676.3MiB
                                                                Total swap space: 32.78GiB
                                                                Free swap space: 8.655GiB
                                                                
2026-06-10 09:16:28.582+0000 INFO  [o.n.i.d.DiagnosticsManager] 
                                                                --------------------------------------------------------------------------------
                                                                                           [ JVM memory information ]                           
                                                                --------------------------------------------------------------------------------
                                                                Free  memory: 486.0MiB
                                                                Total memory: 512.0MiB
                                                                Max   memory: 512.0MiB
                                                                Garbage Collector: G1 Young Generation: [G1 Eden Space, G1 Survivor Space, G1 Old Gen]
                                                                Garbage Collector: G1 Concurrent GC: [G1 Old Gen]
                                                                Garbage Collector: G1 Old Generation: [G1 Eden Space, G1 Survivor Space, G1 Old Gen]
                                                                Memory Pool: CodeHeap 'non-nmethods' (Non-heap memory): committed=3.250MiB, used=3.149MiB, max=7.313MiB, threshold=0B
                                                                Memory Pool: Metaspace (Non-heap memory): committed=22.00MiB, used=21.72MiB, max=-1B, threshold=0B
                                                                Memory Pool: CodeHeap 'profiled nmethods' (Non-heap memory): committed=5.313MiB, used=5.282MiB, max=116.3MiB, threshold=0B
                                                                Memory Pool: Compressed Class Space (Non-heap memory): committed=2.375MiB, used=2.245MiB, max=1.000GiB, threshold=0B
                                                                Memory Pool: G1 Eden Space (Heap memory): committed=317.0MiB, used=6.000MiB, max=-1B, threshold=?
                                                                Memory Pool: G1 Old Gen (Heap memory): committed=189.0MiB, used=14.27MiB, max=512.0MiB, threshold=0B
                                                                Memory Pool: G1 Survivor Space (Heap memory): committed=6.000MiB, used=5.721MiB, max=-1B, threshold=?
                                                                Memory Pool: CodeHeap 'non-profiled nmethods' (Non-heap memory): committed=2.438MiB, used=1.253MiB, max=116.4MiB, threshold=0B
                                                                
2026-06-10 09:16:28.582+0000 INFO  [o.n.i.d.DiagnosticsManager] 
                                                                --------------------------------------------------------------------------------
                                                                                        [ Operating system information ]                        
                                                                --------------------------------------------------------------------------------
                                                                Operating System: Windows 11; version: 10.0; arch: amd64; cpus: 16
                                                                Process id: 26620
                                                                Byte order: LITTLE_ENDIAN
                                                                Local timezone: Asia/Shanghai
                                                                Memory page size: 4096
                                                                Unaligned memory access allowed: true
                                                                
2026-06-10 09:16:28.582+0000 INFO  [o.n.i.d.DiagnosticsManager] 
                                                                --------------------------------------------------------------------------------
                                                                                              [ JVM information ]                               
                                                                --------------------------------------------------------------------------------
                                                                VM Name: Java HotSpot(TM) 64-Bit Server VM
                                                                VM Vendor: Oracle Corporation
                                                                VM Version: 21.0.7+8-LTS-245
                                                                JIT compiler: HotSpot 64-Bit Tiered Compilers
                                                                VM Arguments: [-Dfile.encoding=UTF-8, -Xms524288k, -Xmx524288k]
                                                                
2026-06-10 09:16:28.582+0000 INFO  [o.n.i.d.DiagnosticsManager] 

                                                                --------------------------------------------------------------------------------
                                                                                               [ Java classpath ]                               
                                                                --------------------------------------------------------------------------------
                                                                 [classpath] E:\environment\neo4j-community-5.26.26\lib\neo4j-import-util-5.26.26.jar
                                                                 [classpath] E:\environment\neo4j-community-5.26.26\lib\jaxb-api-2.2.12.jar
                                                                 [classpath] E:\environment\neo4j-community-5.26.26\lib\jetty-http2-common-12.1.8.jar
                                                                 [classpath] E:\environment\neo4j-community-5.26.26\lib\neo4j-bolt-connection-routed-11.0.1.jar
                                                                 [classpath] E:\environment\neo4j-community-5.26.26\lib\jettison-1.5.4.jar
                                                                 [classpath] E:\environment\neo4j-community-5.26.26\lib\neo4j-procedure-api-5.26.26.jar
                                                                 [classpath] E:\environment\neo4j-community-5.26.26\lib\shiro-core-2.1.0.jar
                                                                 [classpath] E:\environment\neo4j-community-5.26.26\lib\neo4j-resource-5.26.26.jar
                                                                 [classpath] E:\environment\neo4j-community-5.26.26\lib\jetty-http2-hpack-12.1.8.jar
                                                                 [classpath] E:\environment\neo4j-community-5.26.26\lib\neo4j-unsafe-5.26.26.jar
                                                                 [classpath] E:\environment\neo4j-community-5.26.26\lib\jPowerShell-3.0.jar
                                                                 [classpath] E:\environment\neo4j-community-5.26.26\lib\jline-terminal-3.21.0.jar
                                                                 [classpath] E:\environment\neo4j-community-5.26.26\lib\neo4j-cypher-physical-planning-5.26.26.jar
                                                                 [classpath] E:\environment\neo4j-community-5.26.26\lib\netty-transport-native-unix-common-4.1.133.Final.jar
                                                                 [classpath] E:\environment\neo4j-community-5.26.26\lib\jackson-jaxrs-json-provider-2.21.1.jar
                                                                 [classpath] E:\environment\neo4j-community-5.26.26\lib\shiro-crypto-core-2.1.0.jar
                                                                 [classpath] E:\environment\neo4j-community-5.26.26\lib\neo4j-cypher-javacc-parser-5.26.26.jar
                                                                 [classpath] E:\environment\neo4j-community-5.26.26\lib\jProcesses-1.6.5.jar
                                                                 [classpath] E:\environment\neo4j-community-5.26.26\lib\neo4j-import-tool-5.26.26.jar
                                                                 [classpath] E:\environment\neo4j-community-5.26.26\lib\commons-codec-1.17.1.jar
                                                                 [classpath] E:\environment\neo4j-community-5.26.26\lib\jackson-module-jaxb-annotations-2.21.1.jar
                                                                 [classpath] E:\environment\neo4j-community-5.26.26\lib\argparse4j-0.9.0.jar
                                                                 [classpath] E:\environment\neo4j-community-5.26.26\lib\istack-commons-runtime-3.0.8.jar
                                                                 [classpath] E:\environment\neo4j-community-5.26.26\lib\neo4j-logging-5.26.26.jar
                                                                 [classpath] E:\environment\neo4j-community-5.26.26\lib\cypher-v25-ast-factory-5.26.26.jar
                                                                 [classpath] E:\environment\neo4j-community-5.26.26\lib\netty-handler-4.1.133.Final.jar
                                                                 [classpath] E:\environment\neo4j-community-5.26.26\lib\jersey-server-2.46.jar
                                                                 [classpath] E:\environment\neo4j-community-5.26.26\lib\neo4j-import-api-5.26.26.jar
                                                                 [classpath] E:\environment\neo4j-community-5.26.26\lib\neo4j-cypher-config-5.26.26.jar
                                                                 [classpath] E:\environment\neo4j-community-5.26.26\lib\neo4j-kernel-api-5.26.26.jar
                                                                 [classpath] E:\environment\neo4j-community-5.26.26\lib\neo4j-cypher-runtime-util-5.26.26.jar
                                                                 [classpath] E:\environment\neo4j-community-5.26.26\lib\neo4j-common-5.26.26.jar
                                                                 [classpath] E:\environment\neo4j-community-5.26.26\lib\commons-text-1.12.0.jar
                                                                 [classpath] E:\environment\neo4j-community-5.26.26\lib\zstd-jni-1.5.6-6.jar
                                                                 [classpath] E:\environment\neo4j-community-5.26.26\lib\lucene-backward-codecs-9.11.1.jar
                                                                 [classpath] E:\environment\neo4j-community-5.26.26\lib\parquet-floor-1.62.jar
                                                                 [classpath] E:\environment\neo4j-community-5.26.26\lib\neo4j-graphdb-api-5.26.26.jar
                                                                 [classpath] E:\environment\neo4j-community-5.26.26\lib\neo4j-csv-5.26.26.jar
                                                                 [classpath] E:\environment\neo4j-community-5.26.26\lib\kiama_2.13-2.5.1.jar
                                                                 [classpath] E:\environment\neo4j-community-5.26.26\lib\hk2-utils-2.6.1.jar
                                                                 [classpath] E:\environment\neo4j-community-5.26.26\lib\FastInfoset-1.2.16.jar
                                                                 [classpath] E:\environment\neo4j-community-5.26.26\lib\neo4j-query-router-5.26.26.jar
                                                                 [classpath] E:\environment\neo4j-community-5.26.26\lib\scala-library-2.13.11.jar
                                                                 [classpath] E:\environment\neo4j-community-5.26.26\lib\neo4j-cypher-ir-5.26.26.jar
                                                                 [classpath] E:\environment\neo4j-community-5.26.26\lib\netty-resolver-4.1.133.Final.jar
                                                                 [classpath] E:\environment\neo4j-community-5.26.26\lib\caffeine-3.1.8.jar
2026-06-10 09:16:28.583+0000 INFO  [o.n.i.d.DiagnosticsManager] 
                                                                 [classpath] E:\environment\neo4j-community-5.26.26\lib\commons-io-2.17.0.jar
                                                                 [classpath] E:\environment\neo4j-community-5.26.26\lib\neo4j-procedure-5.26.26.jar
                                                                 [classpath] E:\environment\neo4j-community-5.26.26\lib\jakarta.activation-api-1.2.2.jar
                                                                 [classpath] E:\environment\neo4j-community-5.26.26\lib\jetty-session-12.1.8.jar
                                                                 [classpath] E:\environment\neo4j-community-5.26.26\lib\neo4j-data-collector-5.26.26.jar
                                                                 [classpath] E:\environment\neo4j-community-5.26.26\lib\jline-terminal-jansi-3.21.0.jar
                                                                 [classpath] E:\environment\neo4j-community-5.26.26\lib\neo4j-dbms-5.26.26.jar
                                                                 [classpath] E:\environment\neo4j-community-5.26.26\lib\javassist-3.30.2-GA.jar
                                                                 [classpath] E:\environment\neo4j-community-5.26.26\lib\shiro-crypto-hash-2.1.0.jar
                                                                 [classpath] E:\environment\neo4j-community-5.26.26\lib\shiro-hashes-argon2-2.1.0.jar
                                                                 [classpath] E:\environment\neo4j-community-5.26.26\lib\neo4j-slf4j-provider-5.26.26.jar
                                                                 [classpath] E:\environment\neo4j-community-5.26.26\lib\neo4j-lock-5.26.26.jar
                                                                 [classpath] E:\workspacce\AI\ai_kefu\local_services\*
                                                                 [classpath] E:\environment\neo4j-community-5.26.26\lib\neo4j-cloud-5.26.26.jar
                                                                 [classpath] E:\environment\neo4j-community-5.26.26\lib\neo4j-cypher-interpreted-runtime-5.26.26.jar
                                                                 [classpath] E:\environment\neo4j-community-5.26.26\lib\neo4j-push-to-cloud-5.26.26.jar
                                                                 [classpath] E:\environment\neo4j-community-5.26.26\lib\jctools-core-4.0.5.jar
                                                                 [classpath] E:\environment\neo4j-community-5.26.26\lib\txw2-2.3.2.jar
                                                                 [classpath] E:\environment\neo4j-community-5.26.26\lib\commons-configuration2-2.11.0.jar
                                                                 [classpath] E:\environment\neo4j-community-5.26.26\lib\neo4j-native-5.26.26.jar
                                                                 [classpath] E:\environment\neo4j-community-5.26.26\lib\neo4j-expressions-5.26.26.jar
                                                                 [classpath] E:\environment\neo4j-community-5.26.26\lib\neo4j-consistency-check-5.26.26.jar
                                                                 [classpath] E:\environment\neo4j-community-5.26.26\lib\netty-transport-native-epoll-4.1.133.Final-linux-aarch_64.jar
                                                                 [classpath] E:\environment\neo4j-community-5.26.26\lib\neo4j-notifications-5.26.26.jar
                                                                 [classpath] E:\environment\neo4j-community-5.26.26\lib\neo4j-exceptions-5.26.26.jar
                                                                 [classpath] E:\environment\neo4j-community-5.26.26\lib\neo4j-values-5.26.26.jar
                                                                 [classpath] E:\environment\neo4j-community-5.26.26\lib\neo4j-ssl-5.26.26.jar
                                                                 [classpath] E:\environment\neo4j-community-5.26.26\lib\jakarta.annotation-api-1.3.5.jar
                                                                 [classpath] E:\environment\neo4j-community-5.26.26\lib\neo4j-wal-5.26.26.jar
                                                                 [classpath] E:\environment\neo4j-community-5.26.26\lib\jline-reader-3.21.0.jar
                                                                 [classpath] E:\environment\neo4j-community-5.26.26\lib\annotations-5.26.26.jar
                                                                 [classpath] E:\environment\neo4j-community-5.26.26\lib\neo4j-fulltext-index-5.26.26.jar
                                                                 [classpath] E:\environment\neo4j-community-5.26.26\lib\lucene-core-9.11.1.jar
                                                                 [classpath] E:\environment\neo4j-community-5.26.26\lib\neo4j-token-api-5.26.26.jar
                                                                 [classpath] E:\environment\neo4j-community-5.26.26\lib\parquet-column-1.17.0.jar
                                                                 [classpath] E:\environment\neo4j-community-5.26.26\lib\neo4j-io-5.26.26.jar
                                                                 [classpath] E:\environment\neo4j-community-5.26.26\lib\jackson-jaxrs-base-2.21.1.jar
                                                                 [classpath] E:\environment\neo4j-community-5.26.26\lib\neo4j-codegen-5.26.26.jar
                                                                 [classpath] E:\environment\neo4j-community-5.26.26\lib\jetty-ee8-security-12.1.8.jar
                                                                 [classpath] E:\environment\neo4j-community-5.26.26\lib\jetty-util-12.1.8.jar
                                                                 [classpath] E:\environment\neo4j-community-5.26.26\lib\jetty-http-12.1.8.jar
                                                                 [classpath] E:\environment\neo4j-community-5.26.26\lib\neo4j-fabric-5.26.26.jar
                                                                 [classpath] E:\environment\neo4j-community-5.26.26\lib\antlr4-runtime-4.13.2.jar
                                                                 [classpath] E:\environment\neo4j-community-5.26.26\lib\neo4j-kernel-5.26.26.jar
                                                                 [classpath] E:\environment\neo4j-community-5.26.26\lib\jackson-annotations-2.21.jar
                                                                 [classpath] E:\environment\neo4j-community-5.26.26\lib\scala-collection-contrib_2.13-0.3.0.jar
                                                                 [classpath] E:\environment\neo4j-community-5.26.26\lib\jersey-container-servlet-2.46.jar
                                                                 [classpath] E:\environment\neo4j-community-5.26.26\lib\netty-transport-native-kqueue-4.1.133.Final-osx-x86_64.jar
                                                                 [classpath] E:\environment\neo4j-community-5.26.26\lib\neo4j-bolt-connection-netty-11.0.1.jar
                                                                 [classpath] E:\environment\neo4j-community-5.26.26\lib\neo4j-layout-5.26.26.jar
2026-06-10 09:16:28.583+0000 INFO  [o.n.i.d.DiagnosticsManager] 
                                                                 [classpath] E:\environment\neo4j-community-5.26.26\lib\neo4j-id-generator-5.26.26.jar
                                                                 [classpath] E:\environment\neo4j-community-5.26.26\lib\lucene-queryparser-9.11.1.jar
                                                                 [classpath] E:\environment\neo4j-community-5.26.26\lib\neo4j-bolt-5.26.26.jar
                                                                 [classpath] E:\environment\neo4j-community-5.26.26\lib\jts-core-1.20.0.jar
                                                                 [classpath] E:\environment\neo4j-community-5.26.26\lib\neo4j-cypher-5.26.26.jar
                                                                 [classpath] E:\environment\neo4j-community-5.26.26\lib\neo4j-bolt-connection-pooled-11.0.1.jar
                                                                 [classpath] E:\environment\neo4j-community-5.26.26\lib\ipaddress-5.5.1.jar
                                                                 [classpath] E:\environment\neo4j-community-5.26.26\lib\stax-ex-1.8.1.jar
                                                                 [classpath] E:\environment\neo4j-community-5.26.26\lib\neo4j-storage-engine-util-5.26.26.jar
                                                                 [classpath] E:\environment\neo4j-community-5.26.26\lib\server-api-5.26.26.jar
                                                                 [classpath] E:\environment\neo4j-community-5.26.26\lib\zstd-proxy-5.26.26.jar
                                                                 [classpath] E:\environment\neo4j-community-5.26.26\lib\log4j-layout-template-json-2.25.4.jar
                                                                 [classpath] E:\environment\neo4j-community-5.26.26\lib\cypher-parser-factory-5.26.26.jar
                                                                 [classpath] E:\environment\neo4j-community-5.26.26\lib\neo4j-schema-5.26.26.jar
                                                                 [classpath] E:\environment\neo4j-community-5.26.26\lib\log4j-core-2.25.4.jar
                                                                 [classpath] E:\environment\neo4j-community-5.26.26\lib\neo4j-bolt-connection-11.0.1.jar
                                                                 [classpath] E:\environment\neo4j-community-5.26.26\lib\parquet-format-structures-1.17.0.jar
                                                                 [classpath] E:\environment\neo4j-community-5.26.26\lib\neo4j-capabilities-5.26.26.jar
                                                                 [classpath] E:\environment\neo4j-community-5.26.26\lib\hk2-locator-2.6.1.jar
                                                                 [classpath] E:\environment\neo4j-community-5.26.26\lib\neo4j-graph-algo-5.26.26.jar
                                                                 [classpath] E:\environment\neo4j-community-5.26.26\lib\cypher-antlr-ast-common-5.26.26.jar
                                                                 [classpath] E:\environment\neo4j-community-5.26.26\lib\cypher-ast-factory-5.26.26.jar
                                                                 [classpath] E:\environment\neo4j-community-5.26.26\lib\parquet-hadoop-1.17.0.jar
                                                                 [classpath] E:\environment\neo4j-community-5.26.26\lib\jetty-http2-server-12.1.8.jar
                                                                 [classpath] E:\environment\neo4j-community-5.26.26\lib\jakarta.ws.rs-api-2.1.6.jar
                                                                 [classpath] E:\environment\neo4j-community-5.26.26\lib\netty-transport-native-epoll-4.1.133.Final-linux-x86_64.jar
                                                                 [classpath] E:\environment\neo4j-community-5.26.26\lib\jansi-2.4.0.jar
                                                                 [classpath] E:\environment\neo4j-community-5.26.26\lib\neo4j-rewriting-5.26.26.jar
                                                                 [classpath] E:\environment\neo4j-community-5.26.26\lib\neo4j-cypher-ast-factory-5.26.26.jar
                                                                 [classpath] E:\environment\neo4j-community-5.26.26\lib\neo4j-cypher-planner-spi-5.26.26.jar
                                                                 [classpath] E:\environment\neo4j-community-5.26.26\lib\neo4j-ast-5.26.26.jar
                                                                 [classpath] E:\environment\neo4j-community-5.26.26\lib\neo4j-cypher-rendering-5.26.26.jar
                                                                 [classpath] E:\environment\neo4j-community-5.26.26\lib\magnolia_2.13-1.1.8.jar
                                                                 [classpath] E:\environment\neo4j-community-5.26.26\lib\neo4j-collections-5.26.26.jar
                                                                 [classpath] E:\environment\neo4j-community-5.26.26\lib\neo4j-cypher-slotted-runtime-5.26.26.jar
                                                                 [classpath] E:\environment\neo4j-community-5.26.26\lib\reactor-core-3.7.12.jar
                                                                 [classpath] E:\environment\neo4j-community-5.26.26\lib\cypher-parser-ast-common-5.26.26.jar
                                                                 [classpath] E:\environment\neo4j-community-5.26.26\lib\neo4j-util-5.26.26.jar
                                                                 [classpath] E:\environment\neo4j-community-5.26.26\lib\jetty-ee8-webapp-12.1.8.jar
                                                                 [classpath] E:\environment\neo4j-community-5.26.26\lib\netty-buffer-4.1.133.Final.jar
                                                                 [classpath] E:\environment\neo4j-community-5.26.26\lib\cypher-v25-antlr-parser-5.26.26.jar
                                                                 [classpath] E:\environment\neo4j-community-5.26.26\lib\picocli-4.7.6.jar
                                                                 [classpath] E:\environment\neo4j-community-5.26.26\lib\neo4j-server-5.26.26.jar
                                                                 [classpath] E:\environment\neo4j-community-5.26.26\lib\netty-codec-4.1.133.Final.jar
                                                                 [classpath] E:\environment\neo4j-community-5.26.26\lib\jetty-xml-12.1.8.jar
                                                                 [classpath] E:\environment\neo4j-community-5.26.26\lib\neo4j-diagnostics-5.26.26.jar
                                                                 [classpath] E:\environment\neo4j-community-5.26.26\lib\parquet-encoding-1.17.0.jar
                                                                 [classpath] E:\environment\neo4j-community-5.26.26\lib\neo4j-java-driver-5.28.13.jar
                                                                 [classpath] E:\environment\neo4j-community-5.26.26\lib\neo4j-lucene-index-5.26.26.jar
                                                                 [classpath] E:\environment\neo4j-community-5.26.26\lib\eclipse-collections-api-11.1.0.jar
2026-06-10 09:16:28.583+0000 INFO  [o.n.i.d.DiagnosticsManager] 
                                                                 [classpath] E:\environment\neo4j-community-5.26.26\lib\neo4j-command-line-5.26.26.jar
                                                                 [classpath] E:\environment\neo4j-community-5.26.26\lib\parquet-common-1.17.0.jar
                                                                 [classpath] E:\environment\neo4j-community-5.26.26\lib\jetty-alpn-server-12.1.8.jar
                                                                 [classpath] E:\environment\neo4j-community-5.26.26\lib\jersey-container-servlet-core-2.46.jar
                                                                 [classpath] E:\environment\neo4j-community-5.26.26\lib\neo4j-index-5.26.26.jar
                                                                 [classpath] E:\environment\neo4j-community-5.26.26\lib\jetty-ee-webapp-12.1.8.jar
                                                                 [classpath] E:\environment\neo4j-community-5.26.26\lib\neo4j-cypher-expression-evaluator-5.26.26.jar
                                                                 [classpath] E:\environment\neo4j-community-5.26.26\lib\neo4j-cypher-macros-5.26.26.jar
                                                                 [classpath] E:\environment\neo4j-community-5.26.26\lib\neo4j-security-5.26.26.jar
                                                                 [classpath] E:\environment\neo4j-community-5.26.26\lib\jetty-ee8-nested-12.1.8.jar
                                                                 [classpath] E:\environment\neo4j-community-5.26.26\lib\neo4j-cypher-logical-plans-5.26.26.jar
                                                                 [classpath] E:\environment\neo4j-community-5.26.26\lib\cypher-parser-common-5.26.26.jar
                                                                 [classpath] E:\environment\neo4j-community-5.26.26\lib\shiro-event-2.1.0.jar
                                                                 [classpath] E:\environment\neo4j-community-5.26.26\lib\jakarta.validation-api-2.0.2.jar
                                                                 [classpath] E:\environment\neo4j-community-5.26.26\lib\cypher-v5-literal-interpreter-5.26.26.jar
                                                                 [classpath] E:\environment\neo4j-community-5.26.26\lib\commons-logging-1.3.4.jar
                                                                 [classpath] E:\environment\neo4j-community-5.26.26\lib\snappy-java-1.1.10.7.jar
                                                                 [classpath] E:\environment\neo4j-community-5.26.26\lib\javax.annotation-api-1.3.2.jar
                                                                 [classpath] E:\environment\neo4j-community-5.26.26\lib\netty-codec-http-4.1.133.Final.jar
                                                                 [classpath] E:\environment\neo4j-community-5.26.26\lib\neo4j-cypher-planner-5.26.26.jar
                                                                 [classpath] E:\environment\neo4j-community-5.26.26\lib\netty-transport-native-kqueue-4.1.133.Final-osx-aarch_64.jar
                                                                 [classpath] E:\environment\neo4j-community-5.26.26\lib\jetty-io-12.1.8.jar
                                                                 [classpath] E:\environment\neo4j-community-5.26.26\lib\netty-tcnative-classes-2.0.77.Final.jar
                                                                 [classpath] E:\environment\neo4j-community-5.26.26\lib\hk2-api-2.6.1.jar
                                                                 [classpath] E:\environment\neo4j-community-5.26.26\lib\commons-lang3-3.18.0.jar
                                                                 [classpath] E:\environment\neo4j-community-5.26.26\lib\neo4j-gql-status-5.26.26.jar
                                                                 [classpath] E:\environment\neo4j-community-5.26.26\lib\netty-transport-classes-epoll-4.1.133.Final.jar
                                                                 [classpath] E:\environment\neo4j-community-5.26.26\lib\neo4j-cypher-cache-5.26.26.jar
                                                                 [classpath] E:\environment\neo4j-community-5.26.26\lib\reactive-streams-1.0.4.jar
                                                                 [classpath] E:\environment\neo4j-community-5.26.26\lib\netty-transport-4.1.133.Final.jar
                                                                 [classpath] E:\environment\neo4j-community-5.26.26\lib\neo4j-monitoring-5.26.26.jar
                                                                 [classpath] E:\environment\neo4j-community-5.26.26\lib\jersey-client-2.46.jar
                                                                 [classpath] E:\environment\neo4j-community-5.26.26\lib\lucene-analysis-common-9.11.1.jar
                                                                 [classpath] E:\environment\neo4j-community-5.26.26\lib\scala-reflect-2.13.11.jar
                                                                 [classpath] E:\environment\neo4j-community-5.26.26\lib\jersey-hk2-2.46.jar
                                                                 [classpath] E:\environment\neo4j-community-5.26.26\lib\jetty-ee8-servlet-12.1.8.jar
                                                                 [classpath] E:\environment\neo4j-community-5.26.26\lib\jetty-servlet-api-4.0.9.jar
                                                                 [classpath] E:\environment\neo4j-community-5.26.26\lib\jaxb-runtime-2.3.2.jar
                                                                 [classpath] E:\environment\neo4j-community-5.26.26\lib\shiro-config-core-2.1.0.jar
                                                                 [classpath] E:\environment\neo4j-community-5.26.26\lib\jetty-server-12.1.8.jar
                                                                 [classpath] E:\environment\neo4j-community-5.26.26\lib\shiro-hashes-bcrypt-2.1.0.jar
                                                                 [classpath] E:\environment\neo4j-community-5.26.26\lib\neo4j-concurrent-5.26.26.jar
                                                                 [classpath] E:\environment\neo4j-community-5.26.26\lib\WMI4Java-1.6.3.jar
                                                                 [classpath] E:\environment\neo4j-community-5.26.26\lib\neo4j-spatial-index-5.26.26.jar
                                                                 [classpath] E:\environment\neo4j-community-5.26.26\lib\neo4j-record-storage-engine-5.26.26.jar
                                                                 [classpath] E:\environment\neo4j-community-5.26.26\lib\log4j-api-2.25.4.jar
                                                                 [classpath] E:\environment\neo4j-community-5.26.26\lib\cypher-shell-5.26.26.jar
                                                                 [classpath] E:\environment\neo4j-community-5.26.26\lib\jna-5.15.0.jar
                                                                 [classpath] E:\environment\neo4j-community-5.26.26\lib\netty-transport-classes-kqueue-4.1.133.Final.jar
                                                                 [classpath] E:\environment\neo4j-community-5.26.26\lib\cypher-v5-ast-factory-5.26.26.jar
2026-06-10 09:16:28.583+0000 INFO  [o.n.i.d.DiagnosticsManager] 
                                                                 [classpath] E:\environment\neo4j-community-5.26.26\lib\neo4j-bootcheck-5.26.26.jar
                                                                 [classpath] E:\environment\neo4j-community-5.26.26\lib\commons-compress-1.27.1.jar
                                                                 [classpath] E:\environment\neo4j-community-5.26.26\lib\cypher-v25-parser-listener-5.26.26.jar
                                                                 [classpath] E:\environment\neo4j-community-5.26.26\lib\shiro-lang-2.1.0.jar
                                                                 [classpath] E:\environment\neo4j-community-5.26.26\lib\jackson-core-2.21.1.jar
                                                                 [classpath] E:\environment\neo4j-community-5.26.26\lib\cypher-antlr-common-5.26.26.jar
                                                                 [classpath] E:\environment\neo4j-community-5.26.26\lib\shiro-cache-2.1.0.jar
                                                                 [classpath] E:\environment\neo4j-community-5.26.26\lib\neo4j-udc-5.26.26.jar
                                                                 [classpath] E:\environment\neo4j-community-5.26.26\lib\jakarta.inject-2.6.1.jar
                                                                 [classpath] E:\environment\neo4j-community-5.26.26\lib\neo4j-cypher-dsl-2024.2.0.jar
                                                                 [classpath] E:\environment\neo4j-community-5.26.26\lib\jersey-common-2.46.jar
                                                                 [classpath] E:\environment\neo4j-community-5.26.26\lib\jackson-databind-2.21.1.jar
                                                                 [classpath] E:\environment\neo4j-community-5.26.26\lib\netty-common-4.1.133.Final.jar
                                                                 [classpath] E:\environment\neo4j-community-5.26.26\lib\neo4j-5.26.26.jar
                                                                 [classpath] E:\environment\neo4j-community-5.26.26\lib\parquet-jackson-1.17.0.jar
                                                                 [classpath] E:\environment\neo4j-community-5.26.26\lib\neo4j-front-end-5.26.26.jar
                                                                 [classpath] E:\environment\neo4j-community-5.26.26\lib\neo4j-configuration-5.26.26.jar
                                                                 [classpath] E:\environment\neo4j-community-5.26.26\lib\eclipse-collections-11.1.0.jar
                                                                 [classpath] E:\environment\neo4j-community-5.26.26\lib\jetty-security-12.1.8.jar
                                                                 [classpath] E:\environment\neo4j-community-5.26.26\lib\jetty-alpn-java-server-12.1.8.jar
                                                                 [classpath] E:\environment\neo4j-community-5.26.26\lib\slf4j-api-2.0.9.jar
                                                                 [classpath] E:\environment\neo4j-community-5.26.26\lib\cypher-v5-parser-listener-5.26.26.jar
                                                                 [classpath] E:\environment\neo4j-community-5.26.26\lib\shiro-crypto-cipher-2.1.0.jar
                                                                 [classpath] E:\environment\neo4j-community-5.26.26\lib\jakarta.xml.bind-api-2.3.2.jar
                                                                 [classpath] E:\environment\neo4j-community-5.26.26\lib\cypher-v5-antlr-parser-5.26.26.jar
                                                                
2026-06-10 09:16:28.583+0000 INFO  [o.n.i.d.DiagnosticsManager] 
                                                                --------------------------------------------------------------------------------
                                                                                                [ Library path ]                                
                                                                --------------------------------------------------------------------------------
                                                                E:\environment\jdk21\bin
                                                                C:\Windows\Sun\Java\bin
                                                                C:\Windows\System32
                                                                C:\Windows
                                                                C:\Users\14609\.codex\tmp\arg0\codex-arg0nTs1d1
                                                                E:\environment\vmwareWorkstation176\bin
                                                                C:\Program Files\Common Files\Oracle\Java\javapath_target_16739812
                                                                C:\Program Files\NVIDIA GPU Computing Toolkit\CUDA\v12.5\bin
                                                                C:\Program Files\NVIDIA GPU Computing Toolkit\CUDA\v12.5\libnvvp
                                                                E:\environment\jdk21\bin
2026-06-10 09:16:28.583+0000 INFO  [o.n.i.d.DiagnosticsManager] 
                                                                --------------------------------------------------------------------------------
                                                                                             [ System properties ]                              
                                                                --------------------------------------------------------------------------------
                                                                sun.cpu.isalist = amd64
                                                                sun.jnu.encoding = GBK
                                                                sun.arch.data.model = 64
                                                                user.variant = 
                                                                user.timezone = Asia/Shanghai
                                                                sun.java.launcher = SUN_STANDARD
                                                                user.country = CN
                                                                sun.boot.library.path = E:\environment\jdk21\bin
                                                                sun.java.command = org.neo4j.server.CommunityEntryPoint --home-dir=E:\environment\neo4j-community-5.26.26 --config-dir=E:\workspacce\AI\ai_kefu\local_services --console-mode
                                                                jdk.debug = release
                                                                sun.cpu.endian = little
                                                                user.home = C:\Users\14609
                                                                user.language = zh
                                                                file.separator = \
                                                                user.script = 
                                                                sun.management.compiler = HotSpot 64-Bit Tiered Compilers
                                                                user.name = 14609
                                                                stdout.encoding = ms936
                                                                path.separator = ;
                                                                file.encoding = UTF-8
                                                                jnidispatch.path = C:\temp\jna-46855100\jna10465473013892997010.dll
                                                                jna.loaded = true
                                                                user.dir = E:\environment\neo4j-community-5.26.26
                                                                sun.os.patch.level = 
                                                                native.encoding = GBK
                                                                stderr.encoding = ms936
                                                                sun.io.unicode.encoding = UnicodeLittle
                                                                
2026-06-10 09:16:28.583+0000 INFO  [o.n.i.d.DiagnosticsManager] 
                                                                --------------------------------------------------------------------------------
                                                                                      [ (IANA) TimeZone database version ]                      
                                                                --------------------------------------------------------------------------------
                                                                  TimeZone version: 2025a (available for 603 zone identifiers)
                                                                
2026-06-10 09:16:28.583+0000 INFO  [o.n.i.d.DiagnosticsManager] 
                                                                --------------------------------------------------------------------------------
                                                                                            [ Network information ]                             
                                                                --------------------------------------------------------------------------------
                                                                Interface Hyper-V Virtual Switch Extension Adapter-Hyper-V Virtual Switch Extension Filter-0000:
                                                                Interface Hyper-V Virtual Ethernet Adapter-WFP Native MAC Layer LightWeight Filter-0000:
                                                                Interface Hyper-V Virtual Ethernet Adapter-QoS Packet Scheduler-0000:
                                                                Interface Hyper-V Virtual Ethernet Adapter-WFP 802.3 MAC Layer LightWeight Filter-0000:
                                                                Interface WAN Miniport (IP)-WFP Native MAC Layer LightWeight Filter-0000:
                                                                Interface WAN Miniport (IP)-QoS Packet Scheduler-0000:
                                                                Interface WAN Miniport (IPv6)-WFP Native MAC Layer LightWeight Filter-0000:
                                                                Interface WAN Miniport (IPv6)-QoS Packet Scheduler-0000:
                                                                Interface WAN Miniport (Network Monitor)-WFP Native MAC Layer LightWeight Filter-0000:
                                                                Interface Killer E2600 Gigabit Ethernet Controller-WFP Native MAC Layer LightWeight Filter-0000:
                                                                Interface Killer E2600 Gigabit Ethernet Controller-QoS Packet Scheduler-0000:
                                                                Interface Killer E2600 Gigabit Ethernet Controller-WFP 802.3 MAC Layer LightWeight Filter-0000:
                                                                Interface WAN Miniport (Network Monitor)-QoS Packet Scheduler-0000:
                                                                Interface Hyper-V Virtual Switch Extension Adapter #2-Hyper-V Virtual Switch Extension Filter-0000:
                                                                Interface Hyper-V Virtual Switch Extension Adapter #2-Virtual Filtering Platform VMSwitch Extension-0000:
                                                                Interface Microsoft Kernel Debug Network Adapter:
                                                                Interface Killer E2600 Gigabit Ethernet Controller:
                                                                    address: fe80:0:0:0:e80a:e4ff:a399:c282%ethernet_32769
                                                                Interface Bluetooth Device (Personal Area Network):
                                                                    address: fe80:0:0:0:b114:49f1:455c:195b%ethernet_32770
                                                                Interface Hyper-V Virtual Switch Extension Adapter:
                                                                Interface Hyper-V Virtual Ethernet Adapter:
                                                                    address: fe80:0:0:0:30ed:d8f7:7793:5a54%ethernet_32772
                                                                    address: 172.29.176.1
                                                                Interface Hyper-V Virtual Switch Extension Adapter #2:
                                                                Interface VMware Virtual Ethernet Adapter for VMnet1:
                                                                    address: fe80:0:0:0:18b9:ad5:d6dc:de66%ethernet_32774
                                                                    address: 192.168.171.1
                                                                Interface VMware Virtual Ethernet Adapter for VMnet8:
                                                                    address: fe80:0:0:0:e705:ffa9:55f8:2a02%ethernet_32775
                                                                    address: 192.168.137.1
                                                                Interface WAN Miniport (IP):
                                                                Interface WAN Miniport (IPv6):
                                                                Interface WAN Miniport (Network Monitor):
                                                                Interface WAN Miniport (PPPOE):
                                                                Interface Software Loopback Interface 1:
                                                                    address: 0:0:0:0:0:0:0:1
                                                                    address: 127.0.0.1
                                                                Interface CheekyMonkey-TAP:
                                                                Interface Wintun Userspace Tunnel:
                                                                    address: fe80:0:0:0:ff8e:f2e9:f3f7:2e91%iftype53_32769
                                                                Interface Intel(R) Wi-Fi 6 AX201 160MHz-WFP Native MAC Layer LightWeight Filter-0000:
                                                                Interface Intel(R) Wi-Fi 6 AX201 160MHz-Virtual WiFi Filter Driver-0000:
                                                                Interface Intel(R) Wi-Fi 6 AX201 160MHz-Native WiFi Filter Driver-0000:
                                                                Interface Intel(R) Wi-Fi 6 AX201 160MHz-QoS Packet Scheduler-0000:
                                                                Interface Intel(R) Wi-Fi 6 AX201 160MHz-WFP 802.3 MAC Layer LightWeight Filter-0000:
                                                                Interface Microsoft Wi-Fi Direct Virtual Adapter #3-WFP Native MAC Layer LightWeight Filter-0000:
                                                                Interface Microsoft Wi-Fi Direct Virtual Adapter #3-Native WiFi Filter Driver-0000:
                                                                Interface Microsoft Wi-Fi Direct Virtual Adapter #3-QoS Packet Scheduler-0000:
                                                                Interface Microsoft Wi-Fi Direct Virtual Adapter #3-WFP 802.3 MAC Layer LightWeight Filter-0000:
                                                                Interface Microsoft Wi-Fi Direct Virtual Adapter #4-WFP Native MAC Layer LightWeight Filter-0000:
                                                                Interface Microsoft Wi-Fi Direct Virtual Adapter #4-Native WiFi Filter Driver-0000:
                                                                Interface Microsoft Wi-Fi Direct Virtual Adapter #4-QoS Packet Scheduler-0000:
                                                                Interface Microsoft Wi-Fi Direct Virtual Adapter #4-WFP 802.3 MAC Layer LightWeight Filter-0000:
                                                                Interface Intel(R) Wi-Fi 6 AX201 160MHz:
                                                                    address: fe80:0:0:0:8108:76e:bba7:1752%wireless_32768
                                                                    address: 100.70.214.254
                                                                Interface Microsoft Wi-Fi Direct Virtual Adapter:
                                                                Interface Microsoft Wi-Fi Direct Virtual Adapter #2:
                                                                Interface Microsoft Wi-Fi Direct Virtual Adapter #3:
                                                                    address: fe80:0:0:0:60c1:38d1:7709:e7b4%wireless_32771
                                                                Interface Microsoft Wi-Fi Direct Virtual Adapter #4:
                                                                    address: fe80:0:0:0:a77f:466d:be29:8451%wireless_32772
                                                                Interface Microsoft Teredo Tunneling Adapter:
                                                                Interface Microsoft IP-HTTPS Platform Adapter:
                                                                Interface Microsoft 6to4 Adapter:
                                                                Interface WAN Miniport (SSTP):
                                                                Interface WAN Miniport (IKEv2):
                                                                Interface WAN Miniport (L2TP):
                                                                Interface WAN Miniport (PPTP):
                                                                
2026-06-10 09:16:28.583+0000 INFO  [o.n.i.d.DiagnosticsManager] 
                                                                --------------------------------------------------------------------------------
                                                                                         [ Native access information ]                          
                                                                --------------------------------------------------------------------------------
                                                                Native access details: Native access is not available for current platform.
                                                                
2026-06-10 09:16:28.583+0000 INFO  [o.n.i.d.DiagnosticsManager] 
                                                                --------------------------------------------------------------------------------
                                                                                                [ DBMS config ]                                 
                                                                --------------------------------------------------------------------------------
                                                                DBMS provided settings:
                                                                dbms.security.auth_enabled=true
                                                                dbms.usage_report.enabled=false
                                                                initial.dbms.default_database=neo4j
                                                                server.bolt.enabled=true
                                                                server.bolt.listen_address=127.0.0.1:7687
                                                                server.default_advertised_address=localhost
                                                                server.default_listen_address=127.0.0.1
                                                                server.directories.data=E:\workspacce\AI\ai_kefu\.data\neo4j-win\data
                                                                server.directories.import=E:\workspacce\AI\ai_kefu\.data\neo4j-win\import
                                                                server.directories.lib=E:\environment\neo4j-community-5.26.26\lib
                                                                server.directories.logs=E:\workspacce\AI\ai_kefu\.data\logs\neo4j
                                                                server.directories.neo4j_home=E:\environment\neo4j-community-5.26.26
                                                                server.directories.plugins=E:\workspacce\AI\ai_kefu\.data\neo4j-win\plugins
                                                                server.directories.run=E:\workspacce\AI\ai_kefu\.data\run\neo4j
                                                                server.http.enabled=true
                                                                server.http.listen_address=127.0.0.1:7474
                                                                server.https.enabled=false
                                                                server.logs.config=E:\environment\neo4j-community-5.26.26\conf\server-logs.xml
                                                                server.logs.user.config=E:\environment\neo4j-community-5.26.26\conf\user-logs.xml
                                                                server.memory.heap.initial_size=512.00MiB
                                                                server.memory.heap.max_size=512.00MiB
                                                                server.memory.pagecache.size=512.00MiB
                                                                Directories in use:
                                                                server.directories.data=E:\workspacce\AI\ai_kefu\.data\neo4j-win\data
                                                                server.directories.dumps.root=E:\workspacce\AI\ai_kefu\.data\neo4j-win\data\dumps
                                                                server.directories.import=E:\workspacce\AI\ai_kefu\.data\neo4j-win\import
                                                                server.directories.lib=E:\environment\neo4j-community-5.26.26\lib
                                                                server.directories.licenses=E:\environment\neo4j-community-5.26.26\licenses
                                                                server.directories.logs=E:\workspacce\AI\ai_kefu\.data\logs\neo4j
                                                                server.directories.plugins=E:\workspacce\AI\ai_kefu\.data\neo4j-win\plugins
                                                                server.directories.run=E:\workspacce\AI\ai_kefu\.data\run\neo4j
                                                                server.directories.script.root=E:\workspacce\AI\ai_kefu\.data\neo4j-win\data\scripts
                                                                server.directories.transaction.logs.root=E:\workspacce\AI\ai_kefu\.data\neo4j-win\data\transactions
                                                                
2026-06-10 09:16:28.583+0000 INFO  [o.n.i.d.DiagnosticsManager] 
                                                                --------------------------------------------------------------------------------
                                                                                                 [ Packaging ]                                  
                                                                --------------------------------------------------------------------------------
                                                                Edition: Community
                                                                Package Type: tar
                                                                
2026-06-10 09:16:28.651+0000 INFO  [o.n.d.i.DefaultIdentityModule] Found ServerId on disk: ServerId{87a18c1d} (87a18c1d-6ad9-4de0-9534-03ff935dae9f)
2026-06-10 09:16:28.653+0000 INFO  [o.n.d.i.DefaultIdentityModule] This instance is ServerId{87a18c1d} (87a18c1d-6ad9-4de0-9534-03ff935dae9f)
2026-06-10 09:16:30.634+0000 INFO  [o.n.s.CommunityNeoWebServer] ======== Neo4j 5.26.26 ========
2026-06-10 09:16:30.662+0000 INFO  [o.n.d.d.DatabaseLifecycles] Creating 'DatabaseId{00000000[system]}'.
2026-06-10 09:16:31.166+0000 INFO  [o.n.b.BoltServer] Using connector transport NIO
2026-06-10 09:16:31.632+0000 INFO  [o.n.b.BoltServer] Configured external Bolt connector with listener address /127.0.0.1:7687
2026-06-10 09:16:31.635+0000 INFO  [o.n.b.BoltServer] Bolt server loaded
2026-06-10 09:16:31.734+0000 INFO  [o.n.d.d.DatabaseLifecycles] Starting 'DatabaseId{00000000[system]}'.
2026-06-10 09:16:33.204+0000 INFO  [o.n.k.i.t.l.f.c.CheckpointLogFile] [system/00000000] Scanning log file with version 0 for checkpoint entries
2026-06-10 09:16:33.283+0000 INFO  [o.n.k.i.s.f.RecordFormatSelector] [system/00000000] Selected RecordFormat:PageAlignedV5_0[aligned-1.1] record format from store E:\workspacce\AI\ai_kefu\.data\neo4j-win\data\databases\system
2026-06-10 09:16:33.283+0000 INFO  [o.n.k.i.s.f.RecordFormatSelector] [system/00000000] Selected format from the store files: RecordFormat:PageAlignedV5_0[aligned-1.1]
2026-06-10 09:16:33.992+0000 INFO  [o.n.i.d.DiagnosticsManager] [system/00000000] 
                                                                [system/00000000] ********************************************************************************
                                                                [system/00000000]                               [ Database: system ]                              
                                                                [system/00000000] ********************************************************************************
                                                                [system/00000000] --------------------------------------------------------------------------------
                                                                [system/00000000]                                   [ Version ]                                   
                                                                [system/00000000] --------------------------------------------------------------------------------
                                                                [system/00000000] DBMS: community record-aligned-1.1
                                                                [system/00000000] Kernel version: 5.26.26
                                                                [system/00000000] 
                                                                [system/00000000] --------------------------------------------------------------------------------
                                                                [system/00000000]                                 [ Store files ]                                 
                                                                [system/00000000] --------------------------------------------------------------------------------
                                                                [system/00000000] Disk space on partition (Total / Free / Free %): 952245415936 / 161268404224 / 16
                                                                [system/00000000] Storage files stored on file store: NTFS
                                                                [system/00000000] Storage files: (filename : modification date - size)
                                                                [system/00000000]   database_lock: 2026-05-13 09:29:13.050+0000 - 0B
                                                                [system/00000000]   id-buffer.tmp.0: 2026-06-09 06:27:41.209+0000 - 0B
                                                                [system/00000000]   neostore: 2026-05-13 09:29:12.849+0000 - 8.000KiB
                                                                [system/00000000]   neostore.counts.db: 2026-06-10 09:16:33.766+0000 - 48.00KiB
                                                                [system/00000000]   neostore.indexstats.db: 2026-06-10 09:16:33.802+0000 - 48.00KiB
                                                                [system/00000000]   neostore.labeltokenstore.db: 2026-05-13 09:44:13.709+0000 - 8.000KiB
                                                                [system/00000000]   neostore.labeltokenstore.db.id: 2026-06-10 09:16:33.682+0000 - 40.00KiB
                                                                [system/00000000]   neostore.labeltokenstore.db.names: 2026-05-13 09:44:13.708+0000 - 8.000KiB
                                                                [system/00000000]   neostore.labeltokenstore.db.names.id: 2026-06-10 09:16:33.664+0000 - 40.00KiB
                                                                [system/00000000]   neostore.nodestore.db: 2026-05-13 09:44:13.713+0000 - 8.000KiB
                                                                [system/00000000]   neostore.nodestore.db.id: 2026-06-10 09:16:33.465+0000 - 40.00KiB
                                                                [system/00000000]   neostore.nodestore.db.labels: 2026-05-13 09:29:12.798+0000 - 8.000KiB
                                                                [system/00000000]   neostore.nodestore.db.labels.id: 2026-06-10 09:16:33.423+0000 - 40.00KiB
                                                                [system/00000000]   neostore.propertystore.db: 2026-05-13 09:44:13.712+0000 - 8.000KiB
                                                                [system/00000000]   neostore.propertystore.db.arrays: 2026-05-13 09:29:12.817+0000 - 8.000KiB
                                                                [system/00000000]   neostore.propertystore.db.arrays.id: 2026-06-10 09:16:33.545+0000 - 40.00KiB
                                                                [system/00000000]   neostore.propertystore.db.id: 2026-06-10 09:16:33.575+0000 - 40.00KiB
                                                                [system/00000000]   neostore.propertystore.db.index: 2026-05-13 09:44:13.711+0000 - 8.000KiB
                                                                [system/00000000]   neostore.propertystore.db.index.id: 2026-06-10 09:16:33.498+0000 - 40.00KiB
                                                                [system/00000000]   neostore.propertystore.db.index.keys: 2026-05-13 09:44:13.707+0000 - 8.000KiB
                                                                [system/00000000]   neostore.propertystore.db.index.keys.id: 2026-06-10 09:16:33.485+0000 - 40.00KiB
                                                                [system/00000000]   neostore.propertystore.db.strings: 2026-05-13 09:44:13.713+0000 - 8.000KiB
                                                                [system/00000000]   neostore.propertystore.db.strings.id: 2026-06-10 09:16:33.521+0000 - 40.00KiB
                                                                [system/00000000]   neostore.relationshipgroupstore.db: 2026-05-13 09:29:12.840+0000 - 8.000KiB
                                                                [system/00000000]   neostore.relationshipgroupstore.db.id: 2026-06-10 09:16:33.720+0000 - 40.00KiB
                                                                [system/00000000]   neostore.relationshipgroupstore.degrees.db: 2026-06-10 09:16:33.790+0000 - 40.00KiB
                                                                [system/00000000]   neostore.relationshipstore.db: 2026-05-13 09:44:13.714+0000 - 8.000KiB
                                                                [system/00000000]   neostore.relationshipstore.db.id: 2026-06-10 09:16:33.601+0000 - 40.00KiB
                                                                [system/00000000]   neostore.relationshiptypestore.db: 2026-05-13 09:44:13.716+0000 - 8.000KiB
                                                                [system/00000000]   neostore.relationshiptypestore.db.id: 2026-06-10 09:16:33.643+0000 - 40.00KiB
                                                                [system/00000000]   neostore.relationshiptypestore.db.names: 2026-05-13 09:44:13.715+0000 - 8.000KiB
                                                                [system/00000000]   neostore.relationshiptypestore.db.names.id: 2026-06-10 09:16:33.617+0000 - 40.00KiB
                                                                [system/00000000]   neostore.schemastore.db: 2026-05-13 09:44:13.710+0000 - 8.000KiB
                                                                [system/00000000]   neostore.schemastore.db.id: 2026-06-10 09:16:33.702+0000 - 40.00KiB
                                                                [system/00000000]   schema:
                                                                [system/00000000]     index:
                                                                [system/00000000]       range-1.0:
                                                                [system/00000000]         3:
                                                                [system/00000000]           index-3: 2026-06-09 06:27:41.130+0000 - 48.00KiB
                                                                [system/00000000]         - Total: 2026-05-13 09:29:13.692+0000 - 48.00KiB
                                                                [system/00000000]         4:
                                                                [system/00000000]           index-4: 2026-06-09 06:27:41.151+0000 - 48.00KiB
                                                                [system/00000000]         - Total: 2026-05-13 09:29:13.767+0000 - 48.00KiB
                                                                [system/00000000]         7:
                                                                [system/00000000]           index-7: 2026-06-09 06:27:41.166+0000 - 48.00KiB
                                                                [system/00000000]         - Total: 2026-05-13 09:29:13.948+0000 - 48.00KiB
                                                                [system/00000000]         8:
                                                                [system/00000000]           index-8: 2026-06-09 06:27:41.186+0000 - 48.00KiB
                                                                [system/00000000]         - Total: 2026-05-13 09:29:13.977+0000 - 48.00KiB
                                                                [system/00000000]         9:
                                                                [system/00000000]           index-9: 2026-06-09 06:27:41.202+0000 - 48.00KiB
                                                                [system/00000000]         - Total: 2026-05-13 09:29:14.006+0000 - 48.00KiB
                                                                [system/00000000]       - Total: 2026-05-13 09:29:14.005+0000 - 240.0KiB
                                                                [system/00000000]       token-lookup-1.0:
                                                                [system/00000000]         1:
                                                                [system/00000000]           index-1: 2026-06-09 06:27:41.067+0000 - 48.00KiB
                                                                [system/00000000]         - Total: 2026-05-13 09:29:13.488+0000 - 48.00KiB
                                                                [system/00000000]         2:
                                                                [system/00000000]           index-2: 2026-06-09 06:27:41.092+0000 - 48.00KiB
                                                                [system/00000000]         - Total: 2026-05-13 09:29:13.407+0000 - 48.00KiB
                                                                [system/00000000]       - Total: 2026-05-13 09:29:13.487+0000 - 96.00KiB
                                                                [system/00000000]     - Total: 2026-05-13 09:29:13.691+0000 - 336.0KiB
                                                                [system/00000000]   - Total: 2026-05-13 09:29:13.403+0000 - 336.0KiB
                                                                [system/00000000] Storage summary: 
                                                                [system/00000000]   Total size of store: 1.125MiB
                                                                [system/00000000]   Total size of mapped files: 456.0KiB
                                                                [system/00000000] 
                                                                [system/00000000] --------------------------------------------------------------------------------
                                                                [system/00000000]                               [ Transaction log ]                               
                                                                [system/00000000] --------------------------------------------------------------------------------
                                                                [system/00000000] Transaction log files stored on file store: NTFS
                                                                [system/00000000] Transaction log metadata:
                                                                [system/00000000]  - current kernel version used in transactions: V5_25
                                                                [system/00000000]  - last committed transaction id: 41
                                                                [system/00000000] Transaction log files:
                                                                [system/00000000]  - existing transaction log versions: 0-0
                                                                [system/00000000]  - oldest append index 2 found in log with version 0
                                                                [system/00000000]  - files: (filename : creation date - size)
                                                                [system/00000000]      neostore.transaction.db.0: 2026-05-13 09:29:13.075+0000 - 23.46KiB
                                                                [system/00000000]  - total size of files: 23.46KiB
                                                                [system/00000000] Checkpoint log files:
                                                                [system/00000000]  - existing checkpoint log versions: 0-0
                                                                [system/00000000]  - last checkpoint: CheckpointInfo[oldestNotVisibleTransactionLogPosition=LogPosition{logVersion=0, byteOffset=24028}, transactionLogPosition=LogPosition{logVersion=0, byteOffset=24028}, storeId=StoreId{creationTime=1778664552847, random=443747364235947064, storageEngineName='record', formatName='aligned', majorVersion=1, minorVersion=1}, checkpointEntryPosition=LogPosition{logVersion=0, byteOffset=360}, channelPositionAfterCheckpoint=LogPosition{logVersion=0, byteOffset=592}, checkpointFilePostReadPosition=LogPosition{logVersion=0, byteOffset=592}, kernelVersion=KernelVersion{V5_25,version=20}, kernelVersionByte=20, transactionId=TransactionId[id=41, appendIndex=41, kernelVersion=KernelVersion{V5_25,version=20}, checksum=2070859732, commitTimestamp=1778664554062, consensusIndex=-1], appendIndex=41, reason=Checkpoint triggered by "Scheduled checkpoint for every 15 minutes threshol, consensusIndexInCheckpoint=true]
                                                                [system/00000000] 
                                                                [system/00000000] --------------------------------------------------------------------------------
                                                                [system/00000000]                                   [ Id usage ]                                  
                                                                [system/00000000] --------------------------------------------------------------------------------
                                                                [system/00000000] ArrayPropertyStore[neostore.nodestore.db.labels]: used=1 high=0
                                                                [system/00000000] NodeStore[neostore.nodestore.db]: used=7 high=6
                                                                [system/00000000] StringPropertyStore[neostore.propertystore.db.index.keys]: used=47 high=46
                                                                [system/00000000] PropertyIndexStore[neostore.propertystore.db.index]: used=33 high=32
                                                                [system/00000000] StringPropertyStore[neostore.propertystore.db.strings]: used=3 high=2
                                                                [system/00000000] ArrayPropertyStore[neostore.propertystore.db.arrays]: used=1 high=0
                                                                [system/00000000] PropertyStore[neostore.propertystore.db]: used=73 high=72
                                                                [system/00000000] RelationshipStore[neostore.relationshipstore.db]: used=3 high=2
                                                                [system/00000000] StringPropertyStore[neostore.relationshiptypestore.db.names]: used=3 high=2
                                                                [system/00000000] RelationshipTypeStore[neostore.relationshiptypestore.db]: used=2 high=1
                                                                [system/00000000] StringPropertyStore[neostore.labeltokenstore.db.names]: used=6 high=5
                                                                [system/00000000] LabelTokenStore[neostore.labeltokenstore.db]: used=5 high=4
                                                                [system/00000000] SchemaStore[neostore.schemastore.db]: used=13 high=12
                                                                [system/00000000] RelationshipGroupStore[neostore.relationshipgroupstore.db]: used=1 high=0
                                                                [system/00000000] NeoStore[neostore]: used=-1 high=-1
                                                                [system/00000000] 
                                                                [system/00000000] --------------------------------------------------------------------------------
                                                                [system/00000000]                                   [ Metadata ]                                  
                                                                [system/00000000] --------------------------------------------------------------------------------
                                                                [system/00000000] EXTERNAL_STORE_UUID (Database identifier exposed as external store identity. Generated on creation and never updated): 217e3372-6310-4559-be9c-9ae3e02966ee
                                                                [system/00000000] DATABASE_ID (The last used DatabaseId for this database): null
                                                                [system/00000000] LEGACY_STORE_VERSION (Legacy store format version. This field is used from 5.0 onwards only to distinguish non-migrated pre 5.0 metadata stores.): -3523014627327384477
                                                                [system/00000000] STORE_ID (Store ID): StoreId{creationTime=1778664552847, random=443747364235947064, storageEngineName='record', formatName='aligned', majorVersion=1, minorVersion=1}
                                                                [system/00000000] 
2026-06-10 09:16:34.138+0000 INFO  [o.n.k.i.i.s.TokenIndexProvider] [system/00000000] Schema index cleanup job registered: descriptor=Index( id=1, name='index_343aff4e', type='LOOKUP', schema=(:<any-labels>), indexProvider='token-lookup-1.0' ), indexFile=E:\workspacce\AI\ai_kefu\.data\neo4j-win\data\databases\system\schema\index\token-lookup-1.0\1\index-1
2026-06-10 09:16:34.138+0000 INFO  [o.n.k.i.i.s.TokenIndexProvider] [system/00000000] Schema index cleanup job started: descriptor=Index( id=1, name='index_343aff4e', type='LOOKUP', schema=(:<any-labels>), indexProvider='token-lookup-1.0' ), indexFile=E:\workspacce\AI\ai_kefu\.data\neo4j-win\data\databases\system\schema\index\token-lookup-1.0\1\index-1
2026-06-10 09:16:34.150+0000 INFO  [o.n.k.i.i.s.TokenIndexProvider] [system/00000000] Schema index cleanup job finished: descriptor=Index( id=1, name='index_343aff4e', type='LOOKUP', schema=(:<any-labels>), indexProvider='token-lookup-1.0' ), indexFile=E:\workspacce\AI\ai_kefu\.data\neo4j-win\data\databases\system\schema\index\token-lookup-1.0\1\index-1 Number of pages visited: 3, Number of tree nodes: 2, Number of cleaned crashed pointers: 0, Time spent: 1ms
2026-06-10 09:16:34.152+0000 INFO  [o.n.k.i.i.s.TokenIndexProvider] [system/00000000] Schema index cleanup job closed: descriptor=Index( id=1, name='index_343aff4e', type='LOOKUP', schema=(:<any-labels>), indexProvider='token-lookup-1.0' ), indexFile=E:\workspacce\AI\ai_kefu\.data\neo4j-win\data\databases\system\schema\index\token-lookup-1.0\1\index-1
2026-06-10 09:16:34.158+0000 INFO  [o.n.k.i.i.s.TokenIndexProvider] [system/00000000] Schema index cleanup job registered: descriptor=Index( id=2, name='index_f7700477', type='LOOKUP', schema=()-[:<any-types>]-(), indexProvider='token-lookup-1.0' ), indexFile=E:\workspacce\AI\ai_kefu\.data\neo4j-win\data\databases\system\schema\index\token-lookup-1.0\2\index-2
2026-06-10 09:16:34.159+0000 INFO  [o.n.k.i.i.s.TokenIndexProvider] [system/00000000] Schema index cleanup job started: descriptor=Index( id=2, name='index_f7700477', type='LOOKUP', schema=()-[:<any-types>]-(), indexProvider='token-lookup-1.0' ), indexFile=E:\workspacce\AI\ai_kefu\.data\neo4j-win\data\databases\system\schema\index\token-lookup-1.0\2\index-2
2026-06-10 09:16:34.162+0000 INFO  [o.n.k.i.i.s.TokenIndexProvider] [system/00000000] Schema index cleanup job finished: descriptor=Index( id=2, name='index_f7700477', type='LOOKUP', schema=()-[:<any-types>]-(), indexProvider='token-lookup-1.0' ), indexFile=E:\workspacce\AI\ai_kefu\.data\neo4j-win\data\databases\system\schema\index\token-lookup-1.0\2\index-2 Number of pages visited: 3, Number of tree nodes: 2, Number of cleaned crashed pointers: 0, Time spent: 1ms
2026-06-10 09:16:34.162+0000 INFO  [o.n.k.i.i.s.TokenIndexProvider] [system/00000000] Schema index cleanup job closed: descriptor=Index( id=2, name='index_f7700477', type='LOOKUP', schema=()-[:<any-types>]-(), indexProvider='token-lookup-1.0' ), indexFile=E:\workspacce\AI\ai_kefu\.data\neo4j-win\data\databases\system\schema\index\token-lookup-1.0\2\index-2
2026-06-10 09:16:34.209+0000 INFO  [o.n.k.i.i.s.RangeIndexProvider] [system/00000000] Schema index cleanup job registered: descriptor=Index( id=3, name='constraint_798238d6', type='RANGE', schema=(:Label[1] {PropertyKey[11], PropertyKey[12]}), indexProvider='range-1.0', owningConstraint=5 ), indexFile=E:\workspacce\AI\ai_kefu\.data\neo4j-win\data\databases\system\schema\index\range-1.0\3\index-3
2026-06-10 09:16:34.210+0000 INFO  [o.n.k.i.i.s.RangeIndexProvider] [system/00000000] Schema index cleanup job started: descriptor=Index( id=3, name='constraint_798238d6', type='RANGE', schema=(:Label[1] {PropertyKey[11], PropertyKey[12]}), indexProvider='range-1.0', owningConstraint=5 ), indexFile=E:\workspacce\AI\ai_kefu\.data\neo4j-win\data\databases\system\schema\index\range-1.0\3\index-3
2026-06-10 09:16:34.212+0000 INFO  [o.n.k.i.i.s.RangeIndexProvider] [system/00000000] Schema index cleanup job finished: descriptor=Index( id=3, name='constraint_798238d6', type='RANGE', schema=(:Label[1] {PropertyKey[11], PropertyKey[12]}), indexProvider='range-1.0', owningConstraint=5 ), indexFile=E:\workspacce\AI\ai_kefu\.data\neo4j-win\data\databases\system\schema\index\range-1.0\3\index-3 Number of pages visited: 3, Number of tree nodes: 2, Number of cleaned crashed pointers: 0, Time spent: 1ms
2026-06-10 09:16:34.212+0000 INFO  [o.n.k.i.i.s.RangeIndexProvider] [system/00000000] Schema index cleanup job closed: descriptor=Index( id=3, name='constraint_798238d6', type='RANGE', schema=(:Label[1] {PropertyKey[11], PropertyKey[12]}), indexProvider='range-1.0', owningConstraint=5 ), indexFile=E:\workspacce\AI\ai_kefu\.data\neo4j-win\data\databases\system\schema\index\range-1.0\3\index-3
2026-06-10 09:16:34.222+0000 INFO  [o.n.k.i.i.s.RangeIndexProvider] [system/00000000] Schema index cleanup job registered: descriptor=Index( id=4, name='constraint_8014b60a', type='RANGE', schema=(:Label[2] {PropertyKey[11]}), indexProvider='range-1.0', owningConstraint=6 ), indexFile=E:\workspacce\AI\ai_kefu\.data\neo4j-win\data\databases\system\schema\index\range-1.0\4\index-4
2026-06-10 09:16:34.223+0000 INFO  [o.n.k.i.i.s.RangeIndexProvider] [system/00000000] Schema index cleanup job started: descriptor=Index( id=4, name='constraint_8014b60a', type='RANGE', schema=(:Label[2] {PropertyKey[11]}), indexProvider='range-1.0', owningConstraint=6 ), indexFile=E:\workspacce\AI\ai_kefu\.data\neo4j-win\data\databases\system\schema\index\range-1.0\4\index-4
2026-06-10 09:16:34.225+0000 INFO  [o.n.k.i.i.s.RangeIndexProvider] [system/00000000] Schema index cleanup job finished: descriptor=Index( id=4, name='constraint_8014b60a', type='RANGE', schema=(:Label[2] {PropertyKey[11]}), indexProvider='range-1.0', owningConstraint=6 ), indexFile=E:\workspacce\AI\ai_kefu\.data\neo4j-win\data\databases\system\schema\index\range-1.0\4\index-4 Number of pages visited: 3, Number of tree nodes: 2, Number of cleaned crashed pointers: 0, Time spent: 1ms
2026-06-10 09:16:34.225+0000 INFO  [o.n.k.i.i.s.RangeIndexProvider] [system/00000000] Schema index cleanup job closed: descriptor=Index( id=4, name='constraint_8014b60a', type='RANGE', schema=(:Label[2] {PropertyKey[11]}), indexProvider='range-1.0', owningConstraint=6 ), indexFile=E:\workspacce\AI\ai_kefu\.data\neo4j-win\data\databases\system\schema\index\range-1.0\4\index-4
2026-06-10 09:16:34.231+0000 INFO  [o.n.k.i.i.s.RangeIndexProvider] [system/00000000] Schema index cleanup job registered: descriptor=Index( id=7, name='constraint_5789ae3', type='RANGE', schema=(:Label[3] {PropertyKey[11]}), indexProvider='range-1.0', owningConstraint=12 ), indexFile=E:\workspacce\AI\ai_kefu\.data\neo4j-win\data\databases\system\schema\index\range-1.0\7\index-7
2026-06-10 09:16:34.231+0000 INFO  [o.n.k.i.i.s.RangeIndexProvider] [system/00000000] Schema index cleanup job started: descriptor=Index( id=7, name='constraint_5789ae3', type='RANGE', schema=(:Label[3] {PropertyKey[11]}), indexProvider='range-1.0', owningConstraint=12 ), indexFile=E:\workspacce\AI\ai_kefu\.data\neo4j-win\data\databases\system\schema\index\range-1.0\7\index-7
2026-06-10 09:16:34.235+0000 INFO  [o.n.k.i.i.s.RangeIndexProvider] [system/00000000] Schema index cleanup job finished: descriptor=Index( id=7, name='constraint_5789ae3', type='RANGE', schema=(:Label[3] {PropertyKey[11]}), indexProvider='range-1.0', owningConstraint=12 ), indexFile=E:\workspacce\AI\ai_kefu\.data\neo4j-win\data\databases\system\schema\index\range-1.0\7\index-7 Number of pages visited: 3, Number of tree nodes: 2, Number of cleaned crashed pointers: 0, Time spent: 2ms
2026-06-10 09:16:34.235+0000 INFO  [o.n.k.i.i.s.RangeIndexProvider] [system/00000000] Schema index cleanup job closed: descriptor=Index( id=7, name='constraint_5789ae3', type='RANGE', schema=(:Label[3] {PropertyKey[11]}), indexProvider='range-1.0', owningConstraint=12 ), indexFile=E:\workspacce\AI\ai_kefu\.data\neo4j-win\data\databases\system\schema\index\range-1.0\7\index-7
2026-06-10 09:16:34.240+0000 INFO  [o.n.k.i.i.s.RangeIndexProvider] [system/00000000] Schema index cleanup job registered: descriptor=Index( id=8, name='constraint_74fad970', type='RANGE', schema=(:Label[3] {PropertyKey[27]}), indexProvider='range-1.0', owningConstraint=10 ), indexFile=E:\workspacce\AI\ai_kefu\.data\neo4j-win\data\databases\system\schema\index\range-1.0\8\index-8
2026-06-10 09:16:34.240+0000 INFO  [o.n.k.i.i.s.RangeIndexProvider] [system/00000000] Schema index cleanup job started: descriptor=Index( id=8, name='constraint_74fad970', type='RANGE', schema=(:Label[3] {PropertyKey[27]}), indexProvider='range-1.0', owningConstraint=10 ), indexFile=E:\workspacce\AI\ai_kefu\.data\neo4j-win\data\databases\system\schema\index\range-1.0\8\index-8
2026-06-10 09:16:34.242+0000 INFO  [o.n.k.i.i.s.RangeIndexProvider] [system/00000000] Schema index cleanup job finished: descriptor=Index( id=8, name='constraint_74fad970', type='RANGE', schema=(:Label[3] {PropertyKey[27]}), indexProvider='range-1.0', owningConstraint=10 ), indexFile=E:\workspacce\AI\ai_kefu\.data\neo4j-win\data\databases\system\schema\index\range-1.0\8\index-8 Number of pages visited: 3, Number of tree nodes: 2, Number of cleaned crashed pointers: 0, Time spent: 0ms
2026-06-10 09:16:34.242+0000 INFO  [o.n.k.i.i.s.RangeIndexProvider] [system/00000000] Schema index cleanup job closed: descriptor=Index( id=8, name='constraint_74fad970', type='RANGE', schema=(:Label[3] {PropertyKey[27]}), indexProvider='range-1.0', owningConstraint=10 ), indexFile=E:\workspacce\AI\ai_kefu\.data\neo4j-win\data\databases\system\schema\index\range-1.0\8\index-8
2026-06-10 09:16:34.248+0000 INFO  [o.n.k.i.i.s.RangeIndexProvider] [system/00000000] Schema index cleanup job registered: descriptor=Index( id=9, name='auth-constraint', type='RANGE', schema=(:Label[4] {PropertyKey[28], PropertyKey[27]}), indexProvider='range-1.0', owningConstraint=11 ), indexFile=E:\workspacce\AI\ai_kefu\.data\neo4j-win\data\databases\system\schema\index\range-1.0\9\index-9
2026-06-10 09:16:34.248+0000 INFO  [o.n.k.i.i.s.RangeIndexProvider] [system/00000000] Schema index cleanup job started: descriptor=Index( id=9, name='auth-constraint', type='RANGE', schema=(:Label[4] {PropertyKey[28], PropertyKey[27]}), indexProvider='range-1.0', owningConstraint=11 ), indexFile=E:\workspacce\AI\ai_kefu\.data\neo4j-win\data\databases\system\schema\index\range-1.0\9\index-9
2026-06-10 09:16:34.251+0000 INFO  [o.n.k.i.a.i.IndexingService] [system/00000000] IndexingService.init: indexes not specifically mentioned above are ONLINE. Total 7 indexes. Processed in 146ms
2026-06-10 09:16:34.252+0000 INFO  [o.n.k.i.i.s.RangeIndexProvider] [system/00000000] Schema index cleanup job finished: descriptor=Index( id=9, name='auth-constraint', type='RANGE', schema=(:Label[4] {PropertyKey[28], PropertyKey[27]}), indexProvider='range-1.0', owningConstraint=11 ), indexFile=E:\workspacce\AI\ai_kefu\.data\neo4j-win\data\databases\system\schema\index\range-1.0\9\index-9 Number of pages visited: 3, Number of tree nodes: 2, Number of cleaned crashed pointers: 0, Time spent: 1ms
2026-06-10 09:16:34.253+0000 INFO  [o.n.k.i.i.s.RangeIndexProvider] [system/00000000] Schema index cleanup job closed: descriptor=Index( id=9, name='auth-constraint', type='RANGE', schema=(:Label[4] {PropertyKey[28], PropertyKey[27]}), indexProvider='range-1.0', owningConstraint=11 ), indexFile=E:\workspacce\AI\ai_kefu\.data\neo4j-win\data\databases\system\schema\index\range-1.0\9\index-9
2026-06-10 09:16:34.269+0000 INFO  [o.n.k.a.DatabaseAvailabilityGuard] [system/00000000] Requirement `Database unavailable` makes database system unavailable.
2026-06-10 09:16:34.271+0000 INFO  [o.n.k.a.DatabaseAvailabilityGuard] [system/00000000] DatabaseId{00000000[system]} is unavailable.
2026-06-10 09:16:34.294+0000 INFO  [o.n.k.d.Database] [system/00000000] Starting transaction log [E:\workspacce\AI\ai_kefu\.data\neo4j-win\data\transactions\system\neostore.transaction.db.0] at version=0
2026-06-10 09:16:34.304+0000 INFO  [o.n.k.d.Database] [system/00000000] Starting transaction log [E:\workspacce\AI\ai_kefu\.data\neo4j-win\data\transactions\system\checkpoint.0] at version=0
2026-06-10 09:16:34.306+0000 INFO  [o.n.k.i.t.l.f.c.CheckpointLogFile] [system/00000000] Scanning log file with version 0 for checkpoint entries
2026-06-10 09:16:34.314+0000 INFO  [o.n.k.i.a.i.IndexingService] [system/00000000] IndexingService.start: indexes not specifically mentioned above are ONLINE. Total 7 indexes. Processed in 1ms
2026-06-10 09:16:34.332+0000 INFO  [o.n.k.a.DatabaseAvailabilityGuard] [system/00000000] Fulfilling of requirement 'Database unavailable' makes database system available.
2026-06-10 09:16:34.333+0000 INFO  [o.n.k.a.DatabaseAvailabilityGuard] [system/00000000] DatabaseId{00000000[system]} is ready.
2026-06-10 09:16:34.524+0000 INFO  [o.n.s.s.s.UserSecurityGraphComponent] Performing postInitialization step for component 'security-users' with version 5 and status CURRENT
2026-06-10 09:16:34.525+0000 INFO  [o.n.s.s.s.UserSecurityGraphComponent] Updating the initial password in component 'security-users'
2026-06-10 09:16:34.561+0000 INFO  [o.n.d.d.DatabaseLifecycles] Creating 'DatabaseId{0a5c9463[neo4j]}'.
2026-06-10 09:16:34.565+0000 INFO  [o.n.d.d.DatabaseLifecycles] Starting 'DatabaseId{0a5c9463[neo4j]}'.
2026-06-10 09:16:34.608+0000 INFO  [o.n.k.i.t.l.f.c.CheckpointLogFile] [neo4j/0a5c9463] Scanning log file with version 0 for checkpoint entries
2026-06-10 09:16:34.638+0000 INFO  [o.n.k.i.s.f.RecordFormatSelector] [neo4j/0a5c9463] Selected RecordFormat:PageAlignedV5_0[aligned-1.1] record format from store E:\workspacce\AI\ai_kefu\.data\neo4j-win\data\databases\neo4j
2026-06-10 09:16:34.638+0000 INFO  [o.n.k.i.s.f.RecordFormatSelector] [neo4j/0a5c9463] Selected format from the store files: RecordFormat:PageAlignedV5_0[aligned-1.1]
2026-06-10 09:16:34.980+0000 INFO  [o.n.i.d.DiagnosticsManager] [neo4j/0a5c9463] 
                                                                [neo4j/0a5c9463] ********************************************************************************
                                                                [neo4j/0a5c9463]                               [ Database: neo4j ]                               
                                                                [neo4j/0a5c9463] ********************************************************************************
                                                                [neo4j/0a5c9463] --------------------------------------------------------------------------------
                                                                [neo4j/0a5c9463]                                   [ Version ]                                   
                                                                [neo4j/0a5c9463] --------------------------------------------------------------------------------
                                                                [neo4j/0a5c9463] DBMS: community record-aligned-1.1
                                                                [neo4j/0a5c9463] Kernel version: 5.26.26
                                                                [neo4j/0a5c9463] 
                                                                [neo4j/0a5c9463] --------------------------------------------------------------------------------
                                                                [neo4j/0a5c9463]                                 [ Store files ]                                 
                                                                [neo4j/0a5c9463] --------------------------------------------------------------------------------
                                                                [neo4j/0a5c9463] Disk space on partition (Total / Free / Free %): 952245415936 / 161268404224 / 16
                                                                [neo4j/0a5c9463] Storage files stored on file store: NTFS
                                                                [neo4j/0a5c9463] Storage files: (filename : modification date - size)
                                                                [neo4j/0a5c9463]   database_lock: 2026-05-13 09:29:14.134+0000 - 0B
                                                                [neo4j/0a5c9463]   id-buffer.tmp.0: 2026-06-09 06:27:41.893+0000 - 0B
                                                                [neo4j/0a5c9463]   neostore: 2026-05-27 09:04:56.344+0000 - 8.000KiB
                                                                [neo4j/0a5c9463]   neostore.counts.db: 2026-06-10 09:16:34.928+0000 - 40.00KiB
                                                                [neo4j/0a5c9463]   neostore.indexstats.db: 2026-05-27 09:05:25.567+0000 - 0B
                                                                [neo4j/0a5c9463]   neostore.labeltokenstore.db: 2026-05-27 09:04:57.128+0000 - 8.000KiB
                                                                [neo4j/0a5c9463]   neostore.labeltokenstore.db.id: 2026-06-10 09:16:34.879+0000 - 40.00KiB
                                                                [neo4j/0a5c9463]   neostore.labeltokenstore.db.names: 2026-05-27 09:04:57.129+0000 - 8.000KiB
                                                                [neo4j/0a5c9463]   neostore.labeltokenstore.db.names.id: 2026-06-10 09:16:34.849+0000 - 40.00KiB
                                                                [neo4j/0a5c9463]   neostore.nodestore.db: 2026-05-27 09:04:58.934+0000 - 64.00KiB
                                                                [neo4j/0a5c9463]   neostore.nodestore.db.id: 2026-06-10 09:16:34.670+0000 - 40.00KiB
                                                                [neo4j/0a5c9463]   neostore.nodestore.db.labels: 2026-05-27 09:04:56.282+0000 - 8.000KiB
                                                                [neo4j/0a5c9463]   neostore.nodestore.db.labels.id: 2026-06-10 09:16:34.644+0000 - 40.00KiB
                                                                [neo4j/0a5c9463]   neostore.propertystore.db: 2026-05-27 09:04:58.934+0000 - 112.0KiB
                                                                [neo4j/0a5c9463]   neostore.propertystore.db.arrays: 2026-05-27 09:04:56.303+0000 - 8.000KiB
                                                                [neo4j/0a5c9463]   neostore.propertystore.db.arrays.id: 2026-06-10 09:16:34.722+0000 - 40.00KiB
                                                                [neo4j/0a5c9463]   neostore.propertystore.db.id: 2026-06-10 09:16:34.740+0000 - 40.00KiB
                                                                [neo4j/0a5c9463]   neostore.propertystore.db.index: 2026-05-27 09:04:58.934+0000 - 8.000KiB
                                                                [neo4j/0a5c9463]   neostore.propertystore.db.index.id: 2026-06-10 09:16:34.696+0000 - 40.00KiB
                                                                [neo4j/0a5c9463]   neostore.propertystore.db.index.keys: 2026-05-27 09:04:58.934+0000 - 8.000KiB
                                                                [neo4j/0a5c9463]   neostore.propertystore.db.index.keys.id: 2026-06-10 09:16:34.691+0000 - 40.00KiB
                                                                [neo4j/0a5c9463]   neostore.propertystore.db.strings: 2026-05-27 09:04:57.256+0000 - 96.00KiB
                                                                [neo4j/0a5c9463]   neostore.propertystore.db.strings.id: 2026-06-10 09:16:34.713+0000 - 40.00KiB
                                                                [neo4j/0a5c9463]   neostore.relationshipgroupstore.db: 2026-05-27 09:04:56.336+0000 - 8.000KiB
                                                                [neo4j/0a5c9463]   neostore.relationshipgroupstore.db.id: 2026-06-10 09:16:34.918+0000 - 40.00KiB
                                                                [neo4j/0a5c9463]   neostore.relationshipgroupstore.degrees.db: 2026-06-10 09:16:34.934+0000 - 40.00KiB
                                                                [neo4j/0a5c9463]   neostore.relationshipstore.db: 2026-05-27 09:04:58.934+0000 - 72.00KiB
                                                                [neo4j/0a5c9463]   neostore.relationshipstore.db.id: 2026-06-10 09:16:34.765+0000 - 40.00KiB
                                                                [neo4j/0a5c9463]   neostore.relationshiptypestore.db: 2026-05-27 09:04:57.765+0000 - 8.000KiB
                                                                [neo4j/0a5c9463]   neostore.relationshiptypestore.db.id: 2026-06-10 09:16:34.817+0000 - 40.00KiB
                                                                [neo4j/0a5c9463]   neostore.relationshiptypestore.db.names: 2026-05-27 09:04:57.764+0000 - 8.000KiB
                                                                [neo4j/0a5c9463]   neostore.relationshiptypestore.db.names.id: 2026-06-10 09:16:34.789+0000 - 40.00KiB
                                                                [neo4j/0a5c9463]   neostore.schemastore.db: 2026-05-27 09:04:58.934+0000 - 8.000KiB
                                                                [neo4j/0a5c9463]   neostore.schemastore.db.id: 2026-06-10 09:16:34.906+0000 - 40.00KiB
                                                                [neo4j/0a5c9463]   schema:
                                                                [neo4j/0a5c9463]     index:
                                                                [neo4j/0a5c9463]       token-lookup-1.0:
                                                                [neo4j/0a5c9463]         1:
                                                                [neo4j/0a5c9463]           index-1: 2026-06-09 06:27:41.882+0000 - 40.00KiB
                                                                [neo4j/0a5c9463]         - Total: 2026-05-27 09:04:58.763+0000 - 40.00KiB
                                                                [neo4j/0a5c9463]         2:
                                                                [neo4j/0a5c9463]           index-2: 2026-06-09 06:27:41.893+0000 - 40.00KiB
                                                                [neo4j/0a5c9463]         - Total: 2026-05-27 09:04:58.859+0000 - 40.00KiB
                                                                [neo4j/0a5c9463]       - Total: 2026-05-27 09:04:58.859+0000 - 80.00KiB
                                                                [neo4j/0a5c9463]     - Total: 2026-05-27 09:04:58.752+0000 - 80.00KiB
                                                                [neo4j/0a5c9463]   - Total: 2026-05-27 09:04:58.751+0000 - 80.00KiB
                                                                [neo4j/0a5c9463] Storage summary: 
                                                                [neo4j/0a5c9463]   Total size of store: 1.125MiB
                                                                [neo4j/0a5c9463]   Total size of mapped files: 512.0KiB
                                                                [neo4j/0a5c9463] 
                                                                [neo4j/0a5c9463] --------------------------------------------------------------------------------
                                                                [neo4j/0a5c9463]                               [ Transaction log ]                               
                                                                [neo4j/0a5c9463] --------------------------------------------------------------------------------
                                                                [neo4j/0a5c9463] Transaction log files stored on file store: NTFS
                                                                [neo4j/0a5c9463] Transaction log metadata:
                                                                [neo4j/0a5c9463]  - current kernel version used in transactions: V5_25
                                                                [neo4j/0a5c9463]  - last committed transaction id: 2
                                                                [neo4j/0a5c9463] Transaction log files:
                                                                [neo4j/0a5c9463]  - existing transaction log versions: 0-0
                                                                [neo4j/0a5c9463]  - oldest append index 2 found in log with version 0
                                                                [neo4j/0a5c9463]  - files: (filename : creation date - size)
                                                                [neo4j/0a5c9463]      neostore.transaction.db.0: 2026-05-27 09:04:58.467+0000 - 184B
                                                                [neo4j/0a5c9463]  - total size of files: 184B
                                                                [neo4j/0a5c9463] Checkpoint log files:
                                                                [neo4j/0a5c9463]  - existing checkpoint log versions: 0-0
                                                                [neo4j/0a5c9463]  - last checkpoint: CheckpointInfo[oldestNotVisibleTransactionLogPosition=LogPosition{logVersion=0, byteOffset=184}, transactionLogPosition=LogPosition{logVersion=0, byteOffset=184}, storeId=StoreId{creationTime=1779872696342, random=-6912127355772180954, storageEngineName='record', formatName='aligned', majorVersion=1, minorVersion=1}, checkpointEntryPosition=LogPosition{logVersion=0, byteOffset=128}, channelPositionAfterCheckpoint=LogPosition{logVersion=0, byteOffset=360}, checkpointFilePostReadPosition=LogPosition{logVersion=0, byteOffset=360}, kernelVersion=KernelVersion{V5_25,version=20}, kernelVersionByte=20, transactionId=TransactionId[id=2, appendIndex=2, kernelVersion=KernelVersion{V5_25,version=20}, checksum=1265832560, commitTimestamp=0, consensusIndex=-1], appendIndex=2, reason=Batch importer checkpoint., consensusIndexInCheckpoint=true]
                                                                [neo4j/0a5c9463] 
                                                                [neo4j/0a5c9463] --------------------------------------------------------------------------------
                                                                [neo4j/0a5c9463]                                   [ Id usage ]                                  
                                                                [neo4j/0a5c9463] --------------------------------------------------------------------------------
                                                                [neo4j/0a5c9463] ArrayPropertyStore[neostore.nodestore.db.labels]: used=1 high=0
                                                                [neo4j/0a5c9463] NodeStore[neostore.nodestore.db]: used=4368 high=4367
                                                                [neo4j/0a5c9463] StringPropertyStore[neostore.propertystore.db.index.keys]: used=78 high=77
                                                                [neo4j/0a5c9463] PropertyIndexStore[neostore.propertystore.db.index]: used=68 high=67
                                                                [neo4j/0a5c9463] StringPropertyStore[neostore.propertystore.db.strings]: used=769 high=768
                                                                [neo4j/0a5c9463] ArrayPropertyStore[neostore.propertystore.db.arrays]: used=1 high=0
                                                                [neo4j/0a5c9463] PropertyStore[neostore.propertystore.db]: used=2596 high=2595
                                                                [neo4j/0a5c9463] RelationshipStore[neostore.relationshipstore.db]: used=2160 high=2159
                                                                [neo4j/0a5c9463] StringPropertyStore[neostore.relationshiptypestore.db.names]: used=10 high=9
                                                                [neo4j/0a5c9463] RelationshipTypeStore[neostore.relationshiptypestore.db]: used=9 high=8
                                                                [neo4j/0a5c9463] StringPropertyStore[neostore.labeltokenstore.db.names]: used=9 high=8
                                                                [neo4j/0a5c9463] LabelTokenStore[neostore.labeltokenstore.db]: used=8 high=7
                                                                [neo4j/0a5c9463] SchemaStore[neostore.schemastore.db]: used=3 high=2
                                                                [neo4j/0a5c9463] RelationshipGroupStore[neostore.relationshipgroupstore.db]: used=1 high=0
                                                                [neo4j/0a5c9463] NeoStore[neostore]: used=-1 high=-1
                                                                [neo4j/0a5c9463] 
                                                                [neo4j/0a5c9463] --------------------------------------------------------------------------------
                                                                [neo4j/0a5c9463]                                   [ Metadata ]                                  
                                                                [neo4j/0a5c9463] --------------------------------------------------------------------------------
                                                                [neo4j/0a5c9463] EXTERNAL_STORE_UUID (Database identifier exposed as external store identity. Generated on creation and never updated): 7346b50d-acbb-4b35-b845-55b9e9cda1cd
                                                                [neo4j/0a5c9463] DATABASE_ID (The last used DatabaseId for this database): null
                                                                [neo4j/0a5c9463] LEGACY_STORE_VERSION (Legacy store format version. This field is used from 5.0 onwards only to distinguish non-migrated pre 5.0 metadata stores.): -3523014627327384477
                                                                [neo4j/0a5c9463] STORE_ID (Store ID): StoreId{creationTime=1779872696342, random=-6912127355772180954, storageEngineName='record', formatName='aligned', majorVersion=1, minorVersion=1}
                                                                [neo4j/0a5c9463] 
2026-06-10 09:16:34.996+0000 INFO  [o.n.k.i.i.s.TokenIndexProvider] [neo4j/0a5c9463] Schema index cleanup job registered: descriptor=Index( id=1, name='index_343aff4e', type='LOOKUP', schema=(:<any-labels>), indexProvider='token-lookup-1.0' ), indexFile=E:\workspacce\AI\ai_kefu\.data\neo4j-win\data\databases\neo4j\schema\index\token-lookup-1.0\1\index-1
2026-06-10 09:16:34.998+0000 INFO  [o.n.k.i.i.s.TokenIndexProvider] [neo4j/0a5c9463] Schema index cleanup job started: descriptor=Index( id=1, name='index_343aff4e', type='LOOKUP', schema=(:<any-labels>), indexProvider='token-lookup-1.0' ), indexFile=E:\workspacce\AI\ai_kefu\.data\neo4j-win\data\databases\neo4j\schema\index\token-lookup-1.0\1\index-1
2026-06-10 09:16:35.000+0000 INFO  [o.n.k.i.i.s.TokenIndexProvider] [neo4j/0a5c9463] Schema index cleanup job finished: descriptor=Index( id=1, name='index_343aff4e', type='LOOKUP', schema=(:<any-labels>), indexProvider='token-lookup-1.0' ), indexFile=E:\workspacce\AI\ai_kefu\.data\neo4j-win\data\databases\neo4j\schema\index\token-lookup-1.0\1\index-1 Number of pages visited: 2, Number of tree nodes: 1, Number of cleaned crashed pointers: 0, Time spent: 1ms
2026-06-10 09:16:35.000+0000 INFO  [o.n.k.i.i.s.TokenIndexProvider] [neo4j/0a5c9463] Schema index cleanup job closed: descriptor=Index( id=1, name='index_343aff4e', type='LOOKUP', schema=(:<any-labels>), indexProvider='token-lookup-1.0' ), indexFile=E:\workspacce\AI\ai_kefu\.data\neo4j-win\data\databases\neo4j\schema\index\token-lookup-1.0\1\index-1
2026-06-10 09:16:35.003+0000 INFO  [o.n.k.i.i.s.TokenIndexProvider] [neo4j/0a5c9463] Schema index cleanup job registered: descriptor=Index( id=2, name='index_f7700477', type='LOOKUP', schema=()-[:<any-types>]-(), indexProvider='token-lookup-1.0' ), indexFile=E:\workspacce\AI\ai_kefu\.data\neo4j-win\data\databases\neo4j\schema\index\token-lookup-1.0\2\index-2
2026-06-10 09:16:35.005+0000 INFO  [o.n.k.i.i.s.TokenIndexProvider] [neo4j/0a5c9463] Schema index cleanup job started: descriptor=Index( id=2, name='index_f7700477', type='LOOKUP', schema=()-[:<any-types>]-(), indexProvider='token-lookup-1.0' ), indexFile=E:\workspacce\AI\ai_kefu\.data\neo4j-win\data\databases\neo4j\schema\index\token-lookup-1.0\2\index-2
2026-06-10 09:16:35.005+0000 INFO  [o.n.k.i.a.i.IndexingService] [neo4j/0a5c9463] IndexingService.init: indexes not specifically mentioned above are ONLINE. Total 2 indexes. Processed in 14ms
2026-06-10 09:16:35.006+0000 INFO  [o.n.k.i.i.s.TokenIndexProvider] [neo4j/0a5c9463] Schema index cleanup job finished: descriptor=Index( id=2, name='index_f7700477', type='LOOKUP', schema=()-[:<any-types>]-(), indexProvider='token-lookup-1.0' ), indexFile=E:\workspacce\AI\ai_kefu\.data\neo4j-win\data\databases\neo4j\schema\index\token-lookup-1.0\2\index-2 Number of pages visited: 2, Number of tree nodes: 1, Number of cleaned crashed pointers: 0, Time spent: 1ms
2026-06-10 09:16:35.006+0000 INFO  [o.n.k.i.i.s.TokenIndexProvider] [neo4j/0a5c9463] Schema index cleanup job closed: descriptor=Index( id=2, name='index_f7700477', type='LOOKUP', schema=()-[:<any-types>]-(), indexProvider='token-lookup-1.0' ), indexFile=E:\workspacce\AI\ai_kefu\.data\neo4j-win\data\databases\neo4j\schema\index\token-lookup-1.0\2\index-2
2026-06-10 09:16:35.012+0000 INFO  [o.n.k.a.DatabaseAvailabilityGuard] [neo4j/0a5c9463] Requirement `Database unavailable` makes database neo4j unavailable.
2026-06-10 09:16:35.012+0000 INFO  [o.n.k.a.DatabaseAvailabilityGuard] [neo4j/0a5c9463] DatabaseId{0a5c9463[neo4j]} is unavailable.
2026-06-10 09:16:35.015+0000 INFO  [o.n.k.d.Database] [neo4j/0a5c9463] Starting transaction log [E:\workspacce\AI\ai_kefu\.data\neo4j-win\data\transactions\neo4j\neostore.transaction.db.0] at version=0
2026-06-10 09:16:35.020+0000 INFO  [o.n.k.d.Database] [neo4j/0a5c9463] Starting transaction log [E:\workspacce\AI\ai_kefu\.data\neo4j-win\data\transactions\neo4j\checkpoint.0] at version=0
2026-06-10 09:16:35.023+0000 INFO  [o.n.k.i.t.l.f.c.CheckpointLogFile] [neo4j/0a5c9463] Scanning log file with version 0 for checkpoint entries
2026-06-10 09:16:35.031+0000 INFO  [o.n.k.i.a.i.IndexingService] [neo4j/0a5c9463] IndexingService.start: indexes not specifically mentioned above are ONLINE. Total 2 indexes. Processed in 0ms
2026-06-10 09:16:35.035+0000 INFO  [o.n.k.a.DatabaseAvailabilityGuard] [neo4j/0a5c9463] Fulfilling of requirement 'Database unavailable' makes database neo4j available.
2026-06-10 09:16:35.035+0000 INFO  [o.n.k.a.DatabaseAvailabilityGuard] [neo4j/0a5c9463] DatabaseId{0a5c9463[neo4j]} is ready.
2026-06-10 09:16:35.198+0000 INFO  [o.n.b.p.c.c.n.SocketNettyConnector] Bolt enabled on 127.0.0.1:7687.
2026-06-10 09:16:35.205+0000 WARN  [i.n.b.ServerBootstrap] Unknown channel option 'SO_REUSEADDR' for channel '[id: 0xbaebbf69]' of type 'class io.netty.channel.local.LocalServerChannel'
2026-06-10 09:16:35.219+0000 INFO  [o.n.b.BoltServer] Bolt server started
2026-06-10 09:16:35.219+0000 INFO  [o.n.s.A.ServerComponentsLifecycleAdapter] Starting web server
2026-06-10 09:16:38.710+0000 INFO  [o.n.s.CommunityNeoWebServer] HTTP enabled on 127.0.0.1:7474.
2026-06-10 09:16:38.712+0000 INFO  [o.n.s.CommunityNeoWebServer] Remote interface available at http://localhost:7474/
2026-06-10 09:16:38.712+0000 INFO  [o.n.s.A.ServerComponentsLifecycleAdapter] Web server started.
2026-06-10 09:16:38.717+0000 INFO  [o.n.g.f.DatabaseManagementServiceFactory] id: FB3B039A7857AC973A9E3B82A4DF286D16BC87314DB14D9088A1FB069A158A18
2026-06-10 09:16:38.717+0000 INFO  [o.n.g.f.DatabaseManagementServiceFactory] name: system
2026-06-10 09:16:38.718+0000 INFO  [o.n.g.f.DatabaseManagementServiceFactory] creationDate: 2026-05-13T09:29:12.847Z
